customer_id,customer_name,email,country,signup_date,customer_segment,lifetime_value
1,Donald Walker,rhodespatricia@example.org,UA,2023-11-01,Basic,645.52
2,Daniel Wagner,hoffmanjennifer@example.net,ST,2022-07-13,Basic,1447.64
3,Donald Booth,helenpeterson@example.org,GM,2022-07-08,Premium,783.74
4,Brandon Davis,cassandra07@example.net,CM,2025-09-28,Premium,3415.83
5,Juan Calderon,barbara10@example.net,GT,2025-11-02,Basic,526.0
6,Dr. Sharon James,xreid@example.org,MN,2024-08-20,Standard,255.74
7,Mia Sutton,lynchgeorge@example.net,HN,2022-02-17,Premium,1171.33
8,William Bowman,gabriellecameron@example.org,GT,2020-12-24,Basic,3049.89
9,Jennifer Jones,jason76@example.net,PK,2024-12-05,Basic,1074.3
10,Patrick Ryan,zhurst@example.com,GN,2020-11-09,Basic,3536.49
11,Johnny Campos,hernandezernest@example.net,NO,2025-12-25,Standard,1180.16
12,A,tasha01@example.net,SO,2023-07-30,Basic,1463.13
13,Gina Carter,shawnmckay@example.net,IN,2024-07-03,Premium,3818.16
14,Katie Rodriguez,meagan89@example.org,DE,2025-10-30,Invalid,3520.88
15,Troy Nielsen,georgetracy@example.org,ML,2022-03-30,Standard,1461.57
16,Elizabeth Brown,millertodd@example.org,PS,2025-04-09,Premium,4790.34
17,Matthew Arroyo,josephbrennan@example.com,GH,2023-03-13,Standard,600.83
18,Melissa Marquez,pcarney@example.com,OM,2025-07-28,Standard,573.91
19,David Brown,chapmanjerry@example.org,AF,2025-05-25,Standard,3058.26
20,Crystal Whitehead,chad34@example.net,RU,2020-06-04,Premium,3675.69
21,Timothy Duncan,esanchez@example.com,ET,2021-04-14,Basic,711.65
22,Heather Jenkins,nuneztracey@example.org,BH,2020-07-25,Standard,486.12
23,Scott Wright,amandataylor@example.org,IT,2022-06-01,Standard,4164.08
24,Angela Morton,williamsyvette@example.org,BW,2022-10-10,Basic,4438.71
25,Carol Tucker,michellebarrera@example.org,MU,2025-07-22,Standard,2929.03
26,Timothy Glover,rodney87@example.org,ET,2020-01-05,Basic,440.82
27,Lauren Daniels,brian97@example.net,SM,2021-10-12,Basic,1216.7
28,Angela Lopez,leonardjoe@example.org,TN,2020-12-10,Standard,4927.59
29,Lisa Barnes,sarah35@example.org,IN,2021-06-23,Premium,4345.77
30,Elizabeth Stewart,smithchristine@example.net,BZ,2022-05-17,Standard,1462.07
31,Derek Mahoney,suarezmike@example.org,OM,2020-06-09,Basic,4187.14
32,Lisa Archer,contrerasangela@example.net,CA,2024-12-31,Premium,1913.89
33,Brian Rodriguez,josephjacobs@example.net,LV,2025-08-19,Premium,3383.86
34,Deborah Freeman,davisrodney@example.com,BD,2021-03-22,Basic,4689.61
35,Mandy Green,barnold@example.net,AG,2020-01-08,Basic,449.87
36,Melissa Hernandez,davenportbrandi@example.org,NR,2020-09-02,Basic,938.58
37,Steven Flynn,nolanjason@example.org,TL,2020-10-06,Basic,1299.57
38,Stacey Russell,sarayoung@example.org,EE,2020-08-13,Standard,1959.33
39,Norman Cook,vpham@example.org,IQ,2025-04-15,Basic,3471.99
40,Janet Williams,dwalker@example.com,KP,2020-12-14,Premium,3454.61
41,Courtney Keller,emurphy@example.com,MG,2024-12-02,Premium,1222.34
42,William Herrera,wilsontara@example.org,TT,2023-11-06,Premium,4044.72
43,Brian Hamilton,samuel81@example.com,TR,2025-10-09,Standard,1411.93
44,Jeffrey Meyer,michaeljones@example.net,LS,2021-02-20,Premium,4574.37
45,Belinda Mccullough,elizabeth56@example.net,KE,2023-09-27,Basic,4394.2
46,Maurice Gray,christinaturner@example.net,AD,2023-04-29,Standard,1141.87
47,Richard Lawson,steven73@example.net,PY,2021-10-27,Standard,2038.6
48,Nancy Hopkins,zachary95@example.org,GB,2024-10-05,Basic,2348.37
49,Robert Hernandez,sanchezthomas@example.org,PH,2021-05-29,Standard,784.19
50,Cheyenne Horton,jross@example.net,FM,2022-06-27,Basic,2850.7
51,Patricia Rodriguez,zrobinson@example.net,SI,2020-01-13,Standard,3760.37
52,Sylvia Martinez,lauriecontreras@example.net,UG,2022-10-14,Standard,4499.33
53,Jessica Briggs,jrivas@example.com,DJ,2021-11-26,Standard,1873.78
54,David Wright,katie87@example.net,GY,2024-06-17,Premium,2596.68
55,Dustin Nelson,patricia12@example.org,HT,2021-08-24,Premium,3803.33
56,Daniel Perry,amy60@example.org,NL,2022-04-19,Premium,848.92
57,Theresa Smith,wwoods@example.com,GB,2022-05-03,Premium,3981.19
58,Sara Medina,tracynelson@example.com,AT,2022-05-04,Standard,3022.4
59,Rebecca Ramsey,ncalhoun@example.net,AR,2022-05-01,Standard,1969.93
60,Mary Miller,dtaylor@example.org,BE,2025-06-10,Standard,2692.66
61,Jesse Rogers,aramirez@example.com,BR,2021-07-24,Basic,4317.82
62,Amy Crane,debraharrington@example.net,BB,2022-10-27,Premium,3433.39
63,Christina Smith,johnwells@example.org,TM,2024-07-10,Premium,3440.38
64,David Wood,stricklandfrank@example.com,CD,2025-09-07,Basic,3779.3
65,Laura Odonnell,tsanders@example.org,BO,2023-06-21,Basic,1766.86
66,Dana Terry,melissa91@example.net,BB,2023-07-21,Standard,2230.35
67,Jacob Hunter,alexander67@example.org,NR,2022-01-30,Standard,115.9
68,Sandra Zimmerman,hthompson@example.net,IR,2025-10-06,Basic,4391.68
69,Patricia Marshall,marcus31@example.com,PG,2023-09-11,Standard,4862.25
70,Leonard Gray,snydermark@example.com,GH,2021-06-18,Premium,2587.64
71,Douglas Carlson,angela83@example.org,GY,2022-02-16,Premium,4365.54
72,Peter Vaughn DDS,bwest@example.org,KE,2024-04-26,Standard,4224.18
73,Elizabeth Perkins,wtran@example.com,CH,2021-04-30,Basic,3083.95
74,Jesse Parker,davidlee@example.org,CH,2023-04-20,Premium,1932.18
75,Cathy Robinson,lhill@example.net,UG,2023-03-20,Premium,2742.96
76,Cory Perez,kevinerickson@example.org,IS,2021-09-12,Basic,4600.62
77,Edgar Raymond,agarcia@example.net,JM,2020-04-09,Basic,1688.36
78,Cody Williams,ewilson@example.com,RW,2022-10-25,Premium,648.15
79,Amy Hernandez,christopher31@example.net,NI,2020-06-11,Standard,4405.74
80,Courtney Mills,tkerr@example.net,NP,2023-08-21,Standard,1273.32
81,Lisa Singh,colleenbaker@example.org,DJ,2021-10-31,Premium,4402.25
82,Brooke Ortiz,ocarter@example.com,MA,2021-06-09,Premium,519.7
83,Andrea Hall,kristin93@example.com,CI,2021-09-11,Standard,4098.51
84,Susan Serrano,brownlaura@example.net,AE,2023-04-08,Basic,3852.59
85,Jessica Harrison,holly48@example.net,SA,2024-12-10,Premium,3332.78
86,Stacy Navarro,anthony39@example.net,AO,2022-08-17,Basic,909.12
87,Debra Williams,thomaspearson@example.com,EG,2025-12-30,Basic,4374.92
88,Robert Costa,vbailey@example.com,SV,2025-12-24,Standard,4825.38
89,Jason Simpson,jcervantes@example.org,PH,2020-08-17,Basic,3800.8
90,Brian Barton,sandovalamy@example.com,BF,2020-07-11,Basic,1085.64
91,Peter Garrett,harrisandrea@example.com,OM,2021-02-14,Standard,2055.06
92,Mr. Mark Lloyd,lancesmith@example.com,BW,2025-04-13,Basic,3284.4
93,Ashley Valentine,tyronemoran@example.net,MA,2021-05-07,Standard,4508.11
94,Veronica Sanchez,patrickweeks@example.net,AE,2021-08-22,Standard,692.92
95,Desiree Tyler,ymorgan@example.net,IQ,2025-04-10,Premium,413.73
96,Edwin Matthews,cgrimes@example.net,RO,2024-12-02,Premium,2982.71
97,Kimberly Gibson,molly39@example.com,HT,2022-01-26,Premium,2983.36
98,Evan Kennedy,qhughes@example.net,CZ,2025-02-18,Premium,447.87
99,Jonathan Lawrence,sawyerscott@example.net,PH,2022-12-21,Basic,388.48
100,Seth Booker,harrisontanya@example.com,VU,2020-02-03,Premium,4536.56
101,Sarah Phelps,ofinley@example.net,PS,2024-02-26,Standard,447.2
102,Lisa Young,wendy16@example.org,PS,2022-12-05,Premium,1464.54
103,Jill Benson,williamslaura@example.com,MK,2023-10-20,Standard,1149.76
104,Joseph Knight,georgemiller@example.com,VN,2022-04-01,Premium,3644.43
105,Mr. David Little MD,nolansteven@example.com,GD,2024-02-05,Basic,2923.44
106,Tony Huerta,danielle64@example.com,KI,2023-04-12,Premium,3944.64
107,John Young,bailey40@example.net,MY,2021-03-12,Standard,1033.01
108,Melissa Garner,lozanojulie@example.com,GT,2021-08-24,Premium,3329.02
109,Mark Oliver,courtneyberger@example.net,BB,2023-08-23,Standard,2175.54
110,Kevin Oconnor,browningmark@example.com,EC,2021-11-07,Standard,4332.8
111,Sherri Diaz,maria47@example.com,AE,2021-03-15,Premium,3399.49
112,Julie Jones,michelleramsey@example.com,TH,2025-03-22,Basic,582.25
113,Alexis Herrera,vrichardson@example.net,IN,2022-03-12,Standard,3668.25
114,Teresa Rodriguez,thomasharvey@example.net,LR,2023-07-04,Premium,1318.42
115,Arthur Colon,debra12@example.org,AZ,2025-06-28,Premium,2727.8
116,Brent Clay Jr.,vwatson@example.net,SR,2021-10-28,Premium,2167.22
117,Brittany Perry,basschristina@example.com,AU,2022-07-07,Standard,2366.88
118,Jeremy Young,cory58@example.net,MK,2024-02-21,Premium,2271.34
119,Walter Rush,ndavis@example.net,DZ,2020-05-12,Basic,579.75
120,Richard Sanchez,kristinharris@example.net,GE,2023-08-01,Basic,4996.48
121,Crystal Schroeder,ramireztracey@example.org,SR,2023-07-08,Premium,4848.08
122,Matthew Johnson,howardkristina@example.net,LI,2021-07-03,Premium,914.92
123,Cameron Fisher,reesethomas@example.com,SG,2020-02-04,Standard,2458.66
124,Daniel Gilbert,stephen00@example.com,MZ,2023-07-24,Standard,4521.97
125,Micheal Wallace,morriseddie@example.org,IS,2022-07-22,Premium,1956.97
126,Michelle James,shawn96@example.org,ME,2023-09-29,Standard,1399.49
127,Sherry Arnold,russellbeasley@example.com,LU,2020-09-07,Standard,1497.72
128,Nicholas Edwards,elizabeth52@example.net,PY,2024-12-17,Basic,4790.86
129,Anna Davis,lisa80@example.net,TJ,2020-05-27,Basic,3343.17
130,Jennifer Russo,uparrish@example.org,JO,2023-05-15,Standard,858.5
131,Kenneth Lewis,,TH,2023-08-08,Standard,1166.73
132,Laura Aguirre,lynchdiane@example.net,IQ,2022-03-16,Premium,2937.98
133,Phillip Dorsey,adam29@example.net,MZ,2020-03-04,Basic,398.69
134,Valerie Davis,nicholaschavez@example.org,MN,2020-06-01,Standard,380.11
135,Todd Carlson,moorekaren@example.org,GQ,2021-11-13,Basic,2436.26
136,Jeff Lawson,wnelson@example.net,CI,2020-06-27,Basic,871.42
137,Michael Watkins,brandon69@example.org,AF,2022-01-26,Basic,492.55
138,Pamela Duran,mark07@example.net,NR,2021-03-23,Premium,435.75
139,Michael Mason,charles06@example.org,PK,2021-01-19,Premium,3408.54
140,Laura Berry,zroberts@example.org,LR,2025-07-11,Premium,2078.5
141,Julia Norris,christopher13@example.com,TZ,2021-01-11,Basic,1306.46
142,Seth Reese,masonjackson@example.net,ZW,2022-05-27,Basic,294.73
143,Susan Bailey,joelthomas@example.org,EC,2020-09-06,Premium,2154.2
144,Mary Thompson,kmarshall@example.net,PE,2023-08-12,Basic,2869.61
145,Maria Downs,michelle52@example.com,BJ,2024-02-01,Standard,4680.06
146,Rebecca Vargas,william47@example.com,AZ,2026-09-25,Premium,3381.66
147,Angela Lin,gilbertwilliam@example.com,TT,2020-05-04,Standard,1269.56
148,Stephanie Cole,marcalvarez@example.org,BH,2023-04-29,Standard,741.3
149,Sara Haas,wagnergerald@example.org,KN,2022-09-14,Basic,1569.99
150,Joseph Moore,samantha66@example.com,GD,2022-08-17,Standard,4652.19
151,Maria Jones,grantpaul@example.com,RS,2023-08-02,Premium,145.65
152,Lindsey Hernandez,aguilardonald@example.com,KR,2025-02-08,Basic,4992.43
153,Jenna Larson,collinsnicholas@example.com,CN,2025-10-21,Premium,458.98
154,Nancy Jennings,lucasrodney@example.com,AM,2024-01-08,Premium,2578.84
155,Daniel Meza,ilee@example.org,BO,2022-03-05,Premium,4672.97
156,Katie Fernandez,stanleynancy@example.net,CO,2021-10-10,Premium,4408.42
157,Christopher Schwartz,jenniferwilliams@example.com,GD,2023-08-01,Standard,1496.44
158,Lisa Goodwin,pyoung@example.com,PW,2024-04-25,Standard,4185.35
159,Michael Hudson,smurray@example.com,SC,2025-06-03,Basic,1582.33
160,Ruth Solis,moniquewilliams@example.com,MR,2023-03-01,Basic,2691.81
161,Ryan Rosales,christopher24@example.com,SG,2023-04-29,Basic,4103.81
162,Travis Walker,bwilkerson@example.com,BF,2020-11-18,Standard,4665.6
163,James Miller,anthonygalvan@example.net,CF,2022-05-18,Premium,4700.76
164,Andrew Lowery,ihorton@example.net,PW,2022-01-04,Premium,1395.88
165,Bobby Scott,anaacosta@example.net,NO,2022-09-09,Premium,3737.84
166,Eric Williams,nfowler@example.com,BI,2020-08-31,Premium,1434.51
167,Linda Smith,jennifercarter@example.org,VE,2020-08-30,Basic,1132.09
168,Chelsea Barnett,carlos88@example.net,SD,2022-02-12,Standard,1097.63
169,John Reid,jon05@example.org,LY,2023-04-29,Basic,4279.27
170,Ashley Perkins,dennis58@example.com,BA,2021-06-12,Basic,2493.81
171,Julie Dominguez,lisabrown@example.com,AZ,2021-01-18,Premium,552.26
172,Curtis Williams,zachary87@example.com,AZ,2021-10-04,Standard,4163.81
173,Howard Norman,joshua56@example.com,CH,2024-07-08,Premium,117.37
174,Gina Lopez,zrichardson@example.net,IQ,2022-08-21,Premium,3221.86
175,Angela Morrison,amymorris@example.org,LR,2024-10-21,Standard,891.75
176,Lance Simmons,cbell@example.net,MH,2023-12-19,Standard,2803.23
177,Mark Moody,jonesdana@example.com,SG,2023-09-09,Standard,2848.44
178,Tiffany Thomas,ejohnson@example.org,KH,2024-10-21,Premium,468.69
179,Keith Jacobs,xrush@example.com,BO,2022-03-13,Basic,4529.25
180,Jennifer Banks,susanjohnson@example.org,SB,2023-06-11,Basic,276.54
181,Autumn Hampton,nlewis@example.com,MD,2023-02-08,Standard,2954.3
182,Bryan Farrell MD,zosborn@example.net,LB,2025-07-01,Premium,2205.95
183,Krista Roberts,melissa25@example.net,GR,2024-01-03,Premium,1610.47
184,Charles Tyler,wardashley@example.com,TG,2020-09-22,Premium,4504.73
185,Ana Sanders,xfox@example.com,TR,2020-10-11,Premium,3442.13
186,Maria Cole,david89@example.org,CO,2020-06-10,Basic,603.69
187,Amy Martinez,kevinmartin@example.net,GR,2022-08-05,Basic,4432.26
188,Stephanie Singleton,james84@example.org,YE,2022-01-28,Standard,4871.8
189,Kathryn Jackson,georgeweber@example.net,LU,2021-10-25,Basic,857.31
190,Samantha Johnson,frykelli@example.com,CF,2025-01-19,Premium,4336.57
191,Lisa Johnson,dawn47@example.org,LA,2021-04-06,Premium,4418.94
192,Michael Moore,nwashington@example.com,UZ,2022-06-08,Premium,978.87
193,Emma Travis,theresa25@example.net,TJ,2020-11-10,Standard,3933.69
194,Bryan Cole,colinroberts@example.com,VE,2020-08-20,Standard,4030.95
195,Stephanie Li,james27@example.net,PT,2022-07-05,Basic,4072.67
196,Alexander Landry,nlevy@example.net,MH,2022-12-28,Standard,880.07
197,Kyle Cameron,amitchell@example.org,NR,2020-04-16,Basic,629.67
198,Jacob Powell,moralesashley@example.org,ML,2020-10-20,Premium,4307.11
199,Jonathan Duran,marcia99@example.org,CN,2023-04-27,Premium,1077.91
200,Robert Morgan,kari39@example.net,MZ,2025-11-06,Standard,1813.33
201,Chad Cook,jstone@example.net,SG,2022-12-31,Premium,1192.33
202,Emily Long,brittney88@example.net,RW,2020-11-02,Basic,1046.34
203,Robert Richardson,whitneybrandy@example.net,FM,2024-04-01,Standard,1465.15
204,Deborah Rios,jennifersilva@example.org,SL,2023-10-10,Premium,4837.76
205,Sarah Hernandez,anthonyvaughan@example.org,ET,2023-10-10,Standard,1820.62
206,Christian Vaughn,nshaw@example.com,LK,2020-02-11,Basic,2058.42
207,Kelly Hoffman,ufox@example.org,PK,2024-05-12,Basic,1722.63
208,Hector Ingram,chelsea33@example.com,TH,2025-06-21,Premium,665.17
209,Vickie Wise,hannahburns@example.com,MG,2021-10-16,Standard,974.98
210,Mikayla Roberts,zhuang@example.com,CY,2023-05-13,Standard,287.46
211,Miguel Reed,vdouglas@example.com,GH,2021-09-28,Basic,2229.36
212,Taylor Horton,danielyang@example.org,HN,2021-03-18,Basic,3953.5
213,Courtney Hall,gutierrezjennifer@example.org,KZ,2020-04-21,Standard,3070.42
214,Joshua Hickman,edelgado@example.com,CF,2024-08-15,Basic,666.66
215,Erica Brewer,pearsonjesse@example.net,RS,2021-03-13,Basic,1031.39
216,Thomas Butler,sarahjohnson@example.com,SA,2025-02-06,Premium,3573.05
217,Shelia Roberts,smithashley@example.org,LT,2021-02-12,Premium,2647.61
218,Kimberly Snyder DVM,znelson@example.org,LS,2021-09-15,Basic,3465.6
219,David Lopez,krystal93@example.org,VA,2020-12-22,Basic,3711.48
220,Samantha Robertson,moralescody@example.org,QA,2025-02-18,Premium,1884.69
221,Dean Young,stephanie49@example.net,TO,2021-12-10,Premium,4749.48
222,Melissa Brown,marshallerik@example.net,SC,2020-01-26,Standard,3153.46
223,Patricia Vaughn,michael33@example.org,QA,2025-07-15,Basic,4255.27
224,Lisa Perry,ztodd@example.net,GM,2020-12-01,Basic,4510.23
225,Linda Cobb,xrice@example.org,TM,2024-07-27,Basic,1615.49
226,Stephanie Harris,franklinbond@example.com,CI,2020-09-02,Standard,1698.3
227,Katherine Nolan,dstokes@example.org,SG,2024-01-30,Basic,1548.71
228,Kristin Chambers,jennifer64@example.org,CH,2022-06-29,Premium,1040.02
229,Jeff Graves,michaelcesar@example.com,AU,2021-04-22,Basic,4707.78
230,Chad May,ybrooks@example.com,MT,2021-09-21,Basic,3765.86
231,Mary Ryan,david86@example.net,CN,2022-04-03,Premium,3116.02
232,Aaron Johnson,steven86@example.net,MU,2024-05-13,Standard,2089.77
233,Gregory Hill,johnsondonna@example.net,AM,2024-12-08,Premium,1588.99
234,Kirk Griffin,sanchezbradley@example.com,HT,2021-06-11,Premium,2206.45
235,Patty Taylor,jim95@example.net,US,2023-03-28,Basic,3072.64
236,Cynthia Walter,roberthill@example.net,UA,2024-08-19,Standard,2378.44
237,Lori Simmons,wwilliams@example.net,SV,2025-04-11,Standard,3410.57
238,Melissa Russell,nicholas87@example.org,GR,2022-04-15,Basic,2418.61
239,Renee Melendez,jfaulkner@example.net,CR,2021-10-20,Basic,931.49
240,Gary Miller,fboone@example.net,RS,2022-05-01,Premium,1490.55
241,James Jacobs,russojacob@example.net,RS,2024-12-22,Basic,3201.41
242,Daniel Meadows,susan03@example.org,SZ,2024-01-11,Standard,557.6
243,Mrs. Dana Munoz MD,andrearowe@example.com,PT,2020-09-14,Premium,3396.7
244,Dennis Hunt,zowens@example.net,PW,2023-03-15,Premium,4052.16
245,Dale Edwards,hartjeffrey@example.org,AM,2024-07-26,Premium,219.68
246,Lauren Butler,jameshall@example.net,HN,2021-07-25,Premium,4921.29
247,Melinda Scott,plevy@example.net,RW,2022-12-29,Basic,4263.71
248,Heather Taylor,iwhite@example.net,BH,2022-10-06,Premium,2331.54
249,Angela Meyers,duranrobert@example.net,HT,2023-02-21,Basic,2920.79
250,Daniel Bryant,williamsonelizabeth@example.net,RO,2020-05-28,Basic,3512.14
251,Joseph Jenkins,morenojoshua@example.com,AM,2023-12-15,Standard,2058.3
252,Jessica Case,danieldavis@example.org,GY,2023-01-05,Premium,3314.68
253,Robin Adams,zmiller@example.com,TM,2021-02-24,Premium,4474.03
254,Elizabeth Clayton,valdezmichele@example.org,BW,2021-06-16,Premium,3914.26
255,John Walsh,christopherbruce@example.net,LS,2022-06-06,Premium,961.84
256,Anna Rice,hallrachel@example.net,TN,2023-05-24,Basic,2637.99
257,Benjamin Frost,whitemelissa@example.org,GE,2022-11-07,Premium,2831.29
258,Michelle Sanders,evansanne@example.net,MW,2023-07-10,Premium,2336.66
259,Janet Singh,masonterri@example.org,BZ,2024-01-23,Standard,3371.13
260,Gina Mack,unovak@example.org,ZW,2022-08-15,Basic,3017.72
261,Katherine Kelly DVM,llopez@example.net,MU,2021-08-21,Standard,3102.0
262,Rebecca Marquez,adamsnorman@example.net,DE,2020-07-06,Basic,4470.9
263,Brian Smith,sean41@example.org,BT,2024-06-08,Standard,4169.79
264,Justin Russell,davisangela@example.net,US,2021-02-14,Basic,2284.98
265,Alexandria Gutierrez,hardyanita@example.org,TO,2024-09-14,Premium,3743.91
266,Caroline Adams,trevor12@example.com,IS,2023-02-15,Standard,2305.34
267,Mr. David Wright,mwheeler@example.com,CD,2022-07-11,Premium,4215.33
268,James Skinner,vbrock@example.com,LT,2020-10-23,Standard,3852.49
269,Marilyn Wheeler,malik37@example.com,EE,2022-08-01,Basic,2474.53
270,Doris Neal,yfaulkner@example.org,LR,2025-10-14,Premium,1445.53
271,Jenna Wilson,brittanygardner@example.net,SY,2022-04-03,Premium,3596.37
272,Terri Clark,marie16@example.net,SB,2020-02-28,Premium,1431.4
273,David Moore,emccormick@example.com,US,2020-10-31,Standard,4475.83
274,Jonathon Knapp,ystephens@example.com,ME,2022-11-16,Premium,778.03
275,Margaret Miller,dianekelly@example.net,VA,2025-05-16,Premium,1976.87
276,Miss Jennifer Goodwin,grodriguez@example.com,GN,2020-04-07,Premium,3561.45
277,Lauren Johnston,dbrooks@example.net,TZ,2023-01-23,Premium,2132.85
278,Zachary Webb,robert11@example.net,CV,2024-02-21,Standard,2758.79
279,Richard Boyd,thomas77@example.com,BJ,2022-02-02,Standard,405.1
280,Ashley Sweeney,byrdfrank@example.net,HN,2021-10-19,Standard,2008.44
281,Erin Simmons,zhall@example.net,ER,2023-02-04,Basic,4735.7
282,Jennifer Mclaughlin,shannonjordan@example.org,MA,2021-02-12,Premium,4297.99
283,Michael Flynn,lloydamanda@example.com,LR,2021-04-15,Basic,1963.87
284,Michael Burns,candice96@example.net,CI,2021-03-07,Premium,4719.43
285,Lisa Cervantes,samantha91@example.net,CR,2022-02-01,Standard,3792.03
286,Bruce Brooks,williambarnes@example.org,TR,2021-11-17,Standard,2737.28
287,Mark Steele,angelaburns@example.org,ER,2022-04-20,Basic,2776.05
288,Anthony Howard,washingtonjames@example.com,TJ,2021-11-20,Basic,4499.28
289,Michael Perry PhD,kjackson@example.org,PS,2023-01-12,Standard,1175.17
290,Danny Roberts,xcunningham@example.com,SY,2021-04-28,Standard,2479.65
291,Debra Daniels,amber07@example.net,GM,2023-01-24,Standard,1747.03
292,Ronald Potter,nancy07@example.com,MG,2025-12-08,Basic,4010.9
293,Sean Wilson,jasonrojas@example.net,MG,2025-03-04,Basic,908.72
294,Jessica Jensen,lisatrujillo@example.net,MG,2025-03-01,Standard,4605.75
295,Caroline Werner,keith48@example.net,BY,2023-03-12,Basic,2717.21
296,Jennifer Brown,michelle22@example.org,CY,2020-10-24,Standard,3000.27
297,Pam Lowe,othomas@example.com,YE,2024-04-07,Basic,232.8
298,Mark Beard,powellkara@example.net,MN,2022-06-26,Basic,2200.2
299,Kevin Melton PhD,simonstephen@example.net,MC,2022-09-23,Standard,990.47
300,Joseph Robinson,fsummers@example.com,LI,2022-02-23,Standard,1957.61
301,Kenneth Knight,rkramer@example.org,BD,2024-12-19,Premium,2328.03
302,Julia Martinez,scottsmith@example.com,FR,2020-08-06,Standard,3830.03
303,Sonia Turner,clarence54@example.org,MR,2025-12-21,Standard,1463.46
304,Amber Garrett,rubendavis@example.org,AD,2026-09-25,Standard,1336.13
305,Kevin Stone,ssmith@example.com,CL,2021-04-12,Premium,2404.5
306,Carlos Jones,zdavis@example.org,CA,2025-12-05,Basic,2743.15
307,Breanna Ayala,darlenebyrd@example.org,SM,2021-11-17,Standard,1198.69
308,Carly Bell,courtneyhernandez@example.com,VE,2023-05-19,Premium,3928.04
309,Angelica Garcia,lawrencepatrick@example.com,KW,2024-02-13,Basic,297.26
310,Matthew Wright,kimberly04@example.org,SI,2024-09-29,Premium,4753.1
311,James Lucas,troyrodriguez@example.com,DZ,2023-08-22,Premium,4212.22
312,Vanessa Hatfield,david96@example.com,ST,2023-07-25,Basic,846.67
313,Tiffany Townsend,matthewsalexander@example.org,BB,2024-02-05,Premium,2420.45
314,Jennifer Mitchell,zhenderson@example.org,DZ,2025-07-14,Premium,2863.45
315,Diamond Collins,terrimoore@example.com,MX,2023-03-21,Premium,2378.67
316,Marie Day,holly30@example.org,BT,2023-07-08,Standard,3857.8
317,Logan Brown,davidzimmerman@example.net,AG,2025-07-18,Premium,3068.87
318,Kelly Logan,gary24@example.net,CL,2020-12-24,Basic,3619.95
319,Robert Nelson,bakertheresa@example.net,BO,2024-08-17,Premium,4827.13
320,Amy Villarreal,michaelscott@example.org,TO,2022-12-23,Premium,2935.56
321,Patrick Smith,sanchezthomas@example.com,CZ,2024-01-16,Standard,2921.4
322,Amanda Pratt,pwalker@example.com,WS,2021-01-27,Standard,2043.61
323,Laura Wilson,whitelinda@example.org,MZ,2021-12-01,Basic,1071.82
324,Douglas Kirk,christopher70@example.com,FR,2020-05-31,Basic,3484.01
325,Nancy Sanchez,brittany73@example.net,ST,2021-09-30,Basic,1289.96
326,Aaron Ortiz,amberfields@example.net,AG,2024-07-24,Basic,3885.16
327,Matthew Sweeney,dalton83@example.com,RW,2025-09-14,Basic,3042.02
328,Brenda Ramirez,morsephyllis@example.net,NG,2025-10-06,Premium,4001.51
329,William Miller,wagnerdana@example.com,BO,2024-03-15,Basic,3934.91
330,Matthew Anderson,jose56@example.net,LK,2023-07-20,Standard,2710.45
331,David Harding,kimberlyrichards@example.org,CD,2021-12-15,Basic,1915.8
332,Jason Herrera,shannonford@example.org,BW,2020-12-26,Basic,3272.96
333,Samantha Terry,lewismelissa@example.org,BW,2020-12-11,Premium,4262.92
334,Jennifer Williams,jorge20@example.com,PG,2024-04-07,Standard,617.14
335,Anna Garcia,davidbrown@example.org,CO,2023-05-03,Standard,3214.37
336,Michael Pace,aguilarjonathan@example.org,AO,2021-03-10,Standard,3565.81
337,Matthew Lamb,steinmaria@example.com,CM,2025-12-24,Standard,963.07
338,Christopher Berry,ycrawford@example.net,NP,2020-04-03,Basic,4830.82
339,Cody Ramirez,austinharvey@example.org,KH,2021-01-13,Standard,3117.97
340,Juan Brown,patrick63@example.net,SL,2021-10-08,Basic,3895.74
341,Kimberly Smith MD,timothy75@example.net,SC,2021-06-29,Standard,2234.32
342,Alexander Harper,huangkimberly@example.org,PW,2021-12-05,Basic,3003.13
343,Yvonne Dickson,wrightjohn@example.net,LK,2023-03-05,Standard,4273.39
344,Colleen Bradford PhD,savannah22@example.org,UA,2020-05-02,Premium,1466.75
345,Heather Vargas,stacey92@example.net,ET,2021-11-27,Standard,1294.93
346,Tracy Weaver,tracydavis@example.org,UY,2025-01-07,Standard,2892.26
347,April Hardin,lindsaypeterson@example.org,LI,2021-04-24,Basic,1957.05
348,Michael Thomas,mathismichelle@example.org,MR,2020-05-10,Premium,2522.1
349,Laurie Rogers,derek26@example.net,RU,2024-03-23,Standard,991.02
350,Wayne Steele,jeffrey92@example.com,KP,2023-11-23,Premium,1838.64
351,Christopher Smith,xrosales@example.net,AU,2024-05-27,Standard,1767.66
352,Robert Carr,zunigadonald@example.net,BO,2021-02-02,Basic,3535.8
353,Mrs. Stacey Davis,sean43@example.org,MD,2021-06-05,Standard,2823.38
354,Brian Smith,akim@example.org,NG,2020-05-28,Basic,4745.51
355,Joshua Garcia,kkramer@example.net,PS,2022-12-16,Premium,1282.64
356,Benjamin Singleton,andrew41@example.org,LV,2024-02-14,Standard,2494.03
357,Nicholas Payne,morgantricia@example.com,MA,2021-01-07,Premium,3483.99
358,Carmen Preston,brianrivera@example.org,NE,2020-03-08,Basic,3588.03
359,Monica Baker,kenneth10@example.com,TO,2024-03-07,Standard,3985.37
360,Anthony Smith Jr.,bgonzalez@example.org,DO,2023-04-19,Premium,1541.75
361,Kara Wilson,qruiz@example.com,BW,2023-10-30,Standard,3489.76
362,Jacob James,seanbaker@example.com,IN,2023-11-07,Standard,3353.4
363,Antonio Goodwin,millermaurice@example.net,NG,2021-05-10,Standard,2418.98
364,Kristen Randall,rsheppard@example.com,TO,2025-10-27,Basic,1784.41
365,Blake Orr,shawrachel@example.net,GD,2025-04-15,Basic,2796.9
366,Travis Cole,teresastokes@example.org,BB,2025-11-23,Standard,3543.99
367,Jessica Osborn DDS,luis11@example.com,TH,2022-07-16,Standard,1602.45
368,Donald Ellis,buchanancindy@example.net,NL,2022-05-20,Premium,691.21
369,Keith Aguilar,buckleyanna@example.org,JO,2020-09-03,Premium,1646.18
370,Sherry Baker,earmstrong@example.org,EC,2025-03-15,Basic,2725.73
371,Lee Steele,fosternatasha@example.net,GW,2021-08-26,Basic,1007.23
372,Derrick Watson,lisa44@example.com,RW,2020-04-17,Premium,3719.16
373,Valerie Perez,terri75@example.com,ZA,2025-02-23,Standard,3650.47
374,Chelsea Lewis,wfigueroa@example.net,MR,2022-07-02,Basic,3024.27
375,Caitlin Collins,htaylor@example.net,AT,2024-12-03,Premium,4179.88
376,Christina Brown,bryantsamantha@example.net,FJ,2021-01-15,Standard,1214.67
377,Kathy Reid,maldonadojohn@example.com,UG,2021-08-23,Premium,1581.11
378,Karen Arnold,frank41@example.com,AT,2022-09-04,Basic,2717.26
379,Kenneth Hanna,deborahbyrd@example.com,CF,2022-04-26,Standard,323.03
380,Richard Saunders,wellsdavid@example.org,US,2022-06-16,Premium,2811.46
381,Lee Hahn,rodney65@example.com,ID,2024-10-20,Basic,4726.04
382,Joseph Hanson,smithyvonne@example.com,TJ,2021-04-23,Basic,4355.46
383,Elizabeth Rodriguez,rogersjoshua@example.com,IS,2023-11-19,Standard,602.68
384,Stephanie Evans,zacharyallen@example.org,US,2021-07-26,Premium,2912.91
385,Charles Johnson,qbright@example.com,NA,2022-06-04,Standard,2445.7
386,Michael Armstrong,matthewreeves@example.net,SN,2022-04-30,Standard,1003.38
387,Todd Howard,megan82@example.com,BY,2023-10-30,Premium,1337.14
388,Molly Hansen,staceylam@example.net,BT,2022-10-28,Standard,659.03
389,Seth Fisher,nathan94@example.com,CL,2021-05-01,Premium,2063.47
390,Lauren Blackburn,kennedyjames@example.org,KZ,2022-10-27,Premium,2927.4
391,Anthony Dickerson,victoriacooper@example.net,PK,2022-04-16,Basic,362.68
392,Catherine Miller,crystal25@example.net,BG,2020-11-09,Premium,4074.6
393,Philip Jackson,tracygallagher@example.org,CO,2020-01-11,Standard,517.39
394,Jennifer Sanford,ismith@example.org,ES,2023-09-08,Premium,680.41
395,Frank Whitaker,andrewsmith@example.net,HU,2022-03-28,Standard,3070.96
396,Emily Garcia,gary04@example.com,PH,2021-05-10,Basic,1205.87
397,Gail Barron,matthewvalenzuela@example.com,GB,2024-05-13,Basic,1963.85
398,Tamara Powell,jeffreymercer@example.org,ES,2021-02-16,Standard,1557.03
399,Barbara Dawson,brooksdanielle@example.net,VU,2020-02-18,Basic,4951.15
400,Mary Valdez MD,butleromar@example.net,ID,2020-04-16,Standard,2886.28
401,Michael Mccoy,robert18@example.com,VU,2022-11-05,Premium,3087.19
402,Ronald Garcia,campbellkristen@example.com,FJ,2023-08-19,Basic,586.24
403,Sandra Dudley,jade42@example.org,SY,2023-08-27,Premium,3165.02
404,Timothy Rivera,smithchristopher@example.org,TO,2022-12-23,Standard,3336.1
405,Brandon Hunt,conwaydawn@example.com,KE,2024-01-05,Premium,1275.34
406,Robert Sawyer,michael56@example.net,CI,2021-08-01,Basic,467.82
407,Amber Christian,markkline@example.net,IQ,2020-07-27,Premium,2101.74
408,Robert White,dross@example.com,MV,2025-04-08,Basic,3009.67
409,Javier Mercado,danielhorton@example.org,DJ,2024-02-20,Standard,259.94
410,Karen Carroll,ywhite@example.com,VA,2020-08-15,Standard,3564.08
411,Sara Mcpherson,timothyfreeman@example.com,OM,2020-03-04,Basic,4312.07
412,Ernest Bush,tiffanysantiago@example.com,SI,2020-04-10,Premium,3468.19
413,Anna Stanley,timothyalvarado@example.net,MV,2023-02-20,Standard,3960.36
414,Stephanie Salazar,schneidereric@example.com,SA,2020-11-21,Basic,2989.97
415,John Allen,brent38@example.net,MT,2025-03-19,Premium,2183.18
416,Jimmy Solis,fmiller@example.com,KW,2022-06-02,Basic,1201.57
417,Matthew Garcia MD,petersenlatoya@example.net,DZ,2020-09-17,Premium,4551.22
418,Christine Powers,michael03@example.com,LS,2021-10-29,Premium,449.91
419,Kara Sandoval,wwilson@example.net,GN,2023-05-12,Premium,3983.88
420,Mark Marsh,jacqueline02@example.com,CU,2020-01-05,Basic,3769.89
421,Jennifer King,jacobconrad@example.com,GM,2024-12-05,Basic,4613.84
422,Michelle Rodriguez,owilliams@example.net,TZ,2022-09-28,Standard,709.33
423,Judith Lawrence,tamarasmith@example.net,BE,2020-09-26,Basic,1590.05
424,Kevin Glass,heatherthompson@example.org,CA,2023-04-27,Standard,4719.11
425,Sonya Gordon,mbarnes@example.net,HU,2022-04-28,Basic,2745.91
426,Tracy Chavez,devonmorrison@example.net,SG,2021-08-22,Standard,494.17
427,Shannon Joseph,jamesweber@example.com,LA,2021-10-16,Premium,4458.17
428,Vicki Santos,williambenson@example.com,KN,2022-01-26,Basic,1679.38
429,John Duncan,icraig@example.com,NO,2020-09-09,Standard,226.74
430,Allison Thomas,gonzalezkaren@example.org,JO,2024-11-05,Premium,4813.36
431,Antonio Mueller,karenjohnson@example.com,CA,2024-02-06,Basic,2976.9
432,Kristina Walker,yyoung@example.net,JO,2023-09-11,Premium,4997.9
433,James Butler,tammy00@example.net,ID,2024-02-27,Basic,4124.96
434,Shannon Ramos,rhondabush@example.net,MN,2021-03-20,Basic,297.14
435,Lindsey Parsons,kellythompson@example.net,BO,2024-07-12,Premium,2405.45
436,Jose Bennett,qramirez@example.org,DK,2021-02-13,Basic,2266.92
437,Gary Mckinney,billmcfarland@example.net,BF,2023-07-03,Standard,989.3
438,Sarah Turner,charles58@example.org,ER,2024-08-22,Basic,2235.84
439,Caitlin Daniels,odavis@example.org,HR,2023-02-14,Standard,4848.37
440,Daniel Goodwin,wbarajas@example.net,AG,2021-12-28,Standard,1805.01
441,David May,susanfleming@example.com,MU,2020-09-08,Standard,1673.19
442,Janice Fernandez,angel85@example.net,SE,2025-06-29,Premium,4302.89
443,Steven Lee,vaughangary@example.net,SN,2022-09-03,Standard,2117.06
444,Michael Ayala,nhouston@example.net,ME,2020-01-17,Standard,1512.27
445,Jessica Montoya,burgesseric@example.com,VC,2025-04-09,Standard,4086.47
446,Anthony Bauer,andrewsjeremy@example.com,NE,2021-12-27,Basic,279.82
447,Jessica Smith,nicholsdarlene@example.net,BI,2022-04-30,Premium,1641.13
448,Mercedes Jones,robertsgina@example.net,BT,2024-07-14,Standard,668.02
449,Jane Short,wellsamanda@example.org,AE,2021-09-08,Standard,4338.06
450,Kimberly Choi,kennetheaton@example.net,KH,2022-05-06,Premium,3322.54
451,Kristen Peters,williamsashley@example.com,SO,2022-03-28,Basic,2363.68
452,Daniel Figueroa,jason82@example.org,ER,2023-04-14,Premium,1019.15
453,Cheyenne White,yorksarah@example.net,PL,2021-04-28,Standard,3150.91
454,Michael King,jessicafreeman@example.com,MK,2023-11-13,Standard,3164.5
455,Ariel Harvey,louishayes@example.net,KM,2020-10-07,Premium,1097.44
456,Krystal Diaz,susan20@example.com,HU,2021-10-31,Basic,741.96
457,Margaret Hill,dennis57@example.com,PE,2024-09-17,Standard,2246.77
458,Juan Thompson,wilkinsonmichele@example.org,SO,2022-02-25,Basic,2475.09
459,Lori Luna,atkinsoncrystal@example.net,TT,2021-03-06,Premium,4868.42
460,Susan Arnold,jvaldez@example.com,MX,2022-06-06,Basic,4016.64
461,Morgan Carter,fmason@example.com,MM,2021-05-04,Basic,876.05
462,Sarah Drake,katherinetaylor@example.org,EE,2023-01-05,Basic,167.0
463,Shelby Thomas,ccrosby@example.org,PS,2023-05-25,Standard,556.73
464,Jacob Williams,aprilmoody@example.com,PW,2022-12-04,Premium,2361.09
465,Amanda Wong,padillaadrienne@example.com,SZ,2025-07-04,Premium,3273.78
466,Carrie Valdez,briana18@example.com,MT,2021-07-30,Premium,2542.04
467,Jared Roth,tommy79@example.org,SC,2025-11-01,Basic,1530.12
468,David Robertson,jason22@example.com,UY,2025-04-16,Basic,1439.78
469,David Shepherd,olsontimothy@example.org,UA,2024-04-20,Standard,4903.2
470,Alison Williams,dennishunt@example.net,CY,2020-12-19,Premium,2338.25
471,Christopher Mullen,johnsjessica@example.com,BS,2020-05-02,Premium,1979.57
472,Kaitlin Olson,mariaburke@example.net,EG,2021-04-19,Basic,2590.38
473,Carol Jennings,ecarlson@example.org,MT,2023-09-27,Premium,4333.73
474,Dale Heath,mserrano@example.org,EE,2022-04-24,Standard,3886.11
475,Amanda Bowers,davisdonna@example.net,SR,2022-11-08,Standard,1765.39
476,Patricia Banks,cwood@example.net,SM,2024-12-18,Basic,1409.15
477,Karen Mack,brianna91@example.com,CR,2022-07-28,Premium,1485.91
478,Susan Miller,ascott@example.net,CH,2021-07-11,Standard,4203.63
479,Autumn Smith,gwendolynstewart@example.com,CD,2024-09-25,Basic,4994.62
480,Dawn Wyatt,ncunningham@example.com,KZ,2020-12-05,Standard,4339.78
481,Juan Grant,mitchellpeters@example.com,KP,2022-05-20,Standard,2739.04
482,Jennifer Taylor,adkinssean@example.net,DK,2023-06-19,Standard,1728.96
483,Rachel Owen,martintamara@example.org,BW,2020-08-07,Basic,1948.33
484,Kyle Davis,jeffrey19@example.org,RS,2024-12-08,Standard,4361.05
485,Miss Kelly Dawson,bautistalori@example.net,SA,2022-04-22,Basic,1270.15
486,Matthew Lara,james98@example.net,MC,2022-08-19,Standard,1244.46
487,Andrew Allen,cantrellchristopher@example.com,MZ,2021-05-22,Standard,313.87
488,Kevin Holmes,calhounandrea@example.net,TJ,2022-02-12,Basic,2417.58
489,Victor Hill,shawnpowell@example.org,IL,2025-06-27,Standard,1991.79
490,Kristin Gordon,stacey84@example.net,TR,2021-01-18,Basic,3982.73
491,James Webb,katherineali@example.com,KZ,2021-07-02,Basic,4906.01
492,Alyssa Wilson,reyeskristina@example.org,GD,2022-10-06,Standard,4827.64
493,Jennifer Gomez,haynesjose@example.com,BW,2024-03-16,Premium,2561.23
494,Gloria Spencer,thomasgomez@example.net,IQ,2022-05-24,Basic,1726.77
495,Tara Lee,jimmyallen@example.com,GA,2021-02-04,Premium,4383.53
496,Sara Kelly,wilsonchristian@example.net,SA,2021-05-17,Standard,588.59
497,Kimberly Williams,uwatson@example.com,TR,2023-09-06,Standard,175.2
498,William Moon IV,karenanderson@example.net,NO,2025-03-18,Premium,2108.9
499,Kathryn Long,stephenmartinez@example.net,PK,2022-11-13,Basic,4852.79
500,Michael Gray,nguyenchloe@example.com,ER,2021-11-22,Premium,2400.5
501,John Austin,ivan63@example.com,ME,2023-04-16,Standard,1758.95
502,James Hayes,tiffanyparks@example.org,WS,2024-07-06,Basic,2047.67
503,Jeffrey James,laurenrodgers@example.com,AG,2021-08-14,Premium,4273.65
504,Dr. Samuel Holmes DDS,jevans@example.net,BE,2021-01-21,Basic,4310.78
505,Amy Cervantes,gcombs@example.com,CH,2022-05-22,Standard,4775.28
506,Justin Frederick,maurice61@example.com,GD,2022-01-03,Basic,3621.72
507,Kenneth Banks,tiffanymitchell@example.com,GQ,2025-10-11,Standard,4374.68
508,Jillian Miller,steven22@example.net,LU,2023-01-23,Premium,3125.55
509,Jennifer Meadows,martinjeremy@example.com,TD,2022-07-13,Premium,3192.69
510,Matthew Nelson,xnorman@example.net,TZ,2021-09-30,Standard,4987.39
511,Christopher Dickerson,jessicastanley@example.net,ME,2023-02-15,Basic,542.86
512,James Davis,bkelley@example.com,SL,2024-06-30,Premium,3825.81
513,Dennis Moore,pparker@example.net,JM,2024-08-03,Basic,4375.64
514,Joseph Jackson,alvaradomichelle@example.com,PY,2022-08-28,Standard,915.19
515,Taylor Dunn,tarawolfe@example.org,UA,2022-10-20,Standard,4526.78
516,Madison Elliott,regina78@example.org,BT,2023-08-02,Premium,1689.44
517,David Torres,millskatherine@example.org,LY,2022-08-26,Premium,1537.5
518,Melissa Vasquez,xevans@example.com,JP,2021-09-20,Standard,2210.37
519,Kimberly Lopez,kfoster@example.net,LK,2023-08-01,Premium,2702.71
520,Connie Miller,zacharymarsh@example.net,MD,2023-11-16,Basic,3440.82
521,Patrick Lamb,elopez@example.org,CR,2024-02-09,Premium,932.92
522,Lisa Nelson,blopez@example.org,BE,2021-09-26,Premium,3086.51
523,William Campbell,jenniferacosta@example.org,BW,2025-10-25,Standard,3136.58
524,Glenn Collins DDS,steven05@example.org,GB,2020-11-26,Premium,2538.57
525,Reginald Jones,qwhite@example.com,AL,2025-09-16,Basic,801.28
526,Danielle Wise,cwright@example.org,PK,2020-09-24,Standard,3225.73
527,Maxwell Clark,tmaldonado@example.com,DJ,2024-05-30,Standard,1351.1
528,Timothy Meyer,timothy43@example.com,BF,2023-10-10,Premium,4504.65
529,Brian Chen,alexis49@example.org,MY,2025-03-07,Standard,4515.93
530,Andrew Logan,jbarker@example.com,BT,2024-09-25,Basic,2778.33
531,Mr. George Booker DDS,browndeanna@example.net,SO,2021-06-28,Premium,2264.48
532,David Holden,linda73@example.org,FM,2024-09-30,Standard,4939.49
533,Danielle Williams,ihansen@example.net,RW,2022-04-07,Standard,3230.8
534,Gregory Oconnor,mikayla98@example.org,BJ,2021-02-19,Standard,3482.54
535,Robert Weaver,osmith@example.net,MU,2023-03-09,Standard,4241.99
536,Lisa Diaz,malikbrown@example.net,MW,2024-05-26,Premium,4996.93
537,Pamela Moore,marcus51@example.org,SK,2021-02-20,Standard,622.6
538,Todd White,harristodd@example.org,AU,2023-12-14,Standard,2902.42
539,Mary Fox,brandon39@example.net,BN,2023-06-05,Basic,1549.77
540,Mary Hebert,mcdonalddanielle@example.com,TH,2020-01-29,Basic,1546.63
541,Samantha Bauer,colonjoseph@example.org,ES,2024-06-16,Basic,2039.45
542,Tony Yu,garciajerry@example.com,ET,2020-06-03,Premium,2873.05
543,Laura Meza,not-an-email,TR,2021-02-27,Basic,3913.73
544,Maurice Andrade,laurapierce@example.net,LU,2022-02-23,Premium,4562.02
545,Lindsay Mahoney,andrea55@example.com,ZW,2023-12-11,Basic,2533.96
546,Lisa Hart,nicholaspierce@example.net,IE,2022-08-01,Standard,3901.13
547,Tyler Smith,birdcaitlin@example.net,CR,2022-02-27,Premium,3074.62
548,Eric Walker,andrew48@example.net,TH,2025-12-16,Standard,1173.12
549,Anna Stevens,devonrichardson@example.net,HU,2023-06-04,Premium,3142.37
550,Anna Ross,jessicacummings@example.com,EC,2021-05-25,Basic,3802.33
551,Michele Weiss,larsonkevin@example.net,TR,2022-12-05,Basic,3436.19
552,Tammy Cook,hbutler@example.org,AE,2022-04-15,Premium,3178.42
553,Alexandra Waters,hbrown@example.org,LB,2023-12-01,Basic,3267.07
554,Jonathan Walker,nunezwendy@example.com,GB,2023-03-28,Standard,3964.19
555,Courtney Roberts,vhernandez@example.org,PY,2023-07-27,Premium,2939.91
556,James Miller,iayala@example.org,RO,2023-06-06,Invalid,743.92
557,Matthew Gonzalez DDS,johnadams@example.com,LI,2023-05-10,Standard,1700.92
558,Ashley Gutierrez,michael55@example.net,TD,2024-02-09,Standard,960.64
559,William Jensen,chanson@example.org,HT,2020-02-23,Premium,3953.91
560,Peter Farrell,singhjohn@example.net,CY,2021-03-13,Standard,2701.18
561,Alexis Benson,torresthomas@example.com,GE,2025-03-18,Standard,4169.32
562,Joshua Christensen,jdean@example.net,MC,2024-06-09,Standard,4578.84
563,Taylor Rose,george43@example.net,VN,2024-01-04,Standard,4840.18
564,Tony Jones,elizabeth51@example.org,JP,2021-08-17,Standard,3758.14
565,Crystal James,mckeetodd@example.net,SN,2025-03-15,Standard,4040.74
566,Walter Castro,williamssandra@example.com,LT,2020-07-11,Standard,4818.18
567,Alicia Sutton,colleen38@example.com,BH,2022-12-09,Premium,3795.34
568,Stefanie Briggs,raymondstacy@example.org,CZ,2023-10-03,Premium,4314.69
569,Chad Blair,robertberry@example.com,KR,2022-01-18,Basic,3404.59
570,Joshua Clark,biancasutton@example.org,CU,2025-06-16,Standard,4839.62
571,Kelly Taylor,dianacunningham@example.org,LB,2021-11-08,Basic,1892.3
572,Michelle White,jessicacannon@example.com,NG,2020-05-28,Standard,168.2
573,Samantha Walsh,edwin31@example.org,ER,2021-10-26,Basic,705.58
574,Miss Lisa Salazar,jerryjohnson@example.org,FM,2020-02-27,Standard,3396.86
575,Ryan Harrison,,CU,2024-09-04,Basic,1384.59
576,Jason Novak,stephanie33@example.org,BI,2020-12-24,Standard,4129.84
577,Jessica Williamson,michelle36@example.com,BB,2021-01-22,Standard,630.9
578,Michelle Long,meyershannon@example.org,HN,2023-08-24,Premium,2410.24
579,Nicholas Grant,leescott@example.com,JO,2023-02-10,Basic,4432.75
580,Louis Brown,stevenlucas@example.org,WS,2022-10-07,Basic,1707.23
581,Kevin Shannon,phillipmorris@example.org,EE,2023-01-01,Basic,1184.7
582,Stephanie Khan,wrightheather@example.net,DK,2022-09-21,Premium,3213.48
583,Brian Cole,christopher68@example.net,DJ,2024-04-22,Standard,4556.0
584,Randy Barr,fernandothomas@example.net,BF,2022-04-09,Standard,3281.27
585,Randy Griffin,davidanderson@example.org,AD,2022-07-08,Premium,784.91
586,Jimmy Foley,franklintrevor@example.org,TZ,2023-09-26,Premium,1591.39
587,Jeremy Burke,sanchezamy@example.net,YE,2023-12-15,Standard,668.99
588,Amber Hernandez,benjamin09@example.net,KG,2023-05-06,Premium,4447.57
589,Brian Chaney,emilycarr@example.net,ME,2021-12-26,Premium,2004.36
590,Cassandra Gibson,sarah14@example.com,MN,2023-07-27,Standard,3385.38
591,Olivia Bridges,carterdennis@example.net,IS,2025-05-20,Basic,3512.77
592,Daniel Clark,rodriguezjessica@example.net,SM,2021-12-22,Basic,2153.72
593,Mr. Timothy Andersen,ronald54@example.net,TR,2025-12-02,Basic,3660.34
594,Carl Hart,lvasquez@example.net,HT,2025-12-20,Standard,3309.12
595,April Johnson,mclaughlinjared@example.net,NI,2024-04-01,Standard,3116.7
596,Justin Walsh,davidsonhannah@example.com,BJ,2022-06-26,Standard,260.31
597,Erica Smith,matthew99@example.org,EC,2021-11-05,Standard,1164.62
598,Tammy Mendoza,probles@example.org,RO,2021-03-01,Standard,4757.72
599,Sean Huang,abowers@example.net,BG,2020-12-06,Standard,586.84
600,Nathaniel Stewart,clarkgina@example.com,BI,2025-01-03,Basic,1899.94
601,Andre Terrell,ashleyprice@example.net,CI,2025-10-25,Basic,1857.5
602,Michele Edwards,nelsonchristopher@example.org,MR,2025-03-09,Standard,1451.82
603,Cindy Turner,brooksbenjamin@example.org,BW,2022-09-17,Premium,4750.15
604,John Porter,matthewwebb@example.net,KR,2022-08-30,Standard,549.2
605,Shane Short,jamiejohnson@example.com,LC,2024-08-26,Premium,3244.35
606,Eric Williams,cookpamela@example.org,SK,2025-03-09,Basic,4858.36
607,Alison Blake,manuellee@example.com,SN,2024-08-05,Premium,3955.29
608,Bruce Hernandez,danny98@example.net,CA,2021-11-30,Premium,4945.22
609,Fernando Thomas,audrey21@example.com,VA,2021-03-28,Basic,1105.51
610,Amber Johnson,rodriguezbrian@example.com,MX,2025-05-08,Basic,1115.07
611,Leslie Huff,tjensen@example.com,FJ,2021-01-27,Premium,4083.96
612,Kim Beltran,fbradley@example.net,PT,2024-04-10,Premium,1709.94
613,Matthew Miranda,ohall@example.org,VE,2020-08-01,Premium,3964.35
614,Clifford Stark,kristina57@example.com,AT,2021-07-19,Basic,113.89
615,John Singleton,katrina99@example.org,SE,2020-05-23,Premium,4938.88
616,Rebecca Nguyen,sparksamanda@example.com,UA,2020-08-13,Basic,1328.21
617,Kimberly Dickson,njones@example.net,UA,2022-06-24,Premium,638.64
618,Ms. Gloria Benson,elainemiller@example.net,TO,2022-08-02,Premium,745.84
619,Kyle Nguyen,shortgregory@example.com,BJ,2025-01-07,Standard,3970.92
620,Linda Wilkins,troy01@example.org,CU,2023-08-03,Premium,2985.38
621,Makayla Smith,donnachavez@example.com,MW,2025-04-27,Premium,953.81
622,Daniel Rich,ashley46@example.net,LY,2023-09-10,Premium,721.12
623,Lisa Dixon,melissabrown@example.net,BF,2025-12-09,Standard,2677.82
624,Veronica Rodriguez,michelle36@example.net,UA,2020-01-02,Basic,411.43
625,James James,elainewells@example.org,TH,2022-05-13,Standard,3912.28
626,Sara Moore,dennisjones@example.org,CV,2022-04-22,Basic,3008.96
627,Mr. William Miller,ydalton@example.net,UY,2024-04-29,Standard,2568.81
628,Jordan Coleman,ocruz@example.org,NO,2025-07-31,Basic,312.49
629,Sarah Young,robert89@example.com,AU,2023-08-17,Basic,2655.11
630,Michele Wilson,fnixon@example.org,ZA,2025-11-13,Standard,3252.37
631,Dr. Peggy Marshall,millschelsea@example.org,PW,2024-05-21,Premium,398.04
632,Mary Sutton,chloe58@example.org,PW,2023-10-13,Standard,4251.76
633,Laura Rivera,susan44@example.org,AZ,2022-09-21,Standard,3461.88
634,Elizabeth Glover,bryan79@example.org,TO,2024-03-02,Standard,3590.77
635,Rhonda Weber MD,martinezchase@example.com,ID,2020-04-23,Standard,460.1
636,Scott Smith,munozrenee@example.net,CZ,2020-10-17,Premium,1678.35
637,Christopher Patton,toddlloyd@example.org,LV,2023-12-15,Premium,421.84
638,Linda Underwood,amullins@example.com,GW,2025-11-26,Standard,3159.16
639,Carol Lane,brian41@example.org,DM,2023-12-18,Basic,2786.95
640,John Vaughan,noahthornton@example.com,IN,2022-10-13,Standard,1966.43
641,Alexandra Ho,ureyes@example.net,KZ,2020-11-14,Basic,2699.73
642,Joseph Gomez,pbishop@example.com,LT,2025-09-25,Standard,2577.2
643,Dawn Silva,vmejia@example.org,ES,2021-08-15,Standard,585.97
644,Kelly Byrd,lawrencesmith@example.org,BJ,2024-01-12,Basic,660.63
645,Brian Griffin,jessicaking@example.org,AR,2020-01-27,Basic,3289.49
646,Kristopher Shannon,stephanielittle@example.net,CL,2023-09-19,Basic,3632.12
647,Jamie Gallagher,pauladominguez@example.com,KE,2020-07-08,Premium,2207.34
648,Margaret Livingston,kayla54@example.org,BN,2022-10-20,Premium,2127.69
649,James Ferrell,stephanie42@example.com,BJ,2021-08-30,Standard,2053.78
650,Lisa White,irodriguez@example.com,GM,2022-12-13,Basic,565.92
651,Jeremy Green,jonesashley@example.com,PE,2023-09-07,Standard,1631.37
652,Mr. Aaron Johnson MD,isabelconway@example.net,AD,2020-02-11,Standard,1934.08
653,Katherine Graham,fernandezaaron@example.net,RO,2023-02-03,Premium,3465.42
654,Wendy Cook,richard15@example.net,LV,2020-09-22,Standard,428.95
655,Randall Holland,angelaponce@example.net,ET,2020-06-25,Premium,556.83
656,Brian Barker,omiller@example.com,LK,2021-10-16,Premium,3748.49
657,Alexander Davies,tracybrown@example.net,BA,2021-02-19,Standard,4077.67
658,Sandra Cole,johnsonbrian@example.net,BB,2021-11-05,Basic,393.91
659,Matthew Mills,joycehall@example.org,AZ,2022-06-07,Basic,2852.25
660,Alec Meadows DDS,jacquelineanderson@example.org,ZM,2024-05-30,Basic,698.93
661,Riley Bryant,marybrown@example.org,CI,2020-04-19,Standard,4380.68
662,Connie Brock,vrogers@example.net,MZ,2022-12-25,Standard,4353.65
663,Laura Taylor,kathrynwatkins@example.com,BI,2021-12-11,Basic,352.09
664,Jason Horton,samuelfrost@example.org,CR,2020-09-21,Standard,3042.01
665,Lisa Strickland,hobbschristopher@example.org,EE,2020-08-07,Standard,607.64
666,Linda Campbell,nschwartz@example.org,DZ,2025-07-22,Basic,1142.42
667,David Thompson,carlsonjennifer@example.net,BT,2021-08-16,Basic,2462.73
668,Hannah Smith,jamesdowns@example.org,VN,2023-10-06,Premium,1815.56
669,Kimberly Robinson,joshualee@example.org,LA,2022-03-03,Basic,1901.05
670,Kathleen Moore,brownmichael@example.org,NZ,2025-01-22,Standard,2913.09
671,Stefanie Chavez,yangsara@example.org,DJ,2021-07-04,Standard,4241.26
672,Mr. Steven Griffith,robert53@example.org,LR,2024-09-17,Basic,3106.51
673,Jason Gonzalez,charlesrichards@example.org,NZ,2021-05-14,Basic,2828.02
674,Jordan Hughes,stephenlee@example.com,IR,2020-11-13,Basic,4652.51
675,Michael Brown,danielowens@example.com,DO,2021-03-19,Basic,1410.49
676,Edward Moore,belindatran@example.org,BT,2024-07-23,Premium,1439.02
677,Shannon Robinson,rhood@example.org,ZA,2022-06-21,Standard,4615.53
678,Danielle Hamilton,patriciavargas@example.org,TO,2022-07-26,Standard,129.92
679,Andrew Esparza,simmonsphillip@example.net,BZ,2025-05-22,Premium,2874.97
680,Justin Smith,not-an-email,KE,2022-09-18,Standard,440.97
681,Mrs. Maureen Martin DDS,braysteven@example.org,MA,2021-06-07,Basic,3202.54
682,Jacqueline Marshall,daltonchad@example.net,LT,2022-06-07,Premium,549.61
683,Paul Wolfe,kristinmiller@example.com,LK,2023-03-09,Basic,1154.15
684,Susan Cox,rodriguezmichael@example.net,BB,2025-08-04,Standard,2322.86
685,Justin Jones,devonrogers@example.net,CI,2022-03-11,Premium,1913.26
686,Nicole Pitts,karenhodges@example.com,MH,2023-11-23,Basic,1689.48
687,Jenny Brown,michael78@example.net,CM,2025-05-21,Basic,3021.5
688,Samantha Lam,zoliver@example.net,MD,2022-10-27,Premium,862.34
689,Ana Mcclain,zmiller@example.org,JO,2024-11-07,Basic,343.84
690,Christopher Rodriguez,tylergolden@example.net,YE,2025-09-30,Premium,1433.3
691,Michael Huynh,creed@example.net,KH,2020-02-19,Basic,2177.67
692,Alex Pham,robert55@example.com,UA,2020-02-17,Basic,2266.02
693,Kimberly Ellis,rachelparker@example.com,GT,2023-12-29,Standard,1156.29
694,Patricia Williams,justin29@example.org,LC,2022-11-26,Basic,657.71
695,Christopher Erickson,evanwilson@example.com,TR,2023-03-18,Standard,643.36
696,Cody Hart,wadetiffany@example.org,MR,2020-10-04,Basic,3424.58
697,Kimberly Martinez,sullivanvictor@example.org,PK,2022-09-09,Standard,2681.98
698,Wayne Payne,deborah47@example.com,TW,2025-07-25,Standard,322.55
699,Bridget Cunningham,hmorgan@example.net,QA,2025-11-18,Standard,4923.78
700,Juan Parker,owilliamson@example.com,MK,2025-05-26,Premium,137.67
701,Martin Silva,kimberlywang@example.org,AO,2020-07-21,Standard,4732.09
702,Megan Rosario,ulee@example.net,UY,2020-07-02,Premium,3844.39
703,Melvin Sanders,xwood@example.org,JM,2023-01-25,Standard,1707.8
704,Jeremy Hoffman,jessicawallace@example.com,PA,2022-01-25,Premium,2537.19
705,Tracy Coleman,ltaylor@example.net,BT,2021-09-24,Standard,960.9
706,William Fox,carl96@example.org,AF,2020-11-10,Standard,2709.65
707,Jennifer Peters,jamescollier@example.com,TG,2022-06-16,Premium,2551.29
708,Elizabeth Richards,dhansen@example.org,AR,2022-12-10,Basic,4050.38
709,Eric Davidson,qmartinez@example.com,NI,2024-09-29,Premium,2045.65
710,Maria Johnson,trevor19@example.net,ML,2021-01-28,Basic,307.28
711,Sheena Burton,hmccann@example.com,SG,2023-06-27,Premium,2352.8
712,David Perkins,luisjohns@example.org,MK,2024-05-24,Premium,4324.34
713,Jason Barr,brandon48@example.net,BO,2020-12-23,Basic,2203.49
714,Catherine Davis,amybrennan@example.net,KI,2023-01-30,Standard,3576.54
715,Heidi Ferguson,madeline02@example.net,JM,2021-08-17,Standard,1518.62
716,Mr. Thomas Garcia,wesleydecker@example.net,VE,2022-03-28,Standard,202.2
717,Sarah Marquez,butlersabrina@example.org,CO,2024-02-20,Standard,942.18
718,Eric Cox,mpreston@example.net,LV,2025-07-16,Basic,2354.47
719,Patrick Wilson,melissathomas@example.org,KP,2021-01-12,Basic,4606.87
720,Blake Vazquez,joneskim@example.com,BB,2020-10-01,Premium,2239.89
721,Matthew Watkins,qwilson@example.org,BI,2021-03-06,Premium,1292.25
722,Brent Martinez,brianagonzalez@example.net,MG,2021-10-22,Basic,2062.2
723,Paul Ramirez,michael89@example.org,SD,2020-03-05,Premium,2039.26
724,Kenneth Smith,jenniferbrandt@example.org,TW,2023-06-03,Standard,3754.44
725,Annette Lewis,lrichardson@example.org,OM,2023-03-22,Premium,1732.04
726,Ruben Zavala,olewis@example.com,CG,2024-01-15,Premium,474.26
727,John Stone,tfarmer@example.com,TH,2024-07-26,Basic,658.73
728,Johnny Cruz,tburke@example.net,PA,2024-05-01,Basic,1050.13
729,William Patterson,jacobsonleah@example.net,MN,2021-05-09,Standard,1820.39
730,Mrs. Ashley Kim DDS,wilsonralph@example.net,UA,2021-01-27,Basic,4093.68
731,Stephanie Jackson,theresa53@example.net,NA,2025-11-11,Premium,603.74
732,Molly Ramirez,katelyn65@example.com,TL,2020-09-25,Standard,1066.63
733,John Ramirez,qrodriguez@example.com,SB,2023-08-14,Basic,849.06
734,Alyssa Rojas,jimenezanthony@example.org,MU,2021-05-20,Basic,469.23
735,Eric Hanson,guerreroapril@example.com,PT,2023-08-17,Basic,2521.17
736,Katherine Green,lisa88@example.org,AU,2021-03-18,Basic,3823.4
737,Barbara Cole,cramos@example.org,EE,2025-12-10,Standard,3437.55
738,Elizabeth Mccarthy,tjordan@example.net,MW,2023-05-04,Basic,3250.66
739,Michael Keller,kalvarez@example.net,BG,2022-12-04,Basic,1683.72
740,Wesley Jensen MD,luke09@example.org,CN,2022-05-07,Basic,1649.08
741,Patrick Johnson,oscar65@example.com,NG,2025-01-07,Standard,434.6
742,Danielle Wong,lozanocameron@example.com,CI,2022-02-08,Standard,3193.79
743,Gabriel Murray,abradley@example.com,AO,2022-01-09,Standard,2997.96
744,Victoria Gray,gmorris@example.com,BZ,2024-03-04,Standard,2585.95
745,Jonathan Cain,garrett45@example.com,FR,2024-02-22,Standard,2362.54
746,Rachel Pittman,karlwilliams@example.net,MZ,2022-12-24,Premium,378.76
747,Tina Robbins,vargasjoshua@example.net,SM,2024-10-28,Standard,475.98
748,Robert Pearson,william46@example.net,SR,2022-11-07,Premium,3113.54
749,David Robertson,nicoleburton@example.net,ER,2021-11-17,Basic,1983.96
750,Victor Harmon,oadams@example.net,VE,2023-06-17,Basic,2816.15
751,Taylor Barber,boydmichael@example.org,GY,2025-02-11,Basic,4489.8
752,Elizabeth Graham,michelle13@example.com,IQ,2020-11-25,Standard,4554.34
753,Dawn Burke,jallen@example.org,AT,2024-12-09,Basic,3294.0
754,Julie Castro,chenderson@example.org,DJ,2021-06-22,Standard,3064.53
755,Richard Ramirez,dawnwilliams@example.net,RU,2021-08-20,Basic,839.22
756,Steven Edwards,michelle65@example.net,KM,2024-09-09,Premium,2307.56
757,Ryan Cameron,danielnavarro@example.org,SK,2025-04-24,Standard,4913.69
758,Patricia Fox,pwilkerson@example.net,CM,2023-12-26,Premium,2572.29
759,Ronnie Mclaughlin,selenarobinson@example.org,EC,2024-08-21,Premium,291.8
760,Jason Roy,henrynicholas@example.org,LB,2021-04-14,Basic,2245.02
761,David Ramirez,michaelbaldwin@example.com,AO,2023-04-10,Standard,2667.94
762,Amanda Stevenson,vazquezkristina@example.org,ID,2023-11-15,Basic,877.86
763,Tyler Cox,nicholsjoel@example.com,MW,2023-04-26,Standard,4597.89
764,Tanya Hardin,christopher34@example.org,DK,2020-01-18,Standard,2102.97
765,Sherry Wang,rmccormick@example.org,RW,2025-06-29,Standard,3426.6
766,Ryan Love,hollowayholly@example.net,BI,2022-10-29,Premium,3967.21
767,Robin Rojas,wneal@example.org,BA,2022-02-09,Basic,1739.78
768,Rachel Taylor,tgonzalez@example.com,TR,2023-11-06,Standard,563.08
769,Jose Booker,melaniejennings@example.com,PG,2020-06-29,Basic,1994.16
770,Debbie Mcdaniel,lauren31@example.com,MN,2022-11-14,Standard,3646.29
771,Theresa Wilkerson,andrewjohnson@example.net,KH,2021-02-02,Basic,4825.61
772,Brandon Ford,jacqueline20@example.com,VN,2023-09-02,Basic,4379.07
773,Brandon Richardson,smithalicia@example.com,GQ,2022-07-28,Standard,499.36
774,Dale Shah,keith76@example.org,NR,2022-12-18,Basic,793.0
775,Whitney Campbell,robertortiz@example.org,AT,2025-02-19,Standard,1620.14
776,Luke Solomon,brandi71@example.org,PW,2021-09-27,Basic,3522.55
777,Michael Mcdaniel,verickson@example.net,IE,2020-10-18,Standard,731.86
778,Amy Galvan,modonnell@example.net,US,2020-06-09,Basic,4696.21
779,Abigail Wagner,zturner@example.net,MN,2024-04-03,Standard,2838.72
780,Amanda White,williamconrad@example.com,CO,2020-10-16,Basic,3979.14
781,Jessica Green,bradley27@example.com,AE,2020-07-15,Premium,3383.57
782,Steven Baker,zachary62@example.com,LK,2022-03-01,Basic,4986.1
783,Brittany Farrell,jbrown@example.org,GT,2025-12-19,Basic,557.92
784,Christopher Mcdonald,carneysara@example.org,PA,2021-02-05,Basic,2174.69
785,Karina Vasquez,daviddavis@example.com,EG,2022-02-20,Standard,189.33
786,Samantha Elliott,brandybonilla@example.net,TO,2025-01-03,Standard,983.29
787,Danielle Jimenez,clayanthony@example.net,KZ,2021-01-30,Premium,1774.49
788,Timothy Rodriguez,eric17@example.net,KM,2020-09-24,Standard,1040.83
789,Debra Barrett,tara97@example.com,ES,2022-11-17,Premium,859.23
790,Rebecca Anderson,solisjustin@example.org,CH,2025-12-30,Standard,4237.7
791,Jane Ross,johnwise@example.com,BT,2020-06-03,Premium,2587.68
792,James Powell,davidhenry@example.com,LK,2020-02-14,Basic,4192.09
793,Michael Anderson,collierwilliam@example.com,PE,2024-11-01,Basic,284.96
794,Justin Henderson,nshepherd@example.org,NZ,2025-04-23,Standard,4394.32
795,Jose Mcpherson,deborahreeves@example.com,SL,2023-10-13,Basic,742.14
796,Donna Kim,ievans@example.net,KG,2023-10-11,Standard,855.84
797,Elizabeth Williams,lowerywilliam@example.net,NO,2025-01-17,Premium,4173.59
798,Nathan Hess,jonathan18@example.org,CI,2022-06-23,Basic,4064.31
799,Richard Cameron,millernancy@example.com,KW,2024-06-10,Premium,3633.8
800,Michael Hanson,matthew23@example.org,BR,2023-07-10,Premium,2113.21
801,Shelby Rodriguez,smithdarryl@example.org,TD,2024-06-24,Basic,3625.97
802,Sheila Church,nturner@example.com,FM,2022-11-11,Standard,3091.92
803,Jennifer Turner,dereklee@example.org,MC,2024-01-16,Basic,3940.62
804,Christine Wong,ryangarrett@example.net,ET,2025-10-27,Premium,2716.65
805,Brittany Henderson,martinelijah@example.net,PA,2020-07-07,Standard,4831.42
806,Scott Richards,kennethgallegos@example.com,BF,2025-10-12,Standard,4529.47
807,Ryan Reynolds,vallison@example.net,UG,2022-01-01,Premium,1902.42
808,Mrs. Jennifer Palmer DDS,dhall@example.net,AM,2024-05-20,Basic,4923.75
809,Arthur Orozco,hsmall@example.com,VU,2022-07-13,Standard,3870.25
810,Michael Smith,jessica75@example.com,HT,2025-08-19,Standard,2564.24
811,Melinda Dorsey,sanderson@example.net,LC,2023-01-17,Standard,4834.71
812,Todd Delgado,laura29@example.org,JM,2022-05-05,Premium,4026.17
813,John Thompson,catherinegarcia@example.com,SA,2024-02-22,Premium,4377.71
814,Anthony Smith,michael22@example.net,AU,2021-10-27,Premium,3241.78
815,Brian Perez,tomchaney@example.com,BD,2024-11-02,Standard,2817.25
816,Stephanie Castaneda,mccarthysara@example.com,PK,2024-08-14,Premium,3585.86
817,Vanessa Harrington,colonbobby@example.org,DM,2025-10-10,Basic,4270.71
818,Susan Moore,jean87@example.net,BZ,2023-10-12,Standard,510.99
819,Robert Martinez,scottperry@example.org,HN,2020-12-04,Premium,1436.68
820,Dustin Jackson,nathan65@example.net,TL,2025-01-03,Basic,822.01
821,Kendra Cobb,lauriegutierrez@example.com,PK,2021-06-21,Standard,549.4
822,Melanie Acevedo,athomas@example.net,SI,2025-09-16,Premium,4101.85
823,Ernest Holden,ryanlong@example.org,HR,2025-08-29,Standard,4659.31
824,Kenneth Levine,robert84@example.net,CH,2025-07-14,Standard,360.96
825,Ronald Mccullough,isabellagriffin@example.org,ST,2021-11-18,Basic,1932.41
826,Jessica Reed,trowe@example.org,AZ,2023-09-29,Standard,4973.17
827,Nathan Hobbs,jason88@example.com,SK,2023-03-23,Standard,1200.24
828,Allison Zamora,john46@example.net,CG,2022-01-16,Standard,4661.05
829,Debbie Romero,williamsdebra@example.org,PE,2024-05-22,Basic,3284.81
830,Jody Bird,michaelmitchell@example.net,TO,2021-10-14,Premium,774.24
831,Kelly Wright,zachary35@example.com,BZ,2024-01-13,Standard,4595.24
832,Jason Davis,ebeasley@example.org,PE,2020-11-17,Standard,3510.75
833,Jennifer Hansen,lwiggins@example.com,ZW,2020-06-20,Premium,3818.32
834,Timothy Burns,jcolon@example.net,CN,2022-07-16,Standard,2298.15
835,Walter Palmer,bensonstanley@example.org,AE,2022-11-28,Premium,4538.7
836,Tammy Wilson,xrodriguez@example.net,JP,2020-12-09,Premium,1354.03
837,Jacob Ritter,kelly02@example.org,TZ,2020-03-29,Premium,2789.14
838,Elizabeth Campbell,loriburns@example.org,SY,2022-07-13,Basic,3083.51
839,Jennifer Berry,ymccullough@example.com,PY,2022-02-02,Standard,644.82
840,Brandi Taylor,qgill@example.com,CZ,2025-01-02,Standard,1264.44
841,Robert Beck,zhughes@example.com,SR,2025-03-13,Premium,333.97
842,Jessica Ramirez,clinejasmine@example.net,ZM,2020-04-10,Standard,3230.86
843,Kristina Martinez,leechristine@example.net,TW,2024-10-10,Basic,2339.86
844,Chelsey Alvarez,martinezsharon@example.org,AM,2020-04-25,Premium,4199.77
845,Ronald Combs,imiller@example.net,LI,2021-08-25,Standard,3024.02
846,Scott Johnson,bwhite@example.net,LB,2022-05-30,Premium,3196.58
847,William Weaver,douglas41@example.org,KP,2022-04-16,Basic,1285.5
848,Amy Woodward,anthonybrown@example.com,BZ,2025-09-17,Premium,1527.23
849,Frederick Bennett,williamsjohn@example.net,TZ,2021-12-02,Premium,3112.57
850,Kathy Avery,bruce78@example.com,BI,2021-06-02,Premium,2896.25
851,David Mercado,angela91@example.org,TH,2022-11-26,Premium,3355.42
852,Keith Griffin,kristathomas@example.net,DO,2023-11-28,Premium,2665.07
853,Jessica Buck,dwilliams@example.net,JP,2024-09-09,Standard,431.63
854,Antonio Weeks,carla65@example.net,GH,2023-12-01,Basic,2766.0
855,Amber Stevenson,turnerrandall@example.org,CU,2023-07-06,Basic,2815.34
856,Dr. Christine Wagner PhD,cynthia74@example.org,HR,2024-05-07,Standard,4379.32
857,Joe Greene,sloandennis@example.org,UZ,2025-11-23,Premium,3214.79
858,Megan Gutierrez,ifarmer@example.org,CF,2022-11-10,Standard,1342.89
859,Stephanie Cabrera,wchambers@example.com,US,2023-11-27,Premium,1849.76
860,Randy Terry,,PA,2022-02-23,Premium,1789.53
861,Olivia Becker,james94@example.net,GN,2020-01-21,Basic,3319.81
862,Jack Campbell DVM,adrianjoyce@example.net,MY,2021-05-28,Premium,3880.36
863,Jonathan Jackson,donnaknight@example.net,UY,2020-08-31,Basic,3807.73
864,Carl Brown,sarah38@example.net,IS,2023-05-23,Premium,317.24
865,Wendy Steele,erin70@example.com,BA,2021-02-24,Basic,1758.88
866,Sarah Morris,rhill@example.net,PT,2024-01-14,Basic,957.94
867,Amanda Griffith,ramirezrobert@example.com,KW,2022-12-21,Basic,2376.65
868,Brad Armstrong,mooneyjeremiah@example.net,NO,2020-01-12,Basic,2444.8
869,Christina Murphy,garrettcolin@example.com,NR,2025-09-29,Premium,4076.34
870,Lori Cook,john73@example.com,BF,2024-11-05,Premium,3608.62
871,Cynthia Jones,oduran@example.com,TT,2024-12-05,Standard,281.22
872,Sydney Bennett,pattonbryan@example.com,BG,2020-09-30,Premium,314.65
873,Andrea Byrd,phillipspatrick@example.org,VN,2021-10-22,Premium,4440.37
874,Kyle Keller,chavezsteven@example.com,VN,2024-07-05,Standard,4673.52
875,Timothy Logan,lholmes@example.org,CD,2023-09-18,Basic,2051.3
876,Andrea Clarke,rebeccamartinez@example.net,IE,2020-08-12,Basic,2419.66
877,Mr. Cody Taylor,brownlarry@example.com,SG,2022-02-17,Premium,3791.13
878,Emily Mcclure,dylanparker@example.com,JP,2025-10-03,Premium,1501.94
879,Kevin Gregory,younglori@example.net,BF,2022-03-19,Premium,4342.41
880,Curtis Kerr,petersonelizabeth@example.net,MD,2022-07-13,Standard,1438.76
881,Erin Lane,christina65@example.org,CA,2025-11-21,Standard,2241.06
882,Amanda Robinson,fowlerheather@example.com,VU,2022-09-22,Standard,3742.21
883,Dr. Robert Aguirre,lharris@example.org,ML,2021-04-11,Standard,1761.28
884,Justin Thomas,llee@example.com,BD,2020-01-22,Premium,2531.4
885,Duane Robinson,jennifer58@example.org,EE,2025-11-06,Standard,1900.0
886,Dennis Garcia,nicholascobb@example.org,LU,2021-03-05,Basic,1406.93
887,David Pacheco,shelleyrowland@example.net,NZ,2025-08-13,Premium,3662.7
888,Charles Glass,jamesgray@example.com,LB,2025-04-08,Premium,2209.98
889,Dana Williams,melissaphillips@example.org,LR,2023-08-06,Premium,2772.82
890,Diana Martinez,fclark@example.com,HR,2021-06-25,Standard,602.73
891,James Khan,victor72@example.com,LC,2023-09-09,Standard,3338.5
892,Michelle Simpson,bianca90@example.org,GN,2022-03-30,Standard,2284.99
893,David Robinson,koneal@example.org,MR,2025-05-14,Basic,2187.97
894,Paul Phillips,jerry07@example.net,VU,2021-07-11,Basic,2275.15
895,Jeffrey Richardson,ystewart@example.org,EE,2022-01-06,Standard,307.54
896,Bill Valenzuela,megan88@example.net,BR,2022-08-25,Standard,3112.77
897,Annette Jones,paynematthew@example.net,LS,2024-09-17,Standard,1445.32
898,Patricia Bruce,janicebolton@example.net,SZ,2021-07-01,Premium,467.7
899,Randy Campbell,krista66@example.net,TW,2023-04-04,Basic,2090.43
900,Jose Juarez,michelleperez@example.net,AE,2023-12-06,Basic,4025.37
901,Kevin Tran,dsharp@example.com,BS,2021-04-04,Basic,883.93
902,Randy Wolfe,samuelfarrell@example.org,MR,2021-11-16,Premium,799.62
903,Elizabeth Rojas,wcochran@example.com,GR,2020-10-31,Basic,3422.64
904,Jennifer Osborne,mark09@example.org,CU,2022-07-07,Standard,270.51
905,Erin Soto,nbaird@example.com,BI,2020-12-02,Premium,1256.38
906,Brian Hudson,tfowler@example.org,DO,2023-03-17,Basic,1895.01
907,Amanda Barker,mjohnson@example.org,MV,2020-08-16,Standard,4752.39
908,Matthew Jones,woodalex@example.com,NG,2021-09-13,Premium,3064.96
909,Betty Barnes PhD,nfriedman@example.org,GA,2022-05-06,Basic,2304.62
910,Mary Moore,briana87@example.com,FR,2021-11-09,Standard,1922.87
911,Austin Ross,aliciakent@example.com,PK,2020-01-17,Premium,2912.22
912,Brandon Lucas,treed@example.com,MX,2022-10-10,Basic,1898.05
913,Casey Wright,qellis@example.org,MC,2023-09-05,Standard,3282.85
914,Tracy Allen,joshuafuller@example.com,TL,2023-05-30,Premium,4806.55
915,Miranda Robinson,wjenkins@example.net,CM,2025-06-30,Premium,3704.81
916,Brian Miranda,robert24@example.org,SD,2025-12-20,Standard,2636.95
917,Mark Lowe,vjames@example.com,FI,2026-09-25,Basic,677.03
918,Brian Stark,ellen77@example.com,BJ,2022-05-19,Standard,3549.79
919,Michelle Kim,khoover@example.org,AM,2020-06-29,Premium,4982.19
920,Caleb Figueroa,chrisgallagher@example.net,IR,2023-08-22,Standard,3500.51
921,Daniel Johnson,scottwilliams@example.net,SK,2020-12-02,Standard,1080.87
922,Stephanie Myers,scott90@example.org,MT,2023-11-05,Premium,4278.85
923,Jade Allen,smithanthony@example.org,LU,2024-08-07,Standard,946.02
924,Amy Benjamin,roblesmaria@example.org,RS,2024-12-02,Basic,2281.04
925,Brian Murphy,colleenvilla@example.com,NP,2021-01-01,Premium,4071.51
926,Howard Thompson,avaldez@example.com,GH,2020-09-21,Standard,3372.41
927,Robert Santos,bradley36@example.com,US,2022-10-02,Basic,418.2
928,Michelle Moody DVM,johnathandavis@example.com,ZM,2022-12-30,Basic,1522.78
929,Valerie Benson,gregory57@example.org,LT,2024-03-05,Standard,4271.67
930,Joann Dixon,wesleybush@example.org,HT,2020-02-08,Basic,3576.86
931,Becky Young,ntodd@example.org,BH,2020-02-16,Basic,3224.73
932,Mr. James May II,vstevenson@example.org,IT,2020-10-28,Standard,2592.9
933,Amanda Conner,swong@example.org,GT,2021-11-26,Premium,4927.15
934,David Ryan,lauriehorton@example.org,UZ,2025-01-29,Premium,1260.01
935,Catherine Soto,kanechad@example.org,BF,2025-03-27,Standard,228.79
936,Dan Davis,joelmiller@example.net,PT,2023-10-21,Basic,2904.16
937,Danielle Thompson,kevinray@example.net,FR,2021-11-13,Standard,4037.94
938,Angela Kaufman,egray@example.com,NO,2021-08-18,Basic,735.88
939,Paige Weiss,ysmith@example.com,BS,2023-01-12,Premium,422.17
940,Linda Hernandez,jonathanford@example.com,JM,2024-07-20,Standard,4998.02
941,Andrea Taylor,mgonzalez@example.org,AL,2022-04-01,Basic,2445.46
942,XXXXXXXXXXXXXXXXXXXXXXXXXXXXXXXXXXXXXXXXXXXXXXXXXXXXXXXXXXXXXXXXXXXXXXXXXXXXXXXXXXXXXXXXXXXXXXXXXXXXXXXXXXXXXXXXXXXXXXXX,vbentley@example.com,MV,2025-03-02,Standard,3868.91
943,Leah Ortiz,riddledavid@example.net,DK,2022-12-08,Basic,461.38
944,David Gentry,william75@example.net,BG,2021-03-01,Standard,3247.46
945,Nancy Allen,dorseymichael@example.net,GD,2023-11-27,Standard,2382.58
946,Brittany Jacobs,jonathanguzman@example.net,DK,2020-03-02,Basic,1788.12
947,Maria Rangel,fmccarthy@example.net,ET,2020-01-28,Basic,3234.99
948,Jeffery Holt,uwillis@example.com,GB,2025-04-03,Premium,3862.13
949,Ann Fields,lisa43@example.net,MY,2025-04-04,Premium,2219.83
950,Christopher Vasquez,jonesheather@example.net,NI,2024-03-11,Premium,4173.81
951,Carolyn Brooks,jameswhite@example.org,PG,2023-12-05,Basic,849.78
952,Curtis Brady,jordanbarrera@example.com,OM,2023-05-27,Premium,893.64
953,Sheena Martin,christopher14@example.org,LV,2023-10-05,Basic,1204.8
954,John Hodges,brownkaren@example.org,TL,2020-03-05,Basic,4485.14
955,Mrs. Kelly Smith,sarah75@example.net,NP,2023-06-30,Premium,1327.97
956,Grace Edwards,shelleyortega@example.com,VA,2022-01-07,Basic,4786.12
957,Gary Garcia,zharrell@example.net,CU,2020-05-05,Standard,713.33
958,Joseph Tapia,miguelmontgomery@example.net,PY,2020-02-26,Standard,3110.7
959,April Little,allen50@example.net,LR,2023-02-02,Premium,2562.61
960,John Stevenson,baileysheila@example.com,KM,2024-01-25,Premium,2999.86
961,Morgan Carter,jenniferkane@example.net,VC,2025-02-20,Basic,855.55
962,Robert Turner,cjackson@example.org,RO,2023-01-10,Basic,3159.95
963,Daniel Mullins,garciavictoria@example.org,DK,2023-12-22,Basic,1754.34
964,James Ramirez,elizabeth12@example.net,ZW,2025-07-28,Basic,301.85
965,Michael Wiggins,schneidernicholas@example.net,CH,2024-05-08,Premium,497.99
966,Martin Hoffman,ostokes@example.com,CI,2024-05-31,Basic,3878.01
967,Gerald Vargas,juliewilson@example.com,CN,2021-09-29,Standard,3290.54
968,Laura Smith,lawrencejames@example.com,NO,2025-02-12,Basic,2141.28
969,Michael Hogan,danielsmith@example.com,KW,2021-12-01,Basic,248.4
970,Sara Porter,shernandez@example.org,AE,2020-11-13,Basic,2773.33
971,Michele George,wayne14@example.net,TO,2023-12-28,Basic,4787.59
972,Kathleen Padilla,zbrown@example.com,DE,2022-11-13,Standard,1299.9
973,Nicholas Cochran,leblanckimberly@example.com,ZA,2024-12-18,Basic,2089.85
974,Miss Sarah Ritter,rrogers@example.com,MG,2022-05-08,Standard,457.57
975,Joseph Campbell,jacquelinekelley@example.org,CO,2024-07-18,Premium,874.59
976,Sharon Brown,stephen29@example.org,PA,2021-12-09,Standard,2472.83
977,Charles Robinson,jillsmith@example.net,TR,2024-03-04,Premium,1766.94
978,Shannon Bennett,kshelton@example.org,BY,2020-08-11,Premium,1631.65
979,Tony Wilson,brittney26@example.org,AU,2022-02-18,Basic,1664.65
980,Eric Carlson,denisebennett@example.net,SV,2020-09-17,Standard,4879.33
981,Sharon Santos,cynthia75@example.org,CL,2023-12-13,Premium,3827.26
982,Martin Kerr,andrewberry@example.net,QA,2020-09-12,Basic,2852.09
983,Rebecca White,scooke@example.com,KG,2021-08-22,Standard,1284.52
984,Arthur Stout,richardhaynes@example.com,TH,2023-06-05,Premium,1410.61
985,Kerri Brown,molinajared@example.net,CL,2024-11-26,Premium,790.3
986,Catherine Peters,david29@example.org,TD,2021-01-30,Premium,1522.04
987,Sarah Johnson,huntermichael@example.net,DO,2020-12-19,Standard,4334.4
988,April Turner,donna72@example.net,RW,2022-07-15,Standard,1316.52
989,Victoria Bell,haileybates@example.org,GW,2024-03-02,Premium,4086.04
990,Scott Lewis,carrierobinson@example.com,IT,2020-03-21,Basic,3633.53
991,Angela Scott,ksantos@example.com,PH,2020-10-08,Premium,3839.29
992,Jeffery Neal,chadoconnor@example.net,MC,2020-07-01,Standard,4980.25
993,Kristy Holland,roberthernandez@example.com,MU,2023-11-15,Standard,2543.92
994,Angela Martinez,suttonrichard@example.com,DZ,2020-02-26,Standard,2537.11
995,Paula Thomas,joshuagarcia@example.org,MT,2020-07-13,Premium,4731.64
996,Becky Fox,brianna71@example.net,MG,2025-09-16,Basic,2340.43
997,Kristen Lawson,jacksonstacey@example.com,EG,2024-03-14,Premium,1154.21
998,Tracy Schmidt,iwoods@example.com,AG,2022-01-26,Standard,338.42
999,Mary Thomas,brian53@example.net,UZ,2024-02-13,Standard,2524.98
1000,Jeffrey Gomez,rshaw@example.com,SK,2022-07-05,Basic,3395.35
1001,Robin Torres,mezarichard@example.com,BW,2025-08-25,Standard,2729.78
1002,David Davis,millerjustin@example.com,AG,2023-10-22,Premium,2211.55
1003,Jordan Cross,rjimenez@example.net,SN,2025-10-09,Standard,3664.79
1004,Luis Bartlett,kleinjacqueline@example.net,LY,2024-03-09,Standard,1893.09
1005,Tiffany Morrow,lawsontami@example.net,SL,2021-06-19,Standard,350.67
1006,Jacob Anderson,stephanie67@example.com,DO,2025-06-03,Basic,1053.81
1007,Thomas Wright,robertstimothy@example.com,GH,2022-03-28,Basic,1514.15
1008,Jennifer Leblanc,wallspatricia@example.com,BG,2020-01-05,Standard,2570.85
1009,Erin Gomez,baileyjennifer@example.com,MH,2022-02-18,Basic,1470.63
1010,Craig Rice,robertgentry@example.org,DE,2020-01-20,Basic,3433.95
1011,John Brooks,ross28@example.com,CD,2024-08-12,Premium,730.45
1012,Jessica Taylor,tsmith@example.org,CG,2025-12-07,Premium,2030.13
1013,James Manning,martinjames@example.com,TL,2021-02-19,Standard,2833.38
1014,John Simpson,markduran@example.com,SC,2025-11-23,Standard,3799.33
1015,Samantha Anderson,sparksdavid@example.com,SC,2024-05-09,Premium,3052.07
1016,Amber Gallegos,vbray@example.org,NZ,2020-01-30,Standard,2550.38
1017,Bradley Patterson,jessicalopez@example.com,CI,2022-11-18,Premium,290.68
1018,Danielle Hoover MD,hayneswayne@example.org,ET,2025-03-08,Basic,1731.9
1019,Madison Perez,richardhill@example.org,CY,2025-12-14,Standard,2644.73
1020,Ann Williams,swarren@example.net,HT,2022-07-23,Premium,3070.68
1021,Antonio Simmons,torresjoseph@example.com,MG,2021-04-30,Basic,784.93
1022,Steven White,williamsjulie@example.org,JO,2024-04-08,Basic,1660.8
1023,Ashlee Lopez,tcox@example.org,BY,2022-10-31,Standard,4954.02
1024,Patricia Anderson,judith59@example.net,UY,2024-01-05,Basic,4228.75
1025,Christine Cruz,andersonjulia@example.org,BB,2022-03-25,Basic,1748.23
1026,Martha Lee,eschaefer@example.net,VN,2023-07-09,Basic,2708.47
1027,Wanda Harris,bradleylee@example.net,LC,2022-01-21,Basic,2858.33
1028,Sarah Meadows,patricia71@example.com,BJ,2021-07-07,Standard,4097.17
1029,Tiffany Gibbs,carolhorton@example.org,JP,2022-11-23,Standard,1723.07
1030,Rebecca Benson,isimpson@example.net,BO,2020-04-09,Premium,4901.5
1031,Janet Chan,nlawson@example.org,AD,2020-12-28,Basic,1607.62
1032,Michael Suarez,ugordon@example.net,IL,2020-12-16,Basic,4373.29
1033,Michael Arnold,jeffreyferguson@example.com,BB,2021-10-26,Basic,230.57
1034,Diana Anderson,dayjohn@example.org,SN,2023-11-02,Standard,1401.1
1035,Mackenzie Compton,christopher84@example.net,CR,2020-09-11,Basic,3936.23
1036,Erika Brown,hollowayjeffrey@example.com,EE,2022-06-13,Basic,2930.41
1037,Matthew Parrish,sharphailey@example.net,IE,2021-07-14,Basic,351.64
1038,Kristen Montoya,markharris@example.net,GB,2025-03-21,Standard,935.51
1039,Nicholas Hamilton,racheldavis@example.org,PK,2022-05-16,Basic,3633.8
1040,Chelsea Henry,deborahsmith@example.org,EE,2021-02-09,Standard,824.1
1041,Chelsea Thomas,psanchez@example.com,BZ,2024-11-26,Basic,1286.76
1042,Paul Smith,grayandrew@example.org,BA,2024-05-05,Basic,4746.21
1043,Randy Adams,sparksalbert@example.org,SR,2025-08-09,Premium,1034.84
1044,Michael Harris,cmalone@example.org,KP,2024-05-31,Standard,1637.09
1045,Anthony Holt,smithbradley@example.net,KE,2021-12-27,Premium,2123.5
1046,Jennifer Smith,andrewsimmons@example.org,MH,2020-08-12,Premium,2110.85
1047,Shawn Cruz,vasquezvicki@example.org,CA,2023-12-06,Basic,4610.55
1048,Billy Cook,sandra10@example.net,CZ,2025-09-26,Basic,3664.27
1049,Linda Shelton,patriciamcdaniel@example.net,JO,2021-01-25,Basic,776.6
1050,Thomas Stanley,lisa10@example.org,TD,2022-02-02,Premium,2848.35
1051,Jeremy Robles,hbriggs@example.net,NP,2020-11-17,Basic,2444.02
1052,Brandon Cooley,katrinagomez@example.com,NO,2025-10-03,Standard,1637.39
1053,Lindsay Fields,leahvaldez@example.org,MV,2022-11-20,Premium,2352.35
1054,Joseph Patel PhD,tmiller@example.com,SL,2022-07-06,Basic,1777.4
1055,Nicole Warner,michaelharris@example.org,ML,2023-06-20,Standard,3411.76
1056,Tammie Brown,michael24@example.com,CV,2023-05-08,Basic,3435.65
1057,Tara Fisher,mariabrown@example.org,CL,2025-01-04,Basic,1395.37
1058,Jamie Johnson,swatson@example.org,HR,2025-10-08,Standard,1042.09
1059,Kirk Moore,michaelmiller@example.org,AL,2023-06-28,Premium,1467.13
1060,Brittany White,kaitlinhale@example.com,PW,2023-06-01,Standard,1201.85
1061,Richard Dominguez,daniel00@example.net,GB,2022-06-20,Standard,3878.75
1062,James Henderson,qspencer@example.net,SC,2021-01-15,Basic,1115.66
1063,Timothy Nelson,boydtiffany@example.org,CH,2021-11-01,Basic,2496.12
1064,Colleen White,velasqueztaylor@example.com,TD,2021-04-09,Standard,1809.14
1065,Carmen Pratt,glee@example.org,BO,2023-11-07,Basic,1439.94
1066,Gabriela Allen,amberjones@example.net,AG,2022-03-05,Premium,2910.04
1067,Juan Little,allenchristopher@example.net,TM,2024-07-15,Basic,1960.5
1068,Mrs. Amber Davis,alan54@example.com,SC,2020-04-08,Standard,4110.05
1069,Molly Dickson,riverapeggy@example.net,BZ,2021-03-02,Premium,1523.22
1070,Allison Flynn,cwillis@example.com,DK,2023-01-05,Standard,4781.04
1071,Stephen Davis,nicoleaguirre@example.net,CV,2020-11-28,Premium,1797.18
1072,Victor Black,seth25@example.com,ML,2024-08-11,Standard,3314.26
1073,Amanda Marquez,nallen@example.net,BO,2023-09-28,Basic,2447.49
1074,Wendy Davis,thomasmonica@example.net,BT,2025-09-30,Premium,4156.96
1075,Christopher Phillips,ramirezmichael@example.org,BN,2022-12-29,Standard,4671.82
1076,Deanna Kennedy,kathryn72@example.org,TN,2021-01-27,Basic,1430.95
1077,Dustin Ortiz,scotthunt@example.net,KW,2022-12-05,Premium,3116.82
1078,Katie Baker,oliverdawn@example.net,HN,2022-03-29,Basic,1272.48
1079,Brittney Garcia,zmoore@example.org,GR,2024-03-13,Premium,3382.19
1080,Brandon Owens,lrodriguez@example.net,CD,2022-04-30,Basic,1205.79
1081,Patricia Gonzalez,caleb59@example.com,GH,2025-07-03,Premium,357.21
1082,Donald Johnson,stacythomas@example.org,LB,2024-03-18,Standard,1718.44
1083,Patricia Brown PhD,nirwin@example.org,GH,2023-05-29,Standard,592.67
1084,Melinda Nelson,christopherjones@example.com,BR,2025-03-16,Premium,125.39
1085,Shelby Warren,jack01@example.com,LV,2021-10-15,Basic,4891.76
1086,Craig Mcmahon,salvarez@example.org,MC,2025-10-11,Premium,2093.85
1087,Laura Morrow,christiancontreras@example.net,CY,2022-08-14,Standard,2439.5
1088,Dr. Natalie Doyle,alexis72@example.com,LB,2021-12-10,Premium,3803.96
1089,Jennifer Meyer,mcneilsherry@example.org,ZW,2020-09-05,Standard,1673.72
1090,Anne Robinson,robertpayne@example.org,US,2022-09-11,Basic,389.9
1091,Tristan Bonilla,woodmichael@example.com,KP,2022-04-07,Premium,3296.26
1092,Melissa Banks,wgutierrez@example.com,SR,2023-01-05,Premium,2722.25
1093,Gabriella House,lpatterson@example.net,UG,2022-07-22,Basic,4266.63
1094,Dustin Keller,swalters@example.net,BZ,2020-12-22,Premium,4574.83
1095,Ashley Banks,vgarcia@example.net,ST,2025-12-20,Premium,2147.64
1096,Kevin Johnson,melissa33@example.com,TG,2020-08-06,Premium,4676.22
1097,John Martinez,pgutierrez@example.net,SZ,2022-04-14,Premium,4986.14
1098,Rachael Romero,nichole44@example.com,GQ,2022-05-17,Standard,3961.01
1099,Jennifer Smith,krystalrandall@example.net,SZ,2021-06-13,Premium,4689.38
1100,Tyler Haney,angelamyers@example.net,BA,2023-08-07,Standard,4396.04
1101,Timothy Patterson,lmadden@example.com,LB,2022-05-11,Premium,1562.12
1102,Brett Owen,welchkristen@example.net,IL,2023-02-07,Basic,625.77
1103,Frank Davis,kimcristina@example.net,DE,2025-01-08,Standard,1494.35
1104,Tammie Miller,ujohnson@example.org,PH,2020-03-01,Basic,2762.17
1105,Chelsea Delgado,kennethnichols@example.org,RS,2023-10-22,Standard,4457.37
1106,Patricia Hopkins,christopher20@example.net,TT,2024-09-05,Premium,4270.19
1107,Timothy Martinez,justinkline@example.org,BO,2025-03-14,Standard,1436.9
1108,Ryan Myers,apope@example.org,RU,2022-12-18,Premium,1720.35
1109,Michael Brooks,cynthia72@example.org,KG,2025-10-02,Basic,2348.68
1110,Keith Obrien,wilsonmatthew@example.com,RO,2020-01-23,Standard,3621.13
1111,Abigail Boyd,sara39@example.org,SO,2025-12-19,Premium,3709.43
1112,Brittany Camacho,roachanthony@example.org,GN,2020-02-20,Standard,2882.13
1113,Beth Hill,stephaniebailey@example.net,CF,2020-07-01,Premium,959.93
1114,Kathleen Hunt,qnielsen@example.org,FJ,2021-10-06,Basic,4495.51
1115,Diana Long,gabriel37@example.com,PE,2024-02-14,Standard,2624.88
1116,Rose Dean,kpatterson@example.com,MR,2022-07-17,Premium,2064.08
1117,Joanna Preston,brenda49@example.net,SM,2025-05-21,Premium,1005.43
1118,Christopher Morris,michaeljones@example.net,MR,2022-02-10,Premium,2439.53
1119,Barbara Flores,lovejason@example.net,LI,2022-03-25,Premium,133.47
1120,Janice Guzman,dakotaramirez@example.net,SV,2025-05-23,Standard,1254.05
1121,Jennifer Avila,lisa33@example.org,SA,2020-06-12,Standard,4774.77
1122,Jennifer Martinez MD,brittany39@example.org,JM,2022-12-28,Standard,2954.06
1123,Laura Smith,zmitchell@example.org,SN,2020-02-09,Basic,156.04
1124,Matthew Jones,gallegosrobert@example.com,IS,2025-07-04,Basic,1861.81
1125,Bobby Hampton,zsalazar@example.com,MC,2021-11-25,Premium,404.41
1126,Martin Lozano PhD,johnsonbrandon@example.org,CU,2025-11-25,Premium,2380.44
1127,Michael Graham,christopherramsey@example.com,SO,2020-08-18,Premium,2086.54
1128,Shawna Green,rodriguezstacey@example.org,IN,2025-12-08,Basic,4623.22
1129,Robin Nelson,sarasilva@example.org,CN,2021-12-22,Basic,3872.22
1130,Kevin Horn,qwalsh@example.org,SK,2021-11-30,Basic,675.34
1131,Mary Bray,kendra73@example.org,IN,2023-03-01,Standard,1900.97
1132,Heather Houston,donnamoss@example.org,MD,2024-08-05,Premium,1173.73
1133,Amy Smith,taylorcruz@example.com,CA,2020-06-19,Premium,2443.09
1134,Pam Palmer,kathleen47@example.net,DE,2022-01-15,Standard,3763.9
1135,Carlos Rangel,nhester@example.net,FR,2025-01-31,Basic,1930.76
1136,Donald Martin,stephanie91@example.org,PL,2024-09-05,Basic,2791.25
1137,Cynthia Shannon,josephalvarez@example.net,PG,2025-04-03,Standard,3811.02
1138,Joshua Gomez,edwardshaw@example.net,LT,2022-02-10,Basic,4145.46
1139,Brent Wong,mlee@example.com,EE,2020-04-26,Premium,3433.68
1140,Katherine Hamilton,lucassusan@example.org,CI,2023-07-25,Basic,4378.36
1141,Derek Jones,hillnicole@example.net,VC,2020-04-26,Premium,2674.98
1142,Daniel Holloway,tyler23@example.com,DZ,2022-06-05,Basic,3548.45
1143,Morgan Davis,sstevenson@example.org,DO,2021-09-22,Premium,4594.5
1144,Cody Yoder,suzannewade@example.com,LT,2021-11-21,Premium,402.61
1145,Sierra Jackson,wheelertara@example.net,AD,2020-02-15,Basic,4524.15
1146,Brian Fuentes,mary88@example.org,TW,2022-12-05,Premium,2906.24
1147,Eric Fitzgerald,whenry@example.net,IE,2020-11-17,Premium,906.23
1148,Jimmy Carey,jennifer89@example.com,CG,2023-12-24,Basic,2265.02
1149,Margaret Hernandez,qchase@example.org,MK,2021-08-14,Basic,1106.47
1150,Patrick Mcpherson,jamie13@example.com,DZ,2022-12-26,Basic,2495.26
1151,Mark Gardner,harcher@example.org,IN,2020-08-24,Basic,2282.87
1152,Gary Lawrence,kyle09@example.net,ME,2025-06-17,Premium,2321.82
1153,Jessica Gibson,keith07@example.net,CY,2022-01-22,Basic,2135.58
1154,Vincent Hanson,kevinroberts@example.com,AL,2022-10-18,Basic,382.91
1155,Roger Martinez,btorres@example.com,HR,2022-09-21,Standard,3396.56
1156,Chad Koch,stephaniereeves@example.org,ES,2025-01-01,Standard,3644.07
1157,Angela Robinson,pfitzpatrick@example.net,DZ,2021-03-07,Standard,1346.84
1158,Tanner Orozco,carla29@example.com,GD,2022-04-26,Premium,3754.44
1159,Brenda Saunders,derek83@example.com,KP,2025-04-03,Basic,457.84
1160,Lori Gardner,bpatton@example.org,CU,2020-07-06,Standard,1788.19
1161,Kathy Jennings,taylor67@example.com,NG,2023-02-27,Premium,2751.7
1162,Allison Wang,camposchristina@example.com,HN,2022-10-07,Premium,4679.46
1163,Marc Yoder,brian62@example.com,SV,2023-06-25,Premium,4932.07
1164,Shelly Stevens,millerjoseph@example.net,CD,2020-01-14,Standard,255.5
1165,Dylan Olson,michelle19@example.net,SE,2021-12-31,Standard,981.91
1166,Daniel Thomas,rtaylor@example.net,DE,2024-06-07,Premium,3852.56
1167,William Smith,mhanson@example.org,BJ,2021-10-21,Basic,3264.82
1168,Barbara Davis,dalejohnson@example.net,PA,2020-01-01,Standard,1934.86
1169,Elizabeth Webb,loriskinner@example.net,IL,2022-05-06,Standard,2297.83
1170,Shannon Williamson,bthomas@example.org,CV,2024-12-05,Standard,1940.66
1171,Carolyn Harmon,thomasroberts@example.net,BZ,2024-11-28,Basic,4824.31
1172,Michael Myers DDS,marshalllisa@example.org,AT,2025-10-02,Basic,751.65
1173,James Carpenter,brewerpatricia@example.net,PA,2021-09-12,Standard,681.3
1174,Tonya Mcdonald,khill@example.com,SC,2020-04-03,Basic,2025.99
1175,Hannah Mccarthy,lpalmer@example.net,CZ,2025-02-18,Premium,3666.5
1176,Gina Espinoza,joshuafarmer@example.com,MX,2022-02-09,Premium,4190.63
1177,Karen Estes,barbarapennington@example.net,SL,2020-05-29,Premium,4894.6
1178,Leah Carpenter,bjones@example.net,DJ,2021-07-21,Standard,3400.15
1179,Kathryn Shelton,kathleen31@example.org,ZA,2021-05-22,Basic,2178.23
1180,Jennifer Brown,danny17@example.com,UZ,2025-05-09,Standard,4134.47
1181,Christopher Rodriguez,ogray@example.net,TH,2023-10-15,Premium,2357.06
1182,Jeffrey Mitchell,judyhamilton@example.net,FI,2021-03-13,Premium,1450.68
1183,Tyler Davis,patrickpatricia@example.com,NE,2020-07-07,Basic,3850.9
1184,Gina Fleming,nlee@example.net,PY,2023-05-30,Premium,4066.44
1185,Steven Castaneda,gonzalescolleen@example.org,TN,2023-01-02,Standard,3113.12
1186,Elizabeth Wilson,brettfernandez@example.org,GR,2020-06-20,Premium,1279.26
1187,Ronald Myers,carlos24@example.org,SN,2024-12-04,Premium,594.39
1188,Tara Porter,imontgomery@example.net,CG,2023-06-14,Premium,2287.56
1189,Victoria Delgado,morganjose@example.com,BH,2023-06-30,Basic,3546.1
1190,Morgan Glass,youngcharles@example.net,VA,2020-11-01,Premium,1299.2
1191,Amanda Zavala,ngeorge@example.org,TG,2024-03-20,Premium,2071.1
1192,Nathaniel Garcia,promero@example.com,NR,2022-11-14,Premium,2744.82
1193,Sherri Perez,johnsonkimberly@example.org,SN,2022-11-12,Premium,786.66
1194,Michael Smith,xwilliams@example.com,MC,2023-08-25,Standard,1247.39
1195,Kirsten Wilson,princetoni@example.com,MH,2020-10-01,Basic,2922.94
1196,Anthony Hall,perezjulie@example.net,TN,2021-02-28,Basic,3029.8
1197,Shelley Wright,jonesdavid@example.org,JM,2020-04-10,Basic,4110.07
1198,Matthew Sanchez,david67@example.net,CM,2020-04-05,Premium,1578.65
1199,Todd Harris,priscilla37@example.net,KI,2023-12-09,Premium,4929.91
1200,Eileen Valdez,luis88@example.org,BF,2025-08-24,Basic,1183.11
1201,Trevor Tucker,harrisderrick@example.net,HT,2022-01-29,Standard,1448.25
1202,Barbara Hardy,barryyoung@example.com,CF,2021-10-30,Basic,4747.75
1203,Alison Huff,joshua64@example.org,BH,2024-08-01,Basic,4566.73
1204,Kathleen Roy,owallace@example.org,MU,2021-09-03,Basic,3425.88
1205,Anthony Torres,sharon95@example.com,GB,2021-02-08,Basic,2528.54
1206,Glenda Calderon,yglenn@example.net,LK,2023-07-18,Standard,4713.77
1207,Kristen Farley,michele87@example.com,TO,2024-07-06,Basic,1967.66
1208,Debbie Horne,preese@example.org,AL,2024-04-24,Basic,1661.8
1209,Denise Lutz,matthew60@example.net,IS,2021-09-07,Standard,2100.47
1210,Rachel Patrick,martinezashley@example.com,IN,2022-03-03,Standard,1944.65
1211,Alan Smith,churchtimothy@example.net,GM,2025-01-31,Basic,2420.24
1212,Angela Prince,stephanie72@example.com,IS,2022-06-14,Premium,1573.61
1213,Darren Thompson PhD,halldiamond@example.org,LA,2021-07-22,Basic,807.32
1214,Evan Tran,bruceklein@example.com,IE,2023-01-15,Standard,4582.23
1215,Sarah Fernandez,burkemichael@example.org,SD,2020-02-05,Basic,2122.12
1216,Cynthia Nguyen,maria61@example.net,NP,2022-08-30,Standard,2830.71
1217,Gabriel French,theresa57@example.com,VU,2025-04-02,Premium,2003.25
1218,Earl Hernandez,,SE,2020-03-09,Standard,1096.35
1219,Rachel Marquez,nicholasaguilar@example.net,RS,2024-04-17,Basic,487.45
1220,Marie Friedman,arianacuevas@example.net,SY,2020-11-24,Standard,4250.95
1221,Barbara Johns,lawsondonna@example.net,OM,2024-05-27,Premium,2724.61
1222,Kenneth Bartlett,john53@example.com,KW,2021-11-25,Premium,352.53
1223,David Oconnor,wcox@example.net,SD,2024-06-27,Standard,3400.99
1224,John Hall,ihall@example.net,HN,2020-06-16,Basic,293.78
1225,Kevin Taylor,laura55@example.org,BR,2024-08-28,Premium,1022.0
1226,Brittany Snyder,rachelwalter@example.org,DM,2022-06-14,Basic,3649.1
1227,Justin Conrad,martinezaustin@example.com,AR,2020-09-21,Basic,1163.38
1228,Brandi Camacho DVM,zgomez@example.net,TH,2024-02-20,Premium,4360.42
1229,George Summers,brittany91@example.net,BD,2021-06-12,Standard,1585.62
1230,Tiffany Lozano,byang@example.com,TW,2020-06-10,Premium,1137.86
1231,Clifford Cannon,hernandezalan@example.net,MN,2022-11-11,Premium,4814.18
1232,Frank Thompson,shirley13@example.com,SA,2024-01-16,Premium,3759.71
1233,Stephanie Riley,ymitchell@example.com,TW,2022-01-17,Standard,4580.76
1234,Robert Navarro,russellramirez@example.net,KW,2021-01-25,Basic,3061.57
1235,Bryan Hill,kwalker@example.com,IL,2020-08-05,Premium,2043.5
1236,Tammy Estrada,codyarnold@example.net,TW,2025-12-06,Premium,2805.19
1237,Amanda Macdonald,adamwall@example.org,MN,2021-01-04,Standard,1965.24
1238,Laura Dennis,mariahphillips@example.org,VC,2021-03-21,Invalid,3278.73
1239,Jill Reynolds,christopher24@example.net,SV,2024-03-27,Standard,1381.65
1240,Bob Mcguire,murphywilliam@example.com,PH,2020-09-12,Basic,4425.78
1241,Paula Mann,patricia06@example.org,MA,2023-10-13,Standard,583.18
1242,Ryan Guerrero,averycourtney@example.org,CU,2024-10-06,Basic,2400.5
1243,Connie Gonzalez,lhernandez@example.net,SB,2023-07-08,Standard,4580.22
1244,Shawn Tapia,aaronjones@example.net,VA,2021-09-11,Standard,1633.32
1245,Jason Baker,pwelch@example.net,MG,2021-04-01,Premium,2856.37
1246,Catherine Evans,nancycontreras@example.com,ZM,2022-11-26,Premium,3732.14
1247,John Davis,mccartypenny@example.com,NL,2022-05-09,Premium,1377.79
1248,Matthew Wilson,qhuber@example.org,LY,2025-10-24,Basic,2937.8
1249,Patricia Webb,rburke@example.org,AT,2024-03-07,Standard,1546.44
1250,Stacy Patton,hartmarcus@example.net,LB,2021-09-29,Premium,1716.34
1251,Jessica Green,adamsjessica@example.com,ZW,2022-06-20,Standard,2891.97
1252,Jason Armstrong,amandachan@example.org,VE,2024-11-28,Premium,2546.58
1253,Joshua Clements,langchristopher@example.net,LT,2023-08-31,Basic,4722.98
1254,Kristen Pena,michaelgonzalez@example.org,X1!,2025-06-21,Standard,1360.9
1255,Donna Martin,martin38@example.net,HU,2022-05-16,Standard,4835.89
1256,Alejandro Bentley,masonlacey@example.org,DJ,2025-08-21,Basic,3724.01
1257,Mark Watts,nelsondavid@example.com,TD,2021-09-12,Standard,924.34
1258,Sherri Atkins,jonesjennifer@example.net,NI,2022-05-28,Standard,929.4
1259,Kimberly Ellison,fitzgeraldlaura@example.org,UZ,2020-02-14,Basic,2778.08
1260,Jessica Paul,joshua31@example.com,TD,2025-02-25,Premium,4592.81
1261,Jeffrey Walker,ehoffman@example.com,ME,2023-06-16,Basic,4952.59
1262,Alan Crawford,wbean@example.net,LC,2023-03-14,Premium,2667.33
1263,William Sanders,sergiowoods@example.org,BA,2020-08-25,Premium,4731.42
1264,Mark Miller,jaredmcmahon@example.net,HU,2021-11-11,Basic,337.72
1265,Ryan Mills,briansnyder@example.com,KR,2020-07-02,Premium,2120.72
1266,Amanda Barker,rsavage@example.net,GE,2024-06-10,Basic,1234.02
1267,Kimberly Edwards,,TH,2024-07-12,Basic,840.05
1268,Angela Garcia DDS,amartinez@example.org,SK,2025-02-24,Premium,2578.09
1269,Jeffrey Stanton,mccluretyler@example.net,SL,2024-06-27,Standard,396.21
1270,Kimberly Ross,david44@example.net,LI,2022-12-03,Basic,3367.1
1271,Matthew Thomas,leahcrane@example.com,SI,2023-09-09,Basic,4572.48
1272,Daniel Rivera,frankespinoza@example.com,AG,2023-08-17,Basic,2490.49
1273,John Holder,collinsjacob@example.net,BY,2021-11-27,Premium,2707.84
1274,Antonio Harrison,carlfields@example.org,LY,2023-03-24,Standard,158.07
1275,Denise Hoover,tsilva@example.com,VU,2023-10-09,Basic,3638.74
1276,Kristina May,chrishernandez@example.net,GM,2024-08-07,Basic,4889.65
1277,Brian Robles,xrivera@example.net,UY,2021-09-05,Premium,2560.86
1278,Shelby Barnett,aclark@example.org,GM,2021-08-30,Basic,3402.76
1279,Brianna Martin,morrispaula@example.org,CU,2020-07-19,Premium,624.38
1280,Maurice Murphy,allenphillip@example.com,MA,2023-01-26,Premium,2669.49
1281,Joseph Schmidt,stephaniedougherty@example.com,LC,2022-11-05,Premium,1040.47
1282,Jeremy Neal,gina86@example.net,MG,2020-11-09,Basic,1336.85
1283,Savannah Townsend,jessica39@example.net,ET,2021-01-25,Standard,1409.89
1284,Paul Smith,mward@example.org,TZ,2022-04-17,Standard,487.19
1285,Jacob King,lawsonarthur@example.com,BA,2021-11-11,Standard,2349.09
1286,Michael King,maddoxmadeline@example.net,PW,2022-11-14,Premium,4952.14
1287,Katherine Wells,johnsonanthony@example.net,DE,2025-12-24,Premium,1569.88
1288,Samuel Miller,browndana@example.org,KW,2024-03-26,Premium,3303.31
1289,Victoria Lee,cookemily@example.com,KN,2020-08-01,Basic,3821.97
1290,Dr. Holly Smith,qbutler@example.net,BH,2021-01-05,Premium,2085.86
1291,Kathryn Daniel,thompsonbradley@example.net,FJ,2020-05-22,Standard,2808.24
1292,Mark Wilkinson,collinsann@example.org,LV,2024-02-17,Premium,3220.07
1293,Angelica Conrad,wilsonchristopher@example.net,BT,2022-10-18,Basic,939.78
1294,Tracy Wang,robinsonnicholas@example.org,RS,2021-02-10,Standard,4242.12
1295,Michael Bender,julierojas@example.com,BF,2025-08-28,Basic,3943.44
1296,Douglas Cunningham,mperez@example.com,FR,2022-04-11,Basic,4888.91
1297,Michael Baker,xkelly@example.com,BA,2021-01-23,Premium,4484.48
1298,Melissa Jackson,kmoore@example.org,ME,2023-02-19,Premium,1225.86
1299,Melanie Roberts,holly88@example.net,IQ,2022-08-08,Basic,4449.02
1300,Deanna Mcdonald,weekszachary@example.net,ER,2020-07-17,Standard,1428.37
1301,Frank Elliott,morrisdaniel@example.com,AG,2022-11-07,Premium,3453.7
1302,George Leach,robintorres@example.com,ST,2020-12-13,Standard,4506.63
1303,Robert Bryant,esimon@example.org,ID,2021-02-11,Basic,3324.74
1304,Karen Morales,arellanonatalie@example.net,CD,2024-05-03,Premium,4650.96
1305,Tiffany Morales,martingarrett@example.com,UG,2022-07-11,Standard,176.72
1306,Christina Compton,davidcook@example.org,BW,2025-10-15,Premium,2976.48
1307,Rebecca Ellis,stevenhopkins@example.org,EC,2021-11-08,Basic,4122.42
1308,David Harris,ramseyeric@example.net,MR,2021-10-22,Premium,1566.46
1309,Brett Pierce,ehale@example.net,MT,2020-01-11,Basic,1278.31
1310,Pamela Davis,lucasmcconnell@example.com,LR,2024-12-26,Standard,3417.47
1311,Monica Coleman,wferguson@example.com,SV,2025-05-21,Basic,1725.48
1312,Connie Franklin,mikemorgan@example.org,VA,2024-06-10,Basic,785.76
1313,Billy Hall,nlopez@example.com,NZ,2023-08-05,Basic,3648.4
1314,Christopher Hernandez,paul70@example.com,NL,2020-07-22,Basic,3752.74
1315,Joseph Rodriguez,reedjessica@example.net,NA,2021-01-28,Standard,363.11
1316,Francis Andrews,aparks@example.com,TD,2024-10-26,Standard,1237.51
1317,Raymond Turner,judy19@example.com,SC,2025-10-04,Premium,1768.9
1318,George Nichols,daniel26@example.net,PS,2022-03-27,Basic,4778.81
1319,Brittany Rogers,james97@example.com,BE,2022-04-20,Standard,4847.71
1320,Sean Stevens,smallgina@example.com,NO,2022-10-15,Standard,245.17
1321,Robert Daniels,kellybutler@example.com,LR,2022-01-09,Standard,3939.39
1322,Brian Dennis,fwright@example.net,BY,2021-10-14,Standard,2503.96
1323,Johnny Orozco,teresa93@example.net,SL,2020-10-03,Standard,2809.88
1324,Gabriel Johnson,reyestina@example.org,LU,2023-05-31,Standard,2216.05
1325,Jenny Johnson,jennifer16@example.org,FI,2025-07-25,Basic,2970.79
1326,Lisa Ryan PhD,brooksthomas@example.com,IS,2023-06-04,Standard,519.9
1327,Destiny Powers,rbrowning@example.com,IR,2024-06-24,Basic,1547.36
1328,Richard Sandoval,joseph95@example.org,GN,2020-01-12,Premium,3594.23
1329,Connie Carr,omatthews@example.net,LS,2021-05-07,Premium,1413.06
1330,Justin Cooper,michael72@example.com,CH,2023-04-01,Standard,3587.22
1331,Carolyn Price,kjohnson@example.org,ZM,2022-12-29,Basic,855.96
1332,Mrs. Nicole Moreno,kelly57@example.net,PT,2022-12-02,Standard,1651.72
1333,Carol Bell,wperry@example.org,GB,2020-03-05,Premium,548.45
1334,Katherine Young,nicholasrush@example.org,BY,2025-11-02,Standard,2279.21
1335,Brian Roberts,katiejoyce@example.com,SY,2022-05-17,Standard,600.93
1336,Jennifer Greene,kaylee15@example.net,SO,2022-06-14,Premium,1018.22
1337,Jared Sherman,margaret72@example.org,MZ,2023-03-12,Standard,2829.23
1338,Felicia Marshall,francesgarcia@example.net,TD,2021-09-23,Basic,2099.42
1339,Colin Johnson,dillonharvey@example.org,US,2022-07-05,Premium,539.13
1340,Alexander Bishop,ashleykennedy@example.org,MN,2023-06-04,Basic,556.01
1341,Rachel Price,melissamartin@example.com,RS,2020-02-19,Basic,3943.75
1342,Timothy Morse,david10@example.org,TR,2025-03-31,Standard,160.47
1343,Larry Fritz,teresaporter@example.org,UY,2022-10-07,Standard,2000.22
1344,Susan Sanchez,smithantonio@example.net,NE,2025-01-09,Premium,3651.73
1345,Shannon Jones MD,nicole81@example.net,UZ,2025-03-14,Basic,4535.52
1346,Allison Castillo,carterraymond@example.net,BB,2023-11-18,Premium,2902.61
1347,Kayla Banks,gcobb@example.org,IN,2022-03-07,Premium,3458.05
1348,Rebecca Bowen,robert52@example.org,RO,2024-07-18,Premium,780.32
1349,Martin Jones,wgoodwin@example.com,LV,2021-04-05,Standard,1415.19
1350,Richard Lyons,brooke22@example.net,JO,2021-10-08,Premium,410.01
1351,Kristy Reeves,shirley29@example.net,KP,2020-02-26,Standard,1452.21
1352,Edward Manning,dwaynecarter@example.com,IE,2022-11-07,Standard,2472.73
1353,Daniel Turner,greenjennifer@example.net,SI,2023-10-27,Premium,1869.51
1354,Carolyn Cooper,brendamason@example.net,MR,2022-06-08,Premium,3632.41
1355,Mariah Harrell,ythompson@example.org,SV,2022-04-08,Standard,3009.65
1356,Eric Walker,charlotte13@example.com,SB,2025-09-05,Premium,2343.52
1357,Susan Larsen,judithcox@example.org,MZ,2022-10-03,Premium,1592.82
1358,Katie Nelson,wallerbrian@example.net,SK,2023-10-04,Standard,1727.86
1359,Patrick Norris,jeremylove@example.org,BB,2021-06-27,Basic,1961.46
1360,Donald Paul,escobardavid@example.com,BH,2025-11-15,Standard,2257.09
1361,Philip Woods,herrerakimberly@example.com,ZW,2021-03-31,Standard,4095.83
1362,Jeremy Alvarez,danielsjason@example.com,KG,2020-06-09,Basic,4873.7
1363,Shannon Rodriguez,mwaters@example.net,ZW,2023-06-01,Premium,1572.13
1364,Aaron Webster,travis25@example.net,RO,2023-09-08,Basic,4741.67
1365,Elizabeth Camacho,matthewbyrd@example.net,KR,2023-01-31,Premium,2447.15
1366,Peter White,floresterri@example.com,SA,2023-10-03,Premium,4826.42
1367,Jeffrey Torres,rpeterson@example.net,EG,2020-12-23,Standard,1528.1
1368,David Parker,luke87@example.org,LA,2021-02-28,Basic,3201.22
1369,Laura Moore,jamesfoster@example.org,DJ,2021-10-19,Basic,3931.67
1370,Tyler Zavala,rchan@example.org,IN,2023-08-29,Standard,1942.67
1371,Elizabeth Thomas,jessica57@example.com,NO,2022-10-31,Standard,1888.58
1372,Abigail Case,schmittmichael@example.org,PH,2023-05-19,Basic,1079.02
1373,Michael Clark,kenneth50@example.com,NP,2024-08-07,Basic,981.64
1374,Justin Gonzalez,christinaalexander@example.com,CD,2024-09-28,Basic,231.89
1375,Nathan David,ccrane@example.net,MW,2020-06-12,Basic,2361.95
1376,Katelyn Ramirez,dbrown@example.net,LV,2024-02-15,Basic,1127.28
1377,Thomas Rodriguez,nicolejones@example.net,NG,2021-08-27,Standard,4173.28
1378,Leslie Andrews,gonzalesmark@example.net,HR,2024-12-11,Premium,4112.93
1379,Doris Johnson,harrellholly@example.net,KW,2021-07-25,Standard,3397.59
1380,Raymond Burgess,jackmcdonald@example.com,ML,2025-09-28,Premium,3203.35
1381,Michele Scott,taylordawn@example.com,MY,2021-12-30,Premium,1338.14
1382,Sandra Brown,allen60@example.net,LR,2024-11-01,Premium,3604.66
1383,Kenneth Walters DDS,mccannkimberly@example.net,DJ,2024-09-27,Standard,462.43
1384,Anita Nielsen,karenwang@example.com,IS,2024-10-15,Basic,2448.25
1385,Wendy Hernandez,charles95@example.com,SM,2022-10-17,Standard,2718.4
1386,Tiffany Preston,aandrews@example.net,MW,2024-09-07,Basic,2149.67
1387,Jeffery Green,breannasaunders@example.net,PK,2020-02-11,Premium,3974.53
1388,Roberto Schaefer,jacobhernandez@example.com,EG,2023-12-03,Standard,3538.01
1389,Terry Williams,amberblevins@example.com,KW,2020-08-09,Basic,3009.72
1390,Christina Martin,jesse35@example.org,CU,2025-07-27,Premium,635.91
1391,Barbara Gould,wallacejulie@example.net,GE,2025-04-06,Premium,3322.25
1392,James Harris,hlawrence@example.org,EC,2022-04-13,Standard,915.06
1393,Kelli Martin,davidburns@example.net,MK,2023-01-15,Basic,317.05
1394,Connor Galloway,timothy81@example.com,AM,2024-06-30,Basic,3419.61
1395,Jennifer Mathews,michael41@example.com,CF,2020-01-16,Standard,4837.37
1396,Mrs. Maria Price DDS,jessica50@example.org,HU,2021-10-20,Standard,4832.01
1397,Joseph Taylor,dfarmer@example.net,GE,2021-01-23,Standard,619.13
1398,Jacqueline Perry,robertthompson@example.net,CZ,2025-03-13,Premium,1367.82
1399,Catherine Koch,buchanananthony@example.org,KP,2024-06-13,Basic,3759.58
1400,Ryan Howell,loganmartin@example.com,AU,2022-06-03,Basic,2944.54
1401,Jason Ryan,ericsmith@example.org,BW,2024-05-29,Basic,1183.06
1402,Wayne Marshall,ichase@example.com,CR,2022-07-08,Standard,2016.56
1403,April Alvarez,david85@example.net,SV,2025-02-20,Basic,2984.09
1404,Paul Christian,davidrobertson@example.org,GR,2024-04-18,Basic,838.65
1405,Michelle Campbell,wrightjohn@example.net,KM,2023-12-15,Premium,2465.58
1406,Julia Garza,kathleen25@example.com,MR,2021-10-21,Standard,2138.28
1407,Taylor Johnson,ywelch@example.org,EG,2023-12-19,Premium,668.74
1408,Sara Young,kmorris@example.com,RO,2020-02-01,Basic,794.21
1409,Sean Arellano,nhayes@example.com,VU,2025-02-22,Standard,1781.03
1410,Patrick Rios,matthew24@example.com,RU,2021-07-29,Premium,2653.46
1411,Brent Chase,bryan56@example.net,AR,2024-08-18,Standard,2433.2
1412,Darren Ellis,martinezjennifer@example.org,LY,2025-10-14,Standard,3637.77
1413,William Miller,raymondpugh@example.net,FI,2021-11-03,Standard,1662.66
1414,Patty Gonzalez,alicia29@example.net,SL,2020-11-06,Standard,318.95
1415,Kimberly Steele,nicholasgarcia@example.org,ZW,2020-04-12,Basic,663.92
1416,Sarah Potter,amberfriedman@example.com,FR,2023-10-21,Standard,3275.05
1417,Tiffany Phillips,denglish@example.com,CR,2021-09-02,Basic,4020.25
1418,Benjamin Erickson,jason99@example.org,BH,2024-04-29,Basic,1295.17
1419,John Martin,petermoore@example.com,MX,2024-07-12,Premium,2804.36
1420,Gregory Perez,donald61@example.net,SZ,2023-07-19,Standard,2843.26
1421,Christine Thomas,kathleen01@example.net,KR,2023-07-07,Standard,1236.09
1422,Linda Hall,hevans@example.net,CH,2023-02-22,Standard,3185.83
1423,Spencer Webster,nancy06@example.com,CG,2023-08-29,Premium,3238.35
1424,Christopher Mckinney,oblake@example.net,CA,2023-10-05,Standard,2038.35
1425,Tina Grimes,mollyortega@example.net,NR,2020-07-13,Basic,3109.12
1426,Sharon Ramirez,rebecca85@example.com,TL,2022-07-12,Premium,2302.92
1427,Mrs. Ashley Shaffer,brendawalker@example.com,TL,2025-01-06,Standard,2005.3
1428,Samantha Freeman DDS,qobrien@example.com,BB,2021-08-05,Basic,1152.5
1429,Rebecca Finley,wilsonkathryn@example.com,TT,2023-08-11,Standard,3786.39
1430,Jennifer Long,reedkristin@example.com,TO,2024-01-13,Premium,2929.0
1431,James Trujillo,bcaldwell@example.org,TN,2025-03-06,Basic,1016.1
1432,Erin Carter,upham@example.com,ID,2021-01-30,Standard,1065.66
1433,Heather Sheppard,sean05@example.com,MC,2022-02-24,Premium,1385.53
1434,Riley Clark,joy52@example.com,BT,2025-12-11,Standard,2685.8
1435,Natalie Huff,leslietorres@example.net,BW,2022-01-01,Basic,1635.68
1436,Jonathan Lopez,tharris@example.com,MG,2023-11-02,Standard,3095.41
1437,Isaiah Moore,marcusrodriguez@example.net,KR,2022-01-08,Basic,659.74
1438,Kristina Sherman,raymonddominguez@example.org,BW,2025-06-14,Standard,4243.04
1439,Sherri Sullivan,dustin58@example.com,MY,2020-07-17,Basic,945.38
1440,Ryan Doyle,christina15@example.org,PA,2020-10-18,Basic,3559.34
1441,Christopher Haney,simpsonmartha@example.org,HN,2024-12-15,Standard,4601.54
1442,Robert Thomas,john09@example.com,OM,2025-04-01,Basic,515.28
1443,Laura Gutierrez,yburton@example.net,IL,2022-06-27,Premium,1634.61
1444,Dr. Deborah Wood,lukekelly@example.net,CR,2024-03-28,Premium,1596.36
1445,Michaela Pope,colinlowery@example.net,KN,2021-12-05,Premium,1929.2
1446,Robert Munoz,jennifer83@example.com,IQ,2022-11-08,Premium,2603.04
1447,Malik Crawford,kbrown@example.org,TJ,2023-06-12,Standard,3022.49
1448,Stephanie Woods,brycegomez@example.net,IS,2022-09-09,Basic,1980.18
1449,Monica Reeves,wjordan@example.org,MY,2023-06-02,Premium,2484.68
1450,Joshua Leonard,jesse86@example.org,SR,2021-04-16,Basic,3497.82
1451,Shari Arellano,josephmichael@example.org,BN,2025-11-17,Basic,4660.41
1452,Monica Oconnor,tinaayala@example.org,EG,2023-09-06,Premium,2819.07
1453,Monica Rivera,shahaudrey@example.net,MW,2020-03-05,Standard,1515.29
1454,John Boone,codykelly@example.net,NR,2024-10-29,Premium,1641.44
1455,Mr. James Perez DVM,morgankaren@example.net,IE,2025-04-10,Standard,3135.11
1456,Vicki Brown,cody08@example.org,AF,2020-02-14,Standard,4764.03
1457,Robert Carroll,michele23@example.net,VN,2021-12-17,Standard,769.02
1458,Vanessa Davis,carolberry@example.com,MA,2022-12-27,Standard,4822.76
1459,Katie Olsen,cjohnson@example.net,CL,2025-01-27,Basic,3300.04
1460,Eddie Bailey,brittanyjackson@example.org,SB,2024-11-03,Standard,3455.01
1461,Louis Rogers,jmcfarland@example.com,PE,2021-02-27,Standard,3579.7
1462,Ana Sanchez,johnroth@example.org,NA,2025-08-30,Standard,2494.63
1463,William Castillo,abbottchristopher@example.net,LI,2020-04-01,Premium,2870.45
1464,Michaela Boyd,justintaylor@example.org,JP,2025-06-20,Premium,1531.24
1465,Jeffrey Miller,henrymarc@example.com,VA,2025-08-30,Standard,1201.73
1466,Dr. Dustin Sutton Jr.,lopezchristopher@example.net,AE,2022-05-01,Standard,924.22
1467,Margaret Stevenson,williamskevin@example.org,MH,2025-05-26,Standard,2871.69
1468,Roger Russo,williammaldonado@example.org,GH,2025-10-13,Standard,2793.66
1469,Stephanie Joseph,kleintyler@example.net,DZ,2020-08-04,Premium,2906.3
1470,James Mccullough,glassadam@example.org,KM,2023-09-05,Standard,3898.05
1471,Victoria Benitez,nathanmonroe@example.org,DE,2024-11-17,Standard,2756.01
1472,Michael Macias,tbecker@example.net,KR,2020-11-06,Premium,3824.02
1473,Nancy Nelson,perryrobert@example.com,ET,2021-03-24,Standard,2777.13
1474,Kyle Sims MD,sanderson@example.org,BN,2024-11-24,Standard,601.84
1475,Steven Freeman,amandajackson@example.net,IE,2023-10-28,Basic,3781.59
1476,Melissa Mitchell,justin94@example.org,PS,2025-09-24,Standard,4386.57
1477,Stacey Clements,hgonzalez@example.org,PW,2020-09-18,Premium,2303.69
1478,Andrew Hughes,farmerlindsay@example.org,NZ,2022-11-15,Standard,4324.78
1479,Charles Harper,bateswilliam@example.org,GE,2023-09-10,Premium,2251.44
1480,Adrian Hernandez,sandra57@example.org,BA,2024-05-07,Premium,3900.6
1481,Travis Wagner,jacklee@example.net,WS,2020-05-03,Premium,1128.4
1482,Andrea Sanchez,angela28@example.com,BG,2022-08-19,Basic,2980.83
1483,Joseph Smith,jennifermorris@example.org,CV,2020-09-01,Standard,4319.14
1484,Abigail Smith,cervanteskayla@example.org,GR,2025-05-29,Basic,3200.58
1485,Joshua Smith,ppineda@example.com,JM,2024-07-27,Premium,3119.14
1486,Thomas Young,wsalazar@example.net,PH,2024-02-11,Premium,4086.3
1487,Jordan Suarez,drewwalsh@example.org,MW,2022-11-15,Premium,2893.36
1488,Isabel Smith,douglas76@example.net,SR,2025-12-29,Basic,1477.32
1489,Mrs. Lori Clark,afisher@example.com,ES,2025-02-09,Basic,925.05
1490,Julie Morgan,handerson@example.org,HN,2022-09-18,Basic,1533.91
1491,Cory Russo,rachel86@example.com,BA,2021-04-20,Basic,1409.98
1492,John Daniels,xevans@example.net,NG,2021-11-03,Basic,4928.89
1493,Juan Moore,bgiles@example.org,PA,2020-04-21,Basic,4094.39
1494,Keith Jackson,danielleandrews@example.org,CZ,2020-02-22,Premium,4817.58
1495,Sean Anderson,wstewart@example.net,SM,2022-06-20,Standard,4601.97
1496,Megan Buchanan,smithsamantha@example.org,LS,2024-05-30,Standard,4348.53
1497,Steven Harris,susanparker@example.org,ML,2025-02-11,Premium,3536.99
1498,Tanner Griffin,jane44@example.org,TJ,2023-09-27,Premium,1323.42
1499,Carla Wilson,jmoore@example.net,PW,2020-12-16,Basic,1678.27
1500,Ryan Wright,beckdwayne@example.com,BY,2024-03-13,Premium,3831.22
1501,James Gray,katiewillis@example.com,OM,2024-07-13,Basic,2024.23
1502,Steven Waller,nicole15@example.org,EE,2023-07-05,Premium,2929.39
1503,James Hernandez,suzanneflores@example.net,BS,2020-10-22,Standard,3176.28
1504,Mrs. Lisa Garza,michaelking@example.net,IT,2022-02-16,Standard,2314.76
1505,Allison Flores,brettallen@example.com,IN,2025-11-21,Basic,3993.53
1506,Andrew Brady,vhopkins@example.net,AU,2022-09-10,Premium,2073.97
1507,Lori Navarro,turnerjames@example.com,MU,2020-10-13,Basic,1463.31
1508,Debra Brooks,linda66@example.net,LV,2022-04-30,Standard,2328.01
1509,Dennis Lee,joseph71@example.net,LB,2020-10-16,Standard,1703.72
1510,Allison Anderson,sanchezgregory@example.org,DE,2025-03-02,Premium,4357.65
1511,Brandon Jones,doylematthew@example.net,BN,2023-06-07,Basic,556.39
1512,Shelby Murray,kristi19@example.org,BG,2020-12-08,Standard,3210.72
1513,Paul Miller,higginschristopher@example.com,LA,2024-03-22,Basic,1855.29
1514,Bobby Flores,thomasgonzalez@example.com,UY,2021-05-25,Premium,3998.82
1515,Nicholas Vargas,ramoswilliam@example.org,EE,2024-03-27,Standard,1167.37
1516,Shawn Johnston,hollywarner@example.org,ET,2025-11-04,Standard,4141.75
1517,Willie Martin,carolyn84@example.org,NP,2021-02-13,Standard,1415.83
1518,David Smith,juan21@example.org,BI,2021-07-03,Standard,1755.0
1519,Amy Campos,wmiller@example.net,PE,2022-12-18,Basic,739.91
1520,Anita Chapman,helen91@example.net,IN,2020-01-27,Standard,3962.69
1521,Hunter Shepherd,,CH,2024-05-12,Basic,3835.04
1522,Amanda Gomez,uhobbs@example.com,PL,2021-02-20,Premium,587.92
1523,Christian Rojas,bbarnes@example.org,LB,2025-03-18,Standard,179.78
1524,Brittany Diaz,qmoody@example.org,CZ,2022-04-15,Premium,2262.3
1525,Brandon Myers,josephgonzalez@example.com,MX,2023-07-23,Premium,4960.01
1526,Sarah Ramirez,tommycummings@example.com,NZ,2020-12-12,Standard,1091.36
1527,Wayne Brown,jonesmarcus@example.com,UZ,2025-09-06,Basic,4556.1
1528,Tony Lara,thenry@example.net,DJ,2021-09-25,Basic,1579.14
1529,Luke Carr,alyssapeterson@example.com,FM,2022-01-11,Standard,557.37
1530,Wesley Brown,pwood@example.org,LR,2025-03-08,Standard,1326.91
1531,Stephanie Schultz,jbuchanan@example.com,TR,2024-02-17,Standard,3356.09
1532,Stephanie Sheppard,jeanlynch@example.org,RW,2024-10-05,Basic,911.07
1533,Emily Gilmore,nchristensen@example.com,BR,2023-05-19,Standard,3165.46
1534,Steven Valentine,carl63@example.com,LC,2023-03-05,Basic,3527.26
1535,Amy Wright,murphymallory@example.com,TJ,2020-11-09,Premium,2203.23
1536,Francisco Galloway,madisonbrewer@example.net,UY,2020-11-16,Premium,3548.12
1537,Nancy Lee,john66@example.net,AG,2020-09-20,Premium,1145.76
1538,Edward Johnson,dmiller@example.org,PE,2021-10-15,Premium,750.23
1539,Linda Blake,gilesstephen@example.org,MA,2023-10-03,Premium,2645.28
1540,Kevin Morris,martinezmindy@example.net,QA,2023-08-21,Standard,145.51
1541,Nathan Pierce,zlucas@example.org,LR,2022-03-19,Basic,1783.51
1542,Maria Nguyen,warebrian@example.net,LC,2023-09-05,Premium,4941.96
1543,Barry Hernandez,shelbyyoung@example.com,MK,2020-10-15,Standard,3500.75
1544,Paul Vasquez,warrendarlene@example.com,MD,2022-01-10,Standard,447.06
1545,Robin West,farmermisty@example.org,GY,2020-12-05,Standard,537.72
1546,Allison Day,timothywilliams@example.org,DE,2020-05-03,Premium,605.69
1547,Francisco Hughes,wsmith@example.com,SA,2025-09-22,Standard,4416.85
1548,Jennifer Jones,brittanyclark@example.net,RW,2020-02-21,Premium,1975.33
1549,Lauren Richardson,randyhernandez@example.org,YE,2020-01-16,Premium,3243.72
1550,Justin Dixon,marywebster@example.com,LT,2024-06-18,Basic,799.98
1551,Jenna Santos,mjohnson@example.net,SV,2021-03-04,Basic,2860.13
1552,Cody Williams,newtonmorgan@example.org,PS,2023-01-26,Basic,3285.1
1553,Sandra Craig,michael03@example.net,ID,2023-06-03,Standard,1820.82
1554,Adam Gallegos,jamie65@example.com,MX,2021-04-20,Premium,3177.59
1555,John Hoffman,laura31@example.net,CD,2023-08-11,Premium,4607.48
1556,Lisa Vincent,sarah47@example.com,ZA,2025-04-21,Basic,3464.17
1557,Anthony Lewis,tashaharmon@example.com,BO,2023-05-29,Premium,524.77
1558,Elizabeth Johnson,turnerjose@example.org,CL,2021-09-05,Premium,786.06
1559,Melanie Johnson,hthompson@example.org,RS,2025-07-07,Premium,2988.91
1560,Lauren Grant,andrew97@example.org,ES,2021-05-29,Standard,1822.52
1561,James Bennett,jimenezmaria@example.com,EC,2024-02-24,Standard,1641.07
1562,Amanda Brown,jennifer73@example.com,AR,2025-11-01,Premium,1314.15
1563,Chelsea Norris,forbesbradley@example.net,NZ,2024-01-10,Basic,512.82
1564,Rebecca Baldwin,mitchellchristopher@example.com,PH,2023-05-09,Basic,3044.9
1565,Jacqueline Winters,malikfowler@example.com,EC,2024-12-03,Basic,3077.21
1566,William Saunders,lisawalton@example.com,GQ,2023-06-25,Basic,231.44
1567,Jeffrey Guzman,marvinhoward@example.com,PG,2023-04-03,Basic,4391.55
1568,Carly Williams,carolfernandez@example.net,DJ,2024-07-09,Premium,2636.97
1569,Vanessa Sparks,amiller@example.org,SC,2025-02-07,Basic,1024.37
1570,Laura Scott,jodisutton@example.com,RW,2023-04-06,Standard,1548.16
1571,Rebecca Kelley,zmills@example.org,TR,2020-09-13,Premium,3940.63
1572,Paul Rodriguez,smoore@example.org,VC,2022-02-08,Premium,2524.95
1573,Kathy Rodriguez,ruthneal@example.com,GY,2020-01-02,Premium,1281.3
1574,Daniel Little,andrewjohnson@example.org,GE,2024-07-13,Basic,3010.26
1575,Andrea King,hendersonmichael@example.com,AG,2021-02-10,Basic,4454.75
1576,James Clark,eharvey@example.net,VE,2024-03-08,Premium,4935.72
1577,Vanessa Porter,anthony76@example.net,BZ,2023-07-23,Standard,746.72
1578,Shirley Avery,yvang@example.org,RU,2022-07-15,Basic,2162.23
1579,David Davis,jenniferbaldwin@example.org,PH,2024-07-21,Basic,3446.42
1580,Larry Harrison,kyle73@example.net,NG,2022-04-12,Standard,4776.82
1581,Linda Leonard,wallssean@example.net,EG,2020-07-27,Premium,181.78
1582,Jasmine Buckley,kingdavid@example.net,RW,2022-10-11,Premium,167.59
1583,Scott Williams,ronald21@example.org,RO,2021-01-16,Premium,295.15
1584,Reginald Roman,kelseywilliams@example.org,GR,2022-12-01,Premium,4748.53
1585,Sarah Perez,hstokes@example.org,DM,2022-01-15,Standard,2582.39
1586,Theresa Hart,ycrawford@example.net,NR,2020-10-31,Basic,3591.88
1587,Melissa Reid,barnesarthur@example.com,TH,2020-02-14,Standard,2175.52
1588,Brandon Rich,thomas83@example.org,CL,2024-03-18,Standard,503.9
1589,Cody Gonzalez,angela71@example.net,ER,2020-02-22,Basic,2734.51
1590,Andrew Harris,dean60@example.com,BH,2023-06-29,Premium,1459.59
1591,Joseph Adams,turnerlisa@example.com,HN,2023-01-22,Standard,487.21
1592,Chelsea Wells,llewis@example.com,TG,2025-02-28,Premium,4874.14
1593,Regina Thomas,michaelathomas@example.org,QA,2023-10-19,Premium,2728.31
1594,Ms. Danielle Molina,sharon46@example.org,GB,2023-01-29,Standard,2973.54
1595,Phyllis Johnson,peter93@example.net,CN,2022-08-04,Basic,3437.17
1596,Katrina Russell,johnboyd@example.com,BO,2022-11-16,Premium,1619.83
1597,Austin Miller,kendrawilliams@example.com,MX,2022-08-06,Standard,3676.8
1598,Victoria Peterson,samantha78@example.com,MV,2021-09-07,Premium,383.74
1599,Leah Castro,taylordavis@example.com,LV,2024-07-17,Premium,4630.68
1600,Amy Soto,nancy98@example.org,KW,2023-03-13,Premium,2321.52
1601,David Lee,james58@example.net,NG,2025-07-23,Basic,369.64
1602,Mckenzie Lopez,leahbarker@example.org,LA,2021-09-02,Basic,3734.3
1603,Kristen Harris,lperkins@example.org,RS,2024-02-11,Basic,960.66
1604,David George,isaac75@example.org,MX,2024-05-02,Premium,3568.71
1605,Keith Medina,jonathanjones@example.org,MT,2022-11-27,Basic,155.62
1606,Mrs. Chelsea Villa,jgibson@example.net,IS,2024-11-16,Standard,4769.78
1607,Derek Jarvis,elarson@example.com,MW,2023-01-24,Basic,2634.39
1608,Bryce Wolf,williamschad@example.org,SY,2021-11-17,Basic,1370.31
1609,Brendan Paul,qharris@example.net,BH,2023-03-18,Standard,721.96
1610,Marcus Ramirez,oallen@example.net,UY,2020-01-22,Standard,3691.39
1611,Juan Randall,andrewsilva@example.org,DO,2023-06-04,Premium,3880.01
1612,Christina Jensen,christopheryang@example.com,RU,2024-10-31,Premium,1741.55
1613,Jason Allen,patricialowery@example.com,CD,2020-09-29,Standard,1432.7
1614,Jessica Valencia,ogriffin@example.org,BR,2020-01-07,Premium,1388.45
1615,Chris Beasley,wjohnson@example.com,GA,2022-06-14,Basic,3174.91
1616,Richard Warren MD,yromero@example.com,UZ,2025-04-16,Standard,2330.47
1617,Billy Hood,zjackson@example.org,GM,2021-03-26,Standard,371.65
1618,David Roberts,nicolasrich@example.org,LA,2021-11-19,Basic,917.72
1619,Michael Chavez,pricemichael@example.com,AO,2025-08-11,Premium,1350.07
1620,Susan Davis,michael45@example.com,QA,2022-12-11,Premium,4481.92
1621,Kevin Holmes,meghanwerner@example.com,BE,2020-12-12,Basic,3641.61
1622,Thomas Davis,wrightalicia@example.com,PG,2024-07-24,Premium,3729.82
1623,Jeffrey Pitts,jeremycollins@example.net,BJ,2020-11-22,Premium,315.79
1624,Anthony Pena,keithharrison@example.com,DM,2021-05-22,Premium,1298.3
1625,Christie Marquez,mejiajoseph@example.org,SN,2021-06-01,Standard,1883.48
1626,Philip Cummings,amandalopez@example.org,LR,2020-09-28,Premium,976.91
1627,Kayla Smith,longgary@example.com,DE,2025-02-17,Premium,2809.04
1628,Lee Richardson,steven72@example.net,CG,2025-01-28,Basic,3729.26
1629,Larry Williams,staylor@example.com,SM,2024-04-12,Standard,1200.13
1630,Jennifer Weaver,doneal@example.net,SK,2024-10-16,Premium,2139.66
1631,Michelle Curry,alexandra62@example.net,SB,2022-02-14,Basic,1667.68
1632,Benjamin Vang,darrell66@example.com,KG,2020-10-03,Premium,2900.53
1633,Craig Smith,whampton@example.org,PG,2022-03-29,Premium,2560.0
1634,Nicole Banks,randy20@example.org,OM,2025-03-10,Premium,978.79
1635,Micheal Watson,stevenperry@example.org,HN,2021-07-08,Basic,4908.93
1636,Tammy Phillips,bellregina@example.net,NR,2025-09-07,Standard,437.74
1637,Roberto Arnold,villamisty@example.com,BJ,2020-06-20,Standard,4343.56
1638,Thomas Martin,thomasjennifer@example.com,BH,2022-02-11,Standard,1703.77
1639,Joseph Johnson,ncook@example.com,LY,2020-02-24,Basic,2338.06
1640,Anthony Black,stephensonkatherine@example.com,SG,2023-09-24,Standard,1083.29
1641,Monica Knight,lutzeric@example.com,LS,2020-03-20,Basic,3944.09
1642,Nathan Adams,kathleengonzalez@example.net,MV,2023-12-18,Basic,3151.32
1643,Andrew Smith,jameshudson@example.com,CZ,2021-08-27,Standard,1904.54
1644,Wanda Clark,martinbenjamin@example.net,RO,2022-07-24,Standard,4989.16
1645,Thomas Martin,qwilson@example.com,LV,2024-09-20,Premium,3689.07
1646,Sarah Sosa,barbara85@example.net,TL,2023-09-13,Basic,3826.36
1647,Michael Moran,linda33@example.org,NZ,2021-12-16,Premium,837.78
1648,Jordan Porter,lwilliams@example.com,IE,2022-11-25,Standard,217.16
1649,Danny Logan,stevenhernandez@example.org,MC,2020-08-21,Basic,1797.48
1650,Patrick Barnes,kerry32@example.net,RO,2023-04-02,Basic,4398.27
1651,Patricia Howe,grahamlisa@example.org,NI,2025-09-09,Standard,107.16
1652,Timothy Wilson,tommycuevas@example.com,TZ,2022-11-02,Basic,1943.75
1653,David Sanchez,matthewharper@example.net,MT,2021-04-13,Basic,3663.35
1654,Bradley Mclaughlin,ambervasquez@example.org,MC,2025-02-12,Premium,1105.45
1655,April Thompson MD,erika59@example.org,BB,2023-11-20,Premium,2157.1
1656,Brett Davies,mcneilchristina@example.org,DO,2020-12-28,Premium,4865.54
1657,Katherine Adams,christina81@example.net,JM,2025-05-19,Premium,3587.1
1658,Samuel Moore,crawfordjeffrey@example.com,AU,2020-10-30,Premium,315.11
1659,Christopher Kennedy,ghoward@example.com,KE,2022-05-11,Premium,4496.71
1660,Jennifer Arias,elizabeth33@example.com,CZ,2023-12-02,Basic,2123.98
1661,Anthony Golden,danielcole@example.org,RS,2024-03-20,Standard,2346.44
1662,Melissa Riley,hgraham@example.net,SV,2020-06-09,Basic,516.02
1663,Laurie Pineda,pauladouglas@example.com,DJ,2025-08-27,Premium,2576.6
1664,Anthony Randall,perry77@example.net,MY,2022-05-06,Basic,4117.82
1665,Joanna Cabrera,wbarrett@example.net,ME,2024-09-13,Premium,3000.29
1666,Carly King,tuckervanessa@example.org,BB,2021-02-07,Premium,2231.42
1667,Larry Krueger,jenniferbutler@example.org,ZM,2025-04-21,Premium,1260.18
1668,Lucas Rogers,webbmadison@example.net,FR,2022-03-01,Standard,4269.48
1669,Matthew Doyle,alyssa89@example.net,VA,2021-04-07,Standard,3533.56
1670,Monique Williams,amber70@example.com,LT,2021-03-06,Basic,1698.63
1671,Traci Brown,mhickman@example.net,HT,2020-02-09,Standard,1432.58
1672,Courtney Baker,montoyaelizabeth@example.net,IE,2025-07-15,Premium,4723.42
1673,Daryl Walker,aallen@example.com,BE,2022-05-15,Premium,3921.69
1674,Denise Olsen,usmith@example.net,KP,2025-10-01,Basic,633.97
1675,Kathleen Carpenter,kimberly36@example.net,RS,2024-08-11,Premium,905.44
1676,Christina Cohen,murphyjohn@example.com,AO,2021-12-20,Standard,1638.76
1677,Monique Jackson,emily62@example.com,GA,2020-08-05,Premium,2726.03
1678,Phillip Roberts,joneseric@example.org,AD,2024-05-16,Premium,2314.39
1679,Randy Blake,tammy17@example.com,CM,2025-09-20,Standard,1398.54
1680,Kimberly Dixon,rcontreras@example.org,MK,2023-01-01,Premium,543.06
1681,James Lopez,jessica91@example.org,DK,2024-09-24,Basic,1590.65
1682,Robert Nichols,writter@example.net,MG,2020-11-15,Basic,3514.7
1683,Rebecca Reynolds,mlewis@example.net,DZ,2020-03-06,Premium,1153.6
1684,Melissa Cherry,marypeck@example.com,TH,2022-11-25,Standard,826.79
1685,Marvin Gonzalez,johnsonjacob@example.net,MH,2024-08-15,Basic,1316.27
1686,Jacqueline Morgan,montesmichelle@example.org,CR,2020-02-07,Standard,2041.6
1687,Kristina Wilson,thomasspencer@example.net,RS,2025-01-21,Premium,3418.2
1688,Robert Hartman,john86@example.com,AZ,2024-07-26,Standard,4118.44
1689,Eric Maynard,heathercabrera@example.org,IT,2025-02-24,Premium,252.3
1690,Benjamin Schmidt,jimenezjoanna@example.com,AO,2022-01-14,Standard,4287.55
1691,Cody Davis,sarahmorrison@example.org,ML,2020-02-27,Basic,3765.58
1692,Patricia Flores,whitejason@example.org,HT,2020-09-05,Premium,564.15
1693,Philip Fischer,cainana@example.net,FM,2020-04-17,Premium,4039.09
1694,Mary Garcia,cgoodwin@example.com,NL,2023-04-11,Premium,695.12
1695,Patrick Taylor,rushbrianna@example.org,QA,2020-07-22,Premium,4168.82
1696,Jennifer Rodriguez,brittanyhoffman@example.org,BR,2020-04-03,Premium,740.5
1697,Thomas Haynes,mccoyandre@example.org,ZA,2022-01-01,Standard,1923.97
1698,Tyler Shields,veronicasmith@example.net,IR,2024-03-31,Basic,4694.12
1699,Sarah Vasquez,brianclark@example.net,MW,2023-06-17,Premium,2953.39
1700,Hailey Sullivan,sbartlett@example.com,HU,2021-02-25,Standard,4595.4
1701,Michelle Scott,hsmith@example.com,UA,2023-09-12,Premium,206.82
1702,Carl Lopez,coffeyjohn@example.net,BB,2021-02-22,Premium,1068.98
1703,Anthony Jones,nanderson@example.com,CG,2021-05-20,Basic,2272.81
1704,Michelle Greer,gutierrezmatthew@example.com,CV,2023-06-12,Premium,550.7
1705,Barbara Wood,hgray@example.net,IS,2020-11-18,Standard,700.39
1706,Mark Clark,jacob37@example.com,IS,2022-08-29,Standard,348.12
1707,Jeffrey Moore,goodmanalice@example.org,NG,2022-08-16,Basic,2222.47
1708,Drew Thompson,kennedykathryn@example.org,TZ,2020-08-29,Basic,2035.49
1709,Danny Harris,mary64@example.org,QA,2022-09-22,Premium,1975.37
1710,Alicia Young,jcruz@example.net,BA,2021-04-28,Standard,946.76
1711,Nathan Boyd,nelsondominique@example.com,AE,2025-08-08,Premium,4550.69
1712,Tyler Rodriguez,johnny38@example.net,TR,2022-06-03,Standard,1471.29
1713,Catherine Crawford,hernandezandrew@example.net,TG,2024-10-16,Premium,269.78
1714,John Lopez,jennifer64@example.net,IR,2022-07-08,Basic,3123.19
1715,Mckenzie Yu,cody79@example.org,HN,2023-07-08,Basic,1546.02
1716,Heather Blake,trevor68@example.org,FM,2021-12-12,Standard,4425.62
1717,Breanna Jenkins,harrisrobert@example.net,BN,2020-06-16,Standard,398.8
1718,Kimberly Higgins MD,jefferydavis@example.com,AG,2020-08-12,Standard,1976.77
1719,William Day,forozco@example.com,GW,2025-07-04,Standard,1077.34
1720,David George,bradleybarker@example.net,DM,2023-09-02,Basic,1320.82
1721,Abigail Wilkinson,lauraclay@example.org,BT,2023-12-11,Basic,3994.75
1722,Kenneth Smith,sarah78@example.net,DM,2023-01-08,Standard,3931.39
1723,Mark Smith,james23@example.net,BD,2020-02-28,Standard,2450.45
1724,Daniel Anderson,cbrown@example.org,VN,2024-05-23,Standard,1785.77
1725,Thomas Harris,mary62@example.net,BI,2020-10-21,Basic,2561.73
1726,James Jackson,patelgabrielle@example.com,CD,2024-12-31,Standard,1425.13
1727,Benjamin Perry,kperez@example.com,LC,2020-07-04,Premium,1662.5
1728,Megan Dodson,olivia29@example.net,HR,2023-02-13,Premium,243.59
1729,Jessica Carr,qramirez@example.net,GH,2023-05-27,Standard,387.1
1730,Sara Gonzalez,nicholas87@example.org,TT,2025-07-22,Standard,2694.22
1731,Stephanie Hall,castroralph@example.net,TT,2020-09-09,Basic,4998.07
1732,Amy White,laurenallen@example.org,SE,2024-04-09,Premium,590.66
1733,Angela Ryan,morganamanda@example.com,IL,2025-02-23,Basic,1281.65
1734,Christopher Patterson,donaldtyler@example.net,ZW,2021-12-28,Basic,4099.8
1735,Jeremy Henderson,rojasmarc@example.org,KZ,2020-07-14,Basic,373.95
1736,Amanda Cannon,rowehannah@example.net,AT,2021-08-28,Premium,2920.89
1737,Patrick Walsh,millerjames@example.org,OM,2020-07-02,Standard,1838.54
1738,Jacqueline Cobb,ballvanessa@example.com,MU,2024-09-12,Premium,962.89
1739,Kathy Roberts,jose18@example.org,US,2024-01-12,Basic,1658.22
1740,Donna Boyd,hernandezmadison@example.com,SC,2024-01-03,Basic,3518.37
1741,James Williams,cmcdonald@example.net,BE,2023-09-24,Basic,238.21
1742,David Reed,christopher84@example.net,CZ,2020-01-07,Basic,1823.24
1743,Cynthia Hernandez,william55@example.net,BE,2022-06-06,Basic,2861.67
1744,Rachel Bennett,tranbenjamin@example.com,BF,2022-03-13,Basic,4747.01
1745,Lance Mendez,ymontgomery@example.org,VU,2022-06-10,Standard,2756.41
1746,Savannah Fox,calebadams@example.org,CM,2024-09-01,Premium,2503.14
1747,Joseph Zamora,greenjessica@example.net,EE,2025-03-10,Premium,375.22
1748,Spencer Wright,nicholasgallagher@example.net,KH,2023-04-14,Basic,1172.16
1749,Christopher Jones,smontgomery@example.net,DO,2020-05-20,Basic,2442.15
1750,Mary Parker,eric36@example.net,CO,2023-02-17,Standard,4597.69
1751,Kelsey Lewis,susan41@example.com,BB,2022-03-17,Premium,4051.58
1752,William Price,sophia54@example.org,ER,2024-12-06,Standard,3612.99
1753,Michael Morgan,kellychung@example.net,AO,2022-06-02,Standard,391.82
1754,Eric Conner,william88@example.org,GR,2024-01-05,Premium,2974.38
1755,Justin Mason,mariahill@example.net,CR,2024-05-20,Premium,3894.4
1756,Amy Watts,robertsdanielle@example.com,GY,2022-10-17,Basic,4317.28
1757,Wayne Holloway,mariascott@example.com,KN,2021-03-24,Premium,1930.59
1758,Renee Shaffer,daviscarol@example.net,PT,2020-09-24,Basic,2038.42
1759,Kimberly Obrien,johndavis@example.net,FJ,2024-04-29,Premium,1749.15
1760,Mathew Key,khanmelissa@example.net,BO,2022-12-15,Standard,768.61
1761,Lisa Wagner,victoria17@example.net,X1!,2025-09-26,Premium,3688.52
1762,Kelly Smith,jasonjohnson@example.org,TZ,2024-09-02,Standard,3980.03
1763,Ashley Anderson,sancheznicholas@example.com,DZ,2020-08-21,Standard,3280.98
1764,Drew Werner,hornerebecca@example.org,VN,2024-03-19,Premium,3565.2
1765,Leonard Reed,jonescassandra@example.org,SL,2024-01-30,Basic,3498.45
1766,Ashley Carter,randywoods@example.org,TZ,2023-11-01,Basic,3956.26
1767,Chloe Briggs MD,catherinewagner@example.org,GY,2020-11-01,Premium,3361.11
1768,Jason Davis,dominguezmeredith@example.com,CO,2022-09-15,Premium,1954.08
1769,Paul Gallegos,,MY,2023-02-12,Basic,3473.64
1770,Natasha Stone,wilsondavid@example.org,BB,2022-07-28,Premium,970.77
1771,Amy Dyer,peter91@example.org,MV,2025-08-29,Premium,4749.06
1772,Frank Mcgee,cisneroskatrina@example.com,LV,2020-12-03,Basic,2018.85
1773,Katrina White,washingtonmelanie@example.com,TJ,2022-02-18,Basic,258.68
1774,Daniel Warren,kelly01@example.org,KI,2023-11-12,Basic,1659.26
1775,Joseph West,matthewyoung@example.net,SY,2025-05-17,Basic,1182.39
1776,Jennifer Lewis,christina10@example.org,TL,2024-06-02,Basic,610.14
1777,Alicia Short,victoria91@example.com,JO,2022-03-22,Standard,789.15
1778,Michelle Chavez,brandi26@example.net,MA,2023-06-11,Basic,481.25
1779,Jennifer Weber,qkane@example.com,TG,2023-06-08,Standard,4913.66
1780,Nichole Lowe,hdavis@example.com,CY,2023-11-07,Premium,3217.32
1781,James Crane,dylancunningham@example.com,AO,2023-03-18,Premium,4126.14
1782,Laura Sparks,stephaniezamora@example.org,ER,2024-08-19,Basic,3231.6
1783,Courtney Deleon,jpowell@example.org,NE,2025-01-12,Standard,2288.49
1784,Justin Moore,bryantrobert@example.org,BA,2026-09-25,Standard,1127.45
1785,Emily Hahn,abigailrobinson@example.net,HR,2022-08-26,Basic,432.19
1786,David Dodson,dianehoffman@example.org,JM,2023-08-12,Standard,3956.4
1787,Toni Clay,jarvisrachel@example.net,VA,2024-12-19,Basic,106.28
1788,Robert Bowers,wgarza@example.net,GD,2022-08-09,Standard,2247.28
1789,Anna Pierce,ocooper@example.org,GM,2020-11-17,Standard,4848.6
1790,Mr. Michael Jennings,katieaguirre@example.com,TO,2020-02-02,Standard,2516.1
1791,Barbara Bridges,raymond23@example.net,KR,2022-01-08,Standard,1821.03
1792,Steven Bond,timothywalker@example.org,TL,2025-02-04,Standard,597.0
1793,James Mcclure,murillodarryl@example.com,SC,2025-02-10,Standard,3964.78
1794,Corey Salazar,williamscarl@example.net,BG,2021-03-18,Basic,3289.75
1795,Edward Obrien,brian62@example.net,SK,2023-09-03,Basic,1205.36
1796,Jessica Jenkins,brentrichardson@example.net,IT,2021-03-05,Standard,461.18
1797,Jessica George,tmartin@example.com,CU,2021-08-14,Premium,1545.05
1798,Jennifer Anderson,melvinpeters@example.org,CH,2024-05-09,Standard,1379.53
1799,Samantha Livingston,hendrixariana@example.net,BJ,2025-03-26,Premium,463.58
1800,James Warren,carlos33@example.org,PH,2024-08-12,Premium,4450.86
1801,Tiffany Edwards,jamesmoon@example.com,CD,2021-05-23,Premium,3686.73
1802,Julie Harris,erikamiller@example.org,AD,2022-10-20,Basic,4714.99
1803,Javier Bryan,david78@example.net,LY,2022-04-12,Premium,1755.96
1804,Jermaine Vance,kurt90@example.net,DO,2022-04-03,Basic,4476.81
1805,Charles Foster,dudleycody@example.com,JM,2025-03-09,Basic,251.87
1806,Daniel Wright,rossamanda@example.org,PL,2025-12-19,Basic,908.49
1807,Mr. Thomas Jones PhD,humphreypatricia@example.net,SO,2024-06-11,Standard,869.81
1808,Corey Stone,ijackson@example.com,LK,2024-12-17,Premium,1722.36
1809,Melissa Kim,odelacruz@example.net,HN,2024-12-22,Premium,2105.47
1810,Cassandra Maldonado,ricky53@example.net,GB,2025-04-04,Basic,3637.99
1811,Katherine Warner,hpowell@example.com,QA,2022-09-12,Basic,2746.61
1812,Todd Young,zholmes@example.org,AL,2024-03-13,Basic,1479.46
1813,Joshua Miller,henrysoto@example.com,GQ,2022-03-10,Premium,569.99
1814,Meghan Keller MD,amber71@example.net,IN,2020-12-14,Standard,2901.67
1815,Benjamin Curtis,charlesduncan@example.com,TN,2022-06-06,Standard,852.59
1816,Kristopher Williams,joe99@example.net,JO,2022-05-21,Standard,118.7
1817,Tiffany Martinez,rosaleslauren@example.net,MD,2024-09-12,Premium,1543.29
1818,Kimberly Proctor,william42@example.com,UZ,2024-05-17,Basic,3162.95
1819,Kayla Soto,campbellshannon@example.net,SD,2022-01-09,Standard,1078.41
1820,Susan Dominguez,ldavis@example.org,ST,2022-09-30,Premium,1114.07
1821,Craig Hammond,anthonygilbert@example.com,MU,2022-05-30,Basic,1529.88
1822,Amy Burton,isimpson@example.com,MV,2024-09-05,Premium,2420.5
1823,Laura Kim,jhiggins@example.org,LB,2023-04-02,Premium,1610.93
1824,Zachary Johnson,erin06@example.net,ER,2023-02-04,Standard,2407.63
1825,Jackie Dominguez,alvaradomindy@example.com,MU,2024-02-04,Basic,1398.52
1826,Jesus Johnson,jacksonrachel@example.org,AE,2024-05-13,Basic,2766.22
1827,David Villa,zmurray@example.org,CU,2022-01-20,Premium,1918.0
1828,Elizabeth Little,francesstevenson@example.com,MX,2022-02-12,Standard,1910.07
1829,Todd Payne,petersonfrank@example.org,LA,2024-12-24,Standard,318.62
1830,Joseph Morgan,vthompson@example.com,DM,2024-01-31,Standard,2378.78
1831,Tracy Walker,matthewfranklin@example.net,MN,2025-10-23,Premium,4201.69
1832,Teresa Rodriguez,bwood@example.net,RW,2020-08-11,Basic,402.03
1833,Tiffany Hansen,bishopkatelyn@example.net,JO,2023-02-10,Basic,3370.6
1834,Cory Fuller,richpatricia@example.net,BO,2024-12-12,Premium,3373.89
1835,John Washington,gonzalezmarissa@example.com,TT,2025-07-22,Basic,2128.53
1836,Angelica Diaz,uparker@example.com,PH,2021-06-01,Basic,1214.81
1837,Christina Robinson,michaelmercado@example.com,PY,2020-08-23,Premium,4219.91
1838,Anne Lindsey,cyork@example.org,VN,2024-05-13,Basic,2151.3
1839,Melissa Schneider,campbellkayla@example.org,AZ,2021-08-05,Basic,3466.63
1840,James Moreno,hortonalexandra@example.net,BH,2024-08-27,Standard,2906.3
1841,Norma Smith,david88@example.net,MG,2023-08-18,Premium,2433.69
1842,Taylor Grant,ubutler@example.net,SD,2022-05-31,Premium,2034.54
1843,Kimberly Ramirez,devonmccarthy@example.net,LU,2022-06-29,Basic,270.17
1844,Diana Chen,yoconnell@example.com,LC,2025-11-24,Basic,4512.23
1845,Jonathan Torres,poncelisa@example.com,LT,2025-01-17,Invalid,3419.92
1846,Abigail Williams,lauriewatson@example.org,TZ,2020-02-25,Basic,822.49
1847,Tyler Anderson,lloydmiranda@example.org,GE,2023-11-19,Standard,947.11
1848,Andrew Harris,lpeters@example.net,BZ,2020-01-13,Premium,4863.61
1849,Joseph Jensen,twillis@example.com,CV,2021-09-14,Premium,718.31
1850,Wanda Walker,ynolan@example.com,WS,2022-12-30,Standard,484.01
1851,Brittany Smith,meghan25@example.com,GE,2025-09-11,Basic,2233.43
1852,Daniel Cervantes,mclaughlinjames@example.org,CN,2025-09-11,Basic,824.6
1853,Ryan Smith,claire06@example.net,AG,2021-03-14,Basic,1363.64
1854,Jennifer Burns,jenniferford@example.org,SN,2025-04-24,Basic,4579.45
1855,Joseph Miller,lthompson@example.com,QA,2020-12-27,Premium,526.43
1856,William Hart,timothy62@example.net,AU,2022-10-14,Basic,2047.04
1857,Kayla Rowe,qreyes@example.net,GY,2021-12-14,Standard,4297.46
1858,Joshua White,phorne@example.com,EC,2024-05-17,Basic,2344.97
1859,Christina Cobb,sararios@example.org,AT,2020-05-18,Premium,3954.1
1860,Kenneth Bradley,joycekeith@example.org,ES,2021-12-14,Basic,2979.12
1861,Scott Jones,joel82@example.org,DM,2022-07-24,Standard,651.34
1862,Victor Clarke,lukecase@example.com,NI,2021-12-13,Premium,826.18
1863,Julie Manning,zrobinson@example.com,JP,2020-09-24,Basic,2955.12
1864,Gary Grimes,ucarr@example.org,EG,2021-06-25,Premium,4632.15
1865,Sarah Aguilar,lopezgrant@example.org,DK,2025-05-11,Basic,3919.77
1866,Steven Mcdonald,nhiggins@example.com,KN,2020-05-01,Standard,4350.63
1867,Kevin Grant,davidjohnson@example.net,GB,2025-05-15,Standard,4401.68
1868,Jackson Daniel,kelleyglen@example.org,IN,2025-10-30,Standard,1976.91
1869,Robert Parks MD,nbailey@example.net,SZ,2024-07-25,Standard,2902.91
1870,Mary Howard,danafoster@example.org,GB,2024-04-30,Standard,283.58
1871,Amanda Smith,joel61@example.net,TO,2024-09-27,Standard,2074.57
1872,Gregory Wiggins,monicaduncan@example.org,AO,2021-12-03,Basic,3082.41
1873,Carol Mcintosh,elizabeth14@example.org,QA,2024-09-02,Basic,2068.43
1874,Kayla Brown,rhondaray@example.com,BS,2021-08-30,Standard,4458.91
1875,Anna Ponce,raymondschultz@example.net,CZ,2021-04-06,Standard,3483.52
1876,Sean Bradshaw,wortiz@example.net,CU,2020-09-10,Premium,3754.17
1877,Nichole Davis,reyesdan@example.org,BB,2020-04-27,Standard,4495.45
1878,Jill Sharp,mrandolph@example.net,AE,2020-09-22,Premium,1755.54
1879,Kenneth Reynolds,jared02@example.com,CF,2024-05-17,Standard,1623.65
1880,Paula Garcia,gregory14@example.org,TH,2025-04-05,Standard,4305.35
1881,Brenda Rogers,raymark@example.org,CZ,2024-02-05,Basic,581.27
1882,Alan Morrow,jackierichardson@example.com,WS,2023-07-30,Premium,758.49
1883,Rita Fitzgerald,trujillojason@example.net,TN,2022-04-13,Basic,2271.24
1884,Michael Crawford,frankjeremy@example.com,CL,2023-07-30,Standard,1420.16
1885,Timothy Dunn,paul23@example.org,IL,2020-11-06,Standard,3064.4
1886,Paula Johnson,bconrad@example.org,ML,2025-08-24,Premium,1020.88
1887,Justin Ramirez,carolbrown@example.net,WS,2023-09-07,Premium,4575.82
1888,Scott Johnson,davidheath@example.net,CF,2025-10-13,Standard,3730.63
1889,Francisco Benton,mariacohen@example.net,AF,2025-09-01,Basic,4349.23
1890,Donna Wright,smithmichael@example.com,SB,2021-05-01,Premium,2624.82
1891,Jocelyn Henderson,cindy57@example.net,GD,2023-05-21,Premium,421.52
1892,Dustin Bridges,johnskinner@example.org,ID,2024-09-01,Basic,2583.3
1893,Andrew Brown,robleswillie@example.org,GE,2022-10-08,Premium,3924.53
1894,Rebecca Spencer,colejoshua@example.org,RW,2020-02-28,Basic,4408.73
1895,Kimberly Black,seth29@example.org,WS,2020-12-20,Premium,951.31
1896,Antonio Miller,ortizcristian@example.org,PL,2020-08-25,Premium,4201.19
1897,Wayne Hess,michael84@example.com,KG,2024-04-10,Premium,262.05
1898,Brian Gonzalez,cunninghamhunter@example.net,SM,2021-03-13,Premium,4598.35
1899,Michael Carlson,hjohnson@example.net,AF,2024-01-21,Basic,1075.64
1900,Dr. Paula Lawson MD,bweeks@example.com,NZ,2022-01-01,Standard,4135.18
1901,Kevin Warren,hollyalvarez@example.org,BG,2024-12-08,Basic,2045.02
1902,Jeffery Collins,courtney01@example.org,BE,2025-11-16,Premium,3437.75
1903,Mr. Thomas Johnson,brenda88@example.org,VC,2022-09-06,Premium,1925.09
1904,Michelle Horton,edwardselizabeth@example.net,BI,2023-05-18,Basic,2285.91
1905,David Lynch,mortonkenneth@example.net,SB,2021-11-24,Standard,2975.71
1906,Larry Fritz,deborahgonzalez@example.net,OM,2025-07-29,Standard,1786.82
1907,Janet Hawkins,curtis61@example.org,GM,2024-02-10,Standard,3769.91
1908,Karina Duncan,jesusthompson@example.com,NZ,2022-11-28,Basic,542.92
1909,Tracy Santiago,brandi19@example.com,AL,2021-02-04,Premium,1994.17
1910,Deborah Stephenson,anthonymcdonald@example.net,PK,2020-05-26,Premium,4283.72
1911,Carolyn Davis,randalldonna@example.net,AT,2024-12-01,Premium,4299.84
1912,Debbie Atkinson,younggabrielle@example.net,TO,2023-10-14,Basic,1203.05
1913,Wendy Richards,phyllismiller@example.com,AO,2023-01-28,Premium,1418.51
1914,Lori Oconnell,ochoamelissa@example.net,MZ,2024-05-20,Standard,2615.08
1915,Charles Chang,warroyo@example.net,SG,2025-05-13,Basic,143.6
1916,William Compton,samuel08@example.org,BH,2024-06-03,Premium,3272.12
1917,Anthony Wells,lestrada@example.org,MU,2024-11-13,Basic,4024.24
1918,Jamie Duran,not-an-email,GQ,2023-05-19,Premium,1336.71
1919,Christopher Santiago,stevengoodwin@example.net,SV,2024-11-25,Standard,3592.43
1920,Mark Adams,jerome14@example.org,TT,2025-07-31,Basic,3249.43
1921,Andrew Lam,gregorymitchell@example.net,TG,2022-07-16,Standard,4487.87
1922,James Rodriguez,zcarpenter@example.net,SV,2023-05-07,Standard,2349.09
1923,Mark Dyer,smiles@example.net,MT,2023-11-05,Premium,2386.82
1924,Dennis Carr,bakerwilliam@example.org,BI,2022-04-20,Basic,2651.13
1925,George Cruz,tinakelly@example.org,ZM,2022-08-30,Basic,2046.05
1926,Beth Shaw,josephross@example.net,SC,2022-06-09,Premium,136.0
1927,Jeffrey Mercer,wmendoza@example.net,PA,2021-05-14,Basic,4835.78
1928,Alex Whitaker,evansjason@example.org,TZ,2023-08-11,Standard,2851.14
1929,Danielle Guerrero DVM,yolandamarks@example.net,NE,2025-05-17,Basic,3084.35
1930,Nathan Kline,jacob30@example.com,LI,2020-08-24,Standard,3453.62
1931,Gary Greer,kentmichael@example.com,GB,2023-05-03,Standard,412.8
1932,Caleb Davis,debra34@example.com,AT,2021-10-23,Standard,3238.91
1933,Ryan Harrison,vmosley@example.org,SI,2024-09-21,Standard,1379.62
1934,Joshua Mullins,,AD,2020-10-04,Basic,4765.72
1935,Juan Davis,ramosrobert@example.org,GR,2025-03-13,Basic,1564.08
1936,Tamara Sims,amy98@example.net,HU,2025-01-13,Premium,2634.74
1937,Melissa Dunn,sarah69@example.com,FM,2024-03-11,Premium,4508.47
1938,Gerald Green,linda01@example.org,VE,2025-05-09,Basic,2080.08
1939,Catherine Kirk,pvang@example.net,MU,2020-10-22,Standard,3435.7
1940,Brian Wells,dvega@example.org,UG,2025-05-02,Basic,224.73
1941,Rhonda Clark,john21@example.net,TT,2023-03-24,Standard,4987.6
1942,Anthony Washington,johnsondiana@example.net,KI,2021-07-23,Standard,4543.87
1943,Wesley Wright,carternicholas@example.com,KZ,2024-11-03,Standard,2002.55
1944,Natalie Hawkins,areynolds@example.org,LR,2025-03-10,Premium,2956.82
1945,Adrian Gibbs,leroy57@example.com,LV,2024-09-25,Basic,4098.47
1946,Jerry Benton,tami38@example.net,AT,2023-03-23,Standard,3660.09
1947,Richard Scott,yliu@example.org,ZW,2022-07-20,Premium,3462.96
1948,Michael Brown,mchen@example.net,LY,2021-02-07,Basic,3946.0
1949,Michael Leonard,melissawilson@example.org,KE,2021-05-16,Basic,1856.64
1950,Jodi Brandt,ebenson@example.com,MZ,2021-01-31,Standard,4242.55
1951,Austin Johnson,thompsonjenna@example.org,BW,2020-10-21,Basic,4394.82
1952,Kathy Frye,aholder@example.net,AL,2022-03-27,Premium,1539.54
1953,Vicki Olson,ifrey@example.org,BR,2020-08-25,Standard,726.93
1954,Teresa Wallace,galvanjoshua@example.org,VC,2021-01-13,Standard,3653.41
1955,Christopher Burnett,thomasdaniel@example.org,BF,2022-06-14,Basic,3838.3
1956,Nicolas Wilkerson,jeremy59@example.net,MV,2021-03-22,Premium,4739.92
1957,Julia Bell,miguelbaker@example.net,EC,2025-03-13,Standard,3306.73
1958,Justin Potter,natalie54@example.org,AU,2021-11-09,Premium,1840.89
1959,Eric Richardson,,BO,2024-01-20,Basic,4370.02
1960,Brittany Marquez,imitchell@example.net,LK,2020-09-01,Standard,3961.64
1961,Todd Quinn DVM,xgonzales@example.com,GA,2024-05-20,Standard,1921.24
1962,Martin Newton,mjackson@example.net,SO,2021-06-16,Basic,1540.85
1963,Benjamin Wells,penabruce@example.org,UZ,2022-04-11,Premium,2405.63
1964,Samantha Scott,arthurlynch@example.org,LR,2024-09-13,Basic,2959.52
1965,Brianna Hanson,markperez@example.com,AL,2024-04-24,Basic,448.96
1966,Melissa Walters,robertsonjennifer@example.com,OM,2020-03-19,Premium,2552.34
1967,Taylor Kirby,vanessa44@example.com,SV,2022-11-04,Basic,1970.18
1968,Jeffrey Petersen,lorikoch@example.net,BI,2025-09-24,Standard,2124.23
1969,Joanna Mueller,smithgina@example.net,SV,2022-11-06,Premium,773.09
1970,Barbara Herrera,morgan69@example.net,TT,2021-12-03,Premium,1779.08
1971,Kayla Moore,torrestricia@example.com,TT,2022-07-21,Basic,4474.94
1972,Ashley Franco,jonhall@example.org,ZA,2024-03-20,Standard,801.8
1973,Tracey Page,josephconway@example.net,CF,2025-12-01,Basic,983.75
1974,Joseph Allen,hernandezdaniel@example.net,KM,2021-05-11,Premium,2489.15
1975,Thomas Moore,tonyaholmes@example.net,BE,2023-04-19,Basic,4934.54
1976,Christy Thomas,velasquezalexis@example.org,EC,2024-04-08,Standard,3209.04
1977,Michael Cruz,cgray@example.org,SE,2025-05-01,Premium,2315.06
1978,Shawna Gillespie,hespinoza@example.org,SY,2025-01-17,Premium,3829.85
1979,Jake Robles,bryan38@example.com,LB,2020-07-02,Premium,2923.77
1980,Angela Dixon,hartmanjoshua@example.net,BA,2023-11-24,Premium,2498.93
1981,Jason Haas,marilyn10@example.org,FJ,2020-10-29,Premium,734.09
1982,Joyce Walton DVM,woodlisa@example.com,CH,2024-05-25,Standard,3204.09
1983,Benjamin Smith,grahamteresa@example.net,MW,2023-07-13,Standard,2202.22
1984,Adam Holland,kerry11@example.net,GR,2022-07-13,Standard,1978.25
1985,Jeremy Nguyen,lmendez@example.com,VN,2025-12-02,Premium,2715.53
1986,Alexis Mejia,russellkelley@example.com,TG,2022-10-25,Basic,1928.2
1987,Latoya Howell,paulstevens@example.org,SM,2020-11-04,Premium,4470.83
1988,Justin Hurst,kennedywanda@example.net,BA,2021-05-27,Basic,1033.83
1989,Helen Watson,,TN,2022-11-29,Basic,120.21
1990,Michael Young,,MK,2022-09-22,Basic,1319.23
1991,Kelly Hansen,omarturner@example.org,TG,2022-09-22,Basic,4397.23
1992,Veronica Duncan,shelleybowers@example.com,LT,2025-02-15,Standard,731.76
1993,Autumn Tucker,janice27@example.com,MV,2023-01-23,Standard,2566.35
1994,Anne Chambers,juanfranklin@example.net,NA,2023-08-12,Standard,918.4
1995,Christopher Thomas,lcook@example.org,PG,2025-08-21,Premium,1561.19
1996,Whitney Henson,joseph21@example.net,LY,2020-04-26,Standard,2334.04
1997,Roy Williams,ichan@example.org,TR,2024-02-01,Basic,3022.21
1998,Holly Rivas,hurleybrandon@example.net,MZ,2020-11-06,Standard,2224.96
1999,Gloria Hill,stevensjason@example.org,IT,2021-04-26,Basic,4977.81
2000,Christopher Martin,paige40@example.org,BT,2025-01-31,Standard,4981.08
2001,Susan Black,haleylove@example.org,BW,2022-11-29,Standard,1860.33
2002,James Peck,adam10@example.com,TJ,2020-10-25,Premium,907.93
2003,Amy Wilson,theresa92@example.com,CD,2023-11-06,Standard,193.71
2004,Emily Simmons,manningjeremy@example.com,BF,2025-11-19,Premium,3663.13
2005,Andrew Ford,rwheeler@example.org,AF,2024-12-03,Premium,1134.83
2006,Michael Travis,wileyaudrey@example.com,TJ,2025-09-27,Premium,2989.49
2007,Crystal Brewer,jgutierrez@example.net,GH,2024-04-07,Premium,703.49
2008,Carlos Scott,amiranda@example.net,BT,2025-03-10,Basic,3287.65
2009,Kayla Thomas,tharris@example.net,BS,2025-10-02,Premium,1938.44
2010,Patricia Johnson,brandon58@example.net,VA,2021-04-12,Basic,1353.37
2011,Andrea Stafford,tarabowers@example.net,ML,2022-06-02,Basic,3153.36
2012,Sierra Allen,robertbrown@example.com,ST,2022-08-17,Basic,4973.93
2013,Jo Chapman,veronicadavies@example.com,SR,2022-08-12,Basic,629.76
2014,Tracy Stewart,patrickjarvis@example.net,KG,2023-01-07,Premium,336.35
2015,Anthony Cook,rvelasquez@example.net,BE,2022-06-08,Premium,2142.2
2016,George Miller,kmoore@example.org,ZA,2022-05-12,Standard,705.62
2017,Kimberly Cook,daniel74@example.net,AT,2024-12-11,Standard,2424.54
2018,Stacy Garcia,barajassteven@example.net,MW,2023-12-30,Premium,1106.93
2019,Mrs. Erin Phillips,dfleming@example.net,ME,2020-07-26,Basic,3188.53
2020,Jennifer Oliver,lesliegillespie@example.com,MC,2021-01-23,Standard,2162.27
2021,Yvette Orozco,iansantana@example.net,MK,2025-08-22,Premium,3346.17
2022,Christopher Butler,millerdaniel@example.org,WS,2025-03-25,Standard,3151.71
2023,Hannah Yates,scott95@example.org,OM,2025-07-31,Basic,772.1
2024,Katherine Hubbard,meganford@example.net,BE,2021-09-11,Premium,2606.77
2025,Leslie Diaz,mcintyreelizabeth@example.org,BE,2025-08-01,Basic,676.9
2026,Tyler Howell,kendra03@example.net,TT,2020-01-22,Premium,3945.32
2027,Cameron Johnson,rosshunter@example.net,PS,2020-09-16,Standard,1073.37
2028,Elijah Austin,mosesveronica@example.com,VE,2021-09-14,Premium,3912.0
2029,Joshua Reed,reginaparks@example.com,CY,2023-09-12,Basic,4868.29
2030,Andrew Russell,khudson@example.org,BA,2020-04-10,Standard,3546.84
2031,Terri Stout,jonespaul@example.com,QA,2020-02-12,Standard,885.83
2032,Stephanie Ferrell,heather23@example.net,FI,2021-07-29,Basic,2532.14
2033,Kevin Richmond,michelle00@example.com,RW,2023-06-03,Premium,3472.2
2034,Sarah Cook,robinsoncynthia@example.org,BN,2022-10-01,Standard,1719.96
2035,Mrs. Beverly Myers,daniel84@example.org,TV,2022-12-16,Premium,162.47
2036,Travis Park,jefferywalker@example.com,BY,2020-05-13,Premium,4543.71
2037,Amanda Williams,ccombs@example.com,HN,2020-06-01,Basic,3378.21
2038,Kimberly Mcintyre,john21@example.org,MV,2020-01-13,Premium,4752.29
2039,Chad Pennington,peggy57@example.com,TW,2022-05-10,Basic,467.74
2040,Rachel Daniels,meredith21@example.org,UA,2025-04-04,Basic,596.32
2041,Emily Foster,stephanieallen@example.net,EE,2024-06-02,Standard,3257.25
2042,Brenda Wood,,AR,2024-10-12,Standard,4944.46
2043,Terry Wilson,meagan38@example.org,EG,2024-03-02,Standard,1394.21
2044,Carol Holland,carlosmeadows@example.net,CM,2021-02-18,Premium,589.06
2045,Miranda Parks,hamiltonkendra@example.net,NZ,2023-02-18,Premium,4383.29
2046,Joshua Miller,ashley77@example.org,MA,2021-04-08,Standard,1865.05
2047,Jose Fletcher,sally78@example.net,UY,2024-02-22,Basic,1632.26
2048,William Franklin,williamperkins@example.org,SE,2025-02-23,Basic,667.92
2049,Emily Brown,cowandevin@example.net,TW,2021-08-27,Premium,147.39
2050,Christopher Lewis,amanda32@example.net,DE,2022-11-10,Premium,3350.44
2051,Donald Archer,jessicamiddleton@example.net,AE,2020-05-09,Premium,1710.44
2052,Troy Ward,jacquelinenunez@example.net,YE,2020-08-28,Standard,4779.94
2053,Mark Irwin,sharon23@example.org,CO,2024-05-28,Standard,-25.0
2054,Dr. Cameron Liu II,blakefrank@example.org,SC,2024-04-19,Premium,1925.85
2055,Anthony King,aaronjoyce@example.org,LY,2020-07-23,Standard,996.06
2056,Taylor Gonzales,lkelly@example.org,VA,2024-04-16,Standard,2061.23
2057,Benjamin Johnson,vickidavis@example.net,LA,2023-03-23,Standard,1431.98
2058,Edwin Grimes,valenciaerik@example.net,SM,2025-11-13,Standard,3480.52
2059,Alyssa Wright,carl66@example.org,CZ,2021-04-23,Standard,4019.51
2060,Christina Wilson,dsmith@example.com,NA,2023-05-28,Basic,4442.01
2061,Ryan Skinner,wstevens@example.org,MV,2023-05-05,Premium,653.98
2062,Christian Hudson,dcox@example.com,TT,2021-05-27,Basic,3659.41
2063,Dawn Douglas,zsanford@example.org,LA,2021-09-20,Premium,608.19
2064,Michelle Bradley,alan96@example.org,PH,2021-11-01,Basic,2465.11
2065,Janice Hamilton,davistanya@example.com,GM,2021-02-19,Basic,3424.13
2066,Tamara Rodgers,joseph21@example.net,SG,2024-09-17,Premium,3095.48
2067,Tina Ferguson,mavery@example.net,VN,2025-02-05,Standard,3095.66
2068,Jennifer Fowler,rebecca19@example.net,KZ,2020-08-02,Basic,4411.76
2069,Justin Ballard,jenniferrivers@example.com,PK,2022-04-13,Basic,4869.88
2070,Jacob Brown,jeffreygreen@example.org,AU,2025-11-04,Premium,2467.09
2071,Blake Davenport,xsullivan@example.net,IQ,2024-11-07,Standard,653.39
2072,Nicholas Hendricks,victor76@example.net,LC,2022-03-21,Standard,2259.37
2073,Debra Ingram,stacey53@example.com,MN,2025-05-14,Premium,1381.9
2074,Denise Hughes PhD,erivers@example.com,GE,2023-05-21,Standard,160.57
2075,Christopher Mitchell,nicholsrebekah@example.net,LT,2025-06-07,Basic,2671.61
2076,Sylvia Torres,briggsjacob@example.com,UG,2025-07-20,Basic,2925.58
2077,Jacqueline James,megan21@example.org,AL,2020-11-08,Basic,1197.53
2078,Mrs. Isabel Love,bakerpaul@example.com,BF,2022-09-19,Basic,4378.4
2079,Marie Silva,lauramoore@example.com,CI,2025-12-25,Basic,2663.21
2080,Eric Higgins,chavezrobert@example.net,PK,2021-10-21,Basic,3129.37
2081,Melanie Smith,simpsonalyssa@example.com,DM,2021-05-10,Standard,3342.39
2082,Jacob Dunn,hendricksangela@example.com,DJ,2020-11-07,Premium,2461.46
2083,Mary Stevenson,ryanbullock@example.com,IL,2021-04-03,Basic,3413.85
2084,Stefanie Jimenez,crawforddawn@example.org,KH,2021-08-08,Standard,828.41
2085,Melissa Jenkins,nancy23@example.com,PL,2025-08-07,Basic,4471.1
2086,Jennifer Nguyen,jamessmith@example.com,BH,2022-09-19,Basic,367.37
2087,Phillip Graves,lisarandolph@example.org,AR,2023-11-15,Basic,4678.42
2088,Matthew Barrett,johnsonsamantha@example.com,KZ,2025-07-25,Basic,4259.34
2089,Eric Flores,davidjohnson@example.com,GT,2021-01-25,Standard,4360.14
2090,Becky Sellers,orice@example.net,BT,2025-10-21,Premium,3782.01
2091,Andrew Martinez,wdean@example.net,DE,2022-12-19,Standard,1280.37
2092,Terrence Johnson,barbarawelch@example.com,HU,2023-02-09,Standard,346.72
2093,Tracy Bell,reneehernandez@example.org,DZ,2022-01-23,Premium,2797.43
2094,Cristina Gilbert,aaroncox@example.com,FM,2024-02-27,Standard,2076.06
2095,Sandra Casey,davidhenderson@example.org,SD,2024-02-28,Premium,486.27
2096,James Solomon,lwilliams@example.com,UZ,2022-02-05,Standard,4026.18
2097,Pamela Roman,patrickgarcia@example.com,CM,2022-12-26,Standard,531.3
2098,Matthew Farley,patriciagrant@example.net,ZM,2020-12-07,Standard,2290.63
2099,Tracey Vasquez,wleblanc@example.com,SN,2025-10-08,Premium,4905.29
2100,Karen Nguyen,david33@example.net,DE,2025-02-26,Basic,3301.53
2101,Michael Smith,websterkelly@example.org,LY,2020-11-06,Premium,2076.85
2102,Natalie Moore,gregorymullen@example.com,BG,2023-05-12,Premium,2829.94
2103,Lisa Kaiser,nathanwilliams@example.com,HN,2022-04-06,Premium,4146.95
2104,Miranda Lin,carlholland@example.net,BG,2024-12-30,Basic,4819.54
2105,Katherine Garcia,adamcaldwell@example.org,TJ,2021-08-17,Basic,1592.53
2106,Marissa Nguyen,beasleycharles@example.com,EC,2025-09-11,Basic,2855.43
2107,Richard Beck,ashleycortez@example.net,MM,2022-05-29,Basic,3390.22
2108,Donald Alvarez,lucas91@example.org,YE,2022-04-25,Standard,1880.38
2109,Jeffrey Le,joneskatie@example.net,LV,2023-12-16,Premium,4101.28
2110,Keith Lambert,nvargas@example.net,LI,2021-12-23,Standard,1726.67
2111,Robert Brown PhD,andrewjackson@example.org,TL,2022-09-14,Basic,3039.76
2112,Marissa Davis,hernandezcharles@example.org,TO,2020-02-02,Basic,3320.12
2113,Susan Oliver,ppatel@example.com,NA,2021-06-17,Basic,2317.41
2114,Karen Jones,ehenry@example.org,BR,2020-03-20,Premium,3820.67
2115,Mrs. Jessica Price,stevensmatthew@example.net,SM,2024-10-14,Premium,110.77
2116,Joshua Gomez,sheliacohen@example.net,MD,2023-03-17,Standard,4166.43
2117,Brandon Carrillo,kyle08@example.net,RS,2021-11-07,Standard,2783.68
2118,Catherine Martinez,moorebrenda@example.com,AR,2024-09-17,Standard,3540.27
2119,Mr. Willie Hart,smarsh@example.com,AF,2024-08-24,Premium,4494.7
2120,Jason Hoffman,itorres@example.net,NZ,2024-04-06,Standard,788.2
2121,Jerome Cole,nicole16@example.org,MV,2022-12-23,Basic,3738.3
2122,William Scott,antonio63@example.com,KW,2025-05-05,Standard,624.11
2123,Andrew Stevenson,annette92@example.com,OM,2024-03-11,Basic,1060.02
2124,Krystal Howard,nwalker@example.org,MD,2020-06-22,Premium,4658.06
2125,Adam Richardson,martinevan@example.com,GQ,2022-03-23,Standard,1156.39
2126,William Castaneda,sabrina98@example.net,LT,2021-03-28,Premium,3612.26
2127,Douglas Sandoval,kennethrivera@example.com,JP,2023-09-02,Premium,3810.03
2128,David Jones,cheryl69@example.net,TZ,2024-06-21,Premium,4640.47
2129,Sandra Duffy,joshua74@example.org,TR,2021-06-19,Basic,2985.17
2130,Deborah Fox,dustinwilliams@example.com,SC,2025-04-14,Standard,2341.2
2131,Karen Mcconnell,cory21@example.org,PS,2022-07-09,Basic,4785.33
2132,Michael Wilson,egill@example.com,KI,2023-06-05,Premium,4822.89
2133,Cheryl Mccoy,ewood@example.net,CO,2025-05-24,Premium,2698.79
2134,David Williams,ashley46@example.org,CY,2025-02-25,Premium,2810.81
2135,Anthony Johnson,daniel13@example.net,PL,2024-05-04,Standard,4210.2
2136,Henry Mann,llee@example.com,YE,2021-12-31,Standard,4629.42
2137,Aaron Case,livingstonchelsea@example.org,IL,2024-01-24,Premium,3489.91
2138,Chelsea Dominguez,fhughes@example.org,GR,2024-03-26,Premium,3679.42
2139,Amber Harris,jamesrussell@example.net,SZ,2025-08-09,Premium,607.41
2140,Chloe Ellis,josephclark@example.org,AM,2020-10-24,Basic,3042.68
2141,Michelle Perry,iharrington@example.org,AU,2021-10-22,Standard,2570.14
2142,Tiffany Edwards,ashleyramirez@example.net,BE,2023-04-24,Standard,2151.46
2143,Ann Bates,skim@example.org,PT,2020-12-01,Basic,4587.96
2144,Elizabeth Skinner MD,amandamoody@example.com,BE,2021-07-31,Premium,1440.62
2145,Lisa Ramirez,cmorgan@example.com,ZA,2020-12-23,Standard,4855.41
2146,Caitlin Harris,cindyhall@example.org,AM,2025-03-25,Standard,4043.5
2147,William Lewis,halljeffrey@example.com,NE,2020-10-21,Premium,2122.45
2148,Michael Santiago,xlogan@example.org,OM,2022-10-23,Basic,4443.54
2149,John Bishop,john02@example.com,BA,2025-02-18,Basic,1564.67
2150,Todd Thompson,jessicahawkins@example.com,RU,2022-03-22,Basic,2784.25
2151,Devin Hardin,brandonfernandez@example.com,BJ,2021-01-08,Standard,3588.18
2152,Rhonda Robles,davisjennifer@example.org,HR,2025-09-04,Basic,3199.66
2153,Stanley Brown,qhendricks@example.net,ST,2024-10-12,Premium,1127.59
2154,Ashley Lowery,qmorris@example.com,CD,2022-10-10,Basic,1523.84
2155,Taylor White,brendan58@example.org,SO,2023-09-25,Standard,4613.84
2156,Richard Harrison,matthewbrennan@example.org,EG,2025-03-26,Premium,4908.54
2157,Rebekah Richards,paul84@example.net,IE,2020-12-06,Basic,4878.38
2158,Brittany Wright,courtneyhayes@example.org,ER,2025-06-27,Premium,2569.08
2159,William Wilson,cchurch@example.org,MC,2020-08-06,Basic,3220.7
2160,Jennifer Hull,caldwellpatricia@example.org,PH,2022-01-29,Basic,665.49
2161,Kari Steele,carmengomez@example.net,VN,2025-02-16,Standard,2855.17
2162,Cassandra Flores,snydergerald@example.org,SA,2023-09-14,Basic,2896.13
2163,Danielle Grant,frankward@example.com,CZ,2025-09-02,Basic,3579.61
2164,James Flores,brittany63@example.org,SZ,2020-11-12,Basic,3764.56
2165,Rose Harris,kelly70@example.com,SC,2024-05-31,Basic,1501.05
2166,Mr. Thomas Smith MD,alexbrooks@example.net,MT,2025-01-15,Standard,4060.69
2167,Andrea Miranda,jake77@example.com,VU,2024-08-05,Basic,621.71
2168,Jeffery Barrett,staceyharper@example.com,NI,2024-03-18,Standard,812.1
2169,Thomas Wells,ernesthoward@example.org,AM,2021-05-25,Basic,377.36
2170,Hannah Miller,anthonywood@example.net,DJ,2022-07-05,Standard,3775.91
2171,Benjamin Glass,jrobinson@example.net,LB,2020-11-26,Premium,4919.31
2172,Lauren Hall,stevencortez@example.org,KH,2021-11-22,Basic,1327.75
2173,Miranda Beck,bradbennett@example.com,HR,2022-06-14,Premium,3483.91
2174,Maria Arnold,leejennifer@example.org,TD,2021-07-21,Standard,1099.6
2175,Amanda Berry,janetmoore@example.net,BS,2023-03-25,Basic,258.3
2176,Travis Thompson,watsonkenneth@example.net,CG,2021-01-22,Standard,602.15
2177,Sheila Stephens,not-an-email,CA,2024-04-07,Basic,3723.51
2178,Gabriel Hawkins,pricevanessa@example.org,GQ,2024-07-30,Premium,3737.82
2179,Cassandra Reilly,hramos@example.com,HN,2020-01-03,Basic,2005.54
2180,Patty Moyer,zcampbell@example.net,KR,2024-12-27,Basic,3943.11
2181,Jeffrey Anderson,donna19@example.org,VC,2024-08-25,Basic,1509.43
2182,Cassidy Lee,torrescaleb@example.com,DK,2025-07-30,Basic,330.2
2183,Rebecca Rodriguez,kpace@example.net,CG,2023-09-02,Standard,1999.02
2184,Jill Bryan,mchapman@example.net,IT,2020-07-16,Basic,1632.0
2185,Marissa Palmer,danieldunn@example.org,GN,2023-06-14,Basic,363.63
2186,Alex Watts,jasminbrown@example.com,FJ,2025-04-01,Basic,1331.57
2187,Cheryl Foster,smithcrystal@example.com,EE,2024-06-26,Basic,4357.36
2188,Stephanie Pierce,mcconnellangela@example.org,NI,2021-08-14,Standard,4166.92
2189,Mary Cunningham,brownraymond@example.net,NR,2025-01-19,Basic,3552.68
2190,Jeffrey Sanchez,gregorypeters@example.org,SC,2020-12-25,Basic,1901.93
2191,Richard Moyer,lisarussell@example.net,BS,2023-08-28,Basic,2778.41
2192,Sophia Richmond,dthompson@example.org,HU,2023-01-12,Basic,1062.7
2193,Richard Smith,leeelizabeth@example.org,FR,2022-08-09,Basic,4825.02
2194,Brittany Nunez,michaellopez@example.net,US,2025-05-26,Standard,2299.19
2195,John Erickson,sullivanpaula@example.com,MV,2024-05-14,Basic,464.9
2196,Perry Cummings,adamnolan@example.net,SK,2020-07-27,Premium,3701.89
2197,Deborah Townsend,stuartwallace@example.com,CI,2020-08-08,Premium,1948.27
2198,Ashley Booker,iriley@example.net,HU,2022-10-06,Standard,1467.65
2199,Matthew Thompson,ewinglynn@example.org,ME,2023-03-31,Standard,737.33
2200,Troy Ross,ngallagher@example.com,TR,2022-05-06,Basic,4245.47
2201,Jerome Parker,matthewwalker@example.com,SV,2024-12-22,Premium,1719.76
2202,Pamela Rojas,bethfranklin@example.com,IQ,2022-08-11,Basic,4693.72
2203,Luis Henderson,bryan79@example.net,MY,2023-10-06,Premium,853.15
2204,Kristen Larson,gina74@example.net,MH,2022-11-27,Standard,3024.71
2205,Diane Hill,leahpham@example.com,CG,2024-02-11,Basic,3116.48
2206,Ryan Stone,jamie98@example.net,CD,2022-06-19,Basic,1575.66
2207,Kevin Johnson,leslie92@example.net,DZ,2025-12-24,Basic,2795.78
2208,Adam Hanna,houstonvalerie@example.org,MZ,2023-02-01,Premium,3941.75
2209,James Roberts,smithamy@example.com,SN,2020-11-01,Standard,2674.44
2210,Brian Walker,nancyballard@example.com,RO,2024-12-31,Premium,2650.97
2211,Kristen Montgomery,vgreen@example.org,TG,2021-10-30,Basic,880.92
2212,Mrs. Brittany Choi,rose00@example.org,BD,2022-01-31,Basic,2731.48
2213,Olivia Powell,deanna05@example.com,JP,2024-01-29,Premium,1812.07
2214,Keith Petersen,ryan90@example.net,PS,2020-07-31,Premium,3350.34
2215,Alicia Wilson,pmartin@example.org,AT,2022-11-17,Standard,1867.91
2216,Jessica Oneal,williamsjoseph@example.com,KI,2020-09-04,Premium,4756.51
2217,Kyle Hurley,qwebb@example.com,NO,2025-09-11,Basic,2699.44
2218,Sabrina Brooks,shelby62@example.org,CI,2023-05-08,Basic,4136.07
2219,Kyle Brennan,lesliecoleman@example.org,ER,2021-12-10,Basic,143.14
2220,Lee Rivera,sarahholland@example.com,OM,2025-08-19,Basic,1795.44
2221,Eric Lester,amber55@example.net,GR,2024-10-03,Premium,4532.03
2222,Brent Holloway,amandaedwards@example.com,BR,2023-08-09,Basic,4601.18
2223,Nicholas Robinson,jacquelineatkins@example.net,BG,2025-10-25,Premium,4798.59
2224,Carl Lopez,ariascarlos@example.net,PW,2020-01-08,Basic,4439.73
2225,Briana Booker,xmoore@example.com,SO,2021-06-02,Standard,4588.07
2226,Lisa Peters,angela22@example.net,SV,2023-11-08,Premium,1990.79
2227,Hannah Marquez,craig18@example.com,RW,2021-10-30,Basic,3647.48
2228,Austin Rogers,ricedana@example.com,KP,2022-03-17,Premium,4565.55
2229,Jesse Adams,kathyfowler@example.com,CV,2023-08-06,Standard,2620.11
2230,Monique Castaneda,daniel71@example.com,TT,2021-10-13,Basic,2283.23
2231,Laura Gonzalez,melanie93@example.org,LT,2021-10-19,Premium,1552.53
2232,Amanda Lee,robertrusso@example.org,FM,2021-05-21,Basic,1043.31
2233,Kelly Burke,ronaldjohnson@example.com,SD,2021-03-16,Basic,503.49
2234,Thomas Jones,timothyalvarez@example.org,JO,2023-03-18,Premium,920.23
2235,Eugene Brown,davidholt@example.com,LR,2024-12-17,Basic,2712.71
2236,Garrett Perez,garciaanne@example.org,MK,2024-12-27,Basic,420.81
2237,Eduardo Booth,emiller@example.com,CH,2022-07-19,Basic,3184.62
2238,Robert Chapman,benitezjeffrey@example.com,CR,2022-04-10,Premium,4338.26
2239,Stacy Soto,vgreen@example.org,VA,2023-07-11,Standard,4194.76
2240,Alyssa Johnson,patelangela@example.com,GT,2023-07-11,Premium,2735.0
2241,Cynthia Velazquez,frank18@example.net,NE,2023-06-19,Basic,4405.32
2242,Dustin Santos,ghill@example.net,KG,2023-12-24,Basic,3898.51
2243,Sara Gilbert,caguilar@example.org,TJ,2023-09-18,Basic,4102.1
2244,Reginald Henry,karen28@example.net,CG,2025-06-18,Premium,3759.77
2245,Charles Alexander,msimon@example.net,HR,2025-01-20,Premium,216.39
2246,Sally Evans,daniellesolomon@example.com,BR,2025-01-26,Basic,1725.41
2247,Nicole Rice,sara14@example.org,NO,2022-10-09,Premium,458.92
2248,Kelly Myers,millerjessica@example.net,AT,2022-12-23,Premium,3991.65
2249,Nicole Sweeney,rowebelinda@example.net,RW,2021-04-04,Basic,445.17
2250,Tony Rogers,clayandrew@example.net,KM,2025-01-01,Premium,4563.83
2251,Michelle Mccoy,marthagriffin@example.net,BE,2025-07-01,Standard,2001.36
2252,Scott Middleton,jeffreymccormick@example.org,YE,2022-03-22,Basic,2081.8
2253,Jonathan Potter,awoodward@example.net,LB,2024-12-21,Standard,182.77
2254,Alicia Garner,johnstonkristin@example.org,AG,2021-03-03,Basic,679.7
2255,Beth Berry,pparker@example.com,MG,2021-06-28,Premium,3242.97
2256,Amanda Brown,margaret18@example.net,CM,2020-09-22,Basic,409.86
2257,Shawn Evans,eclark@example.com,MC,2020-04-03,Basic,2969.48
2258,Christine Todd,robynmiller@example.net,MG,2024-10-08,Basic,4256.43
2259,Laura Clark,laurenbrown@example.org,YE,2023-01-21,Standard,4647.43
2260,Shane Potter,odavis@example.com,PG,2022-01-01,Premium,1520.2
2261,George Cruz,fallen@example.net,ER,2023-12-29,Basic,1576.62
2262,Ashley James,philipshelton@example.org,KM,2022-02-21,Premium,1479.44
2263,Cynthia Tucker,kjohnson@example.net,UG,2020-10-20,Standard,1968.93
2264,Jamie Smith,kennethboyd@example.com,IE,2022-07-13,Basic,251.01
2265,Melanie Jones,hansonheather@example.com,ZW,2021-07-15,Premium,2713.99
2266,Shane Walters,robert40@example.com,CM,2025-05-07,Premium,3759.09
2267,Kimberly Taylor,alanthomas@example.com,GE,2020-03-23,Basic,1545.39
2268,Katrina Garcia,erica71@example.net,TW,2022-07-14,Basic,805.97
2269,Rebecca House,candrews@example.com,SA,2023-06-22,Basic,4446.19
2270,Shannon Hopkins,hudsonglen@example.net,IT,2022-05-31,Basic,3274.91
2271,Pamela Pitts,daniel35@example.net,AE,2025-08-18,Premium,2812.27
2272,John Chavez,andrewfaulkner@example.net,TJ,2025-05-10,Basic,792.73
2273,Nina Combs,kimberly03@example.com,GE,2025-11-28,Premium,124.65
2274,Stephanie Hunter,amyramos@example.net,MK,2023-07-18,Basic,2031.0
2275,David Sullivan,qcole@example.org,HT,2025-10-08,Basic,4740.2
2276,Lisa Rodriguez,james60@example.org,ST,2024-04-20,Standard,1129.26
2277,Dennis Jackson,bradshawcarlos@example.org,HT,2020-10-06,Basic,4527.38
2278,Misty Kelly,randerson@example.com,BI,2025-05-13,Standard,1137.51
2279,Kathleen Vargas,cory32@example.com,MR,2020-02-13,Basic,4272.15
2280,Juan Jones,tklein@example.org,ZW,2025-12-26,Premium,888.68
2281,Donald Crane,matthewsjill@example.com,CZ,2025-07-16,Premium,3122.74
2282,Dr. Laura Harris,nathanielbraun@example.com,CV,2024-06-18,Standard,1052.2
2283,Ronnie Benson,geraldgarcia@example.net,VU,2021-02-10,Premium,3387.79
2284,James Reynolds,elewis@example.org,CZ,2020-04-23,Basic,4276.03
2285,Matthew Brown,kimberlyjohnson@example.com,GW,2023-04-11,Basic,2360.2
2286,Mikayla Jones,james89@example.org,AG,2022-05-06,Basic,458.41
2287,Erik Brown,vsanchez@example.net,AL,2022-01-12,Basic,430.08
2288,Luis Davis,penageorge@example.org,CD,2020-02-26,Premium,1067.35
2289,Lacey Paul,pwilkerson@example.com,SA,2021-03-23,Basic,2487.23
2290,Robert King,julia17@example.org,TN,2020-11-08,Standard,1849.98
2291,Tracey Wells,gibsonkirk@example.com,BF,2021-01-01,Basic,3311.82
2292,Darius Turner,isaiahthomas@example.net,MY,2025-11-24,Premium,1497.17
2293,Daniel Matthews,thomasjessica@example.net,ZA,2020-02-03,Premium,4510.58
2294,Patrick Griffin,yware@example.net,AO,2020-02-07,Standard,2480.72
2295,Martin Gomez,walkerdavid@example.com,BR,2021-04-01,Standard,3120.08
2296,Elizabeth Grant,josephcooper@example.net,MK,2023-11-28,Standard,3497.94
2297,James Anderson,andrewsdaniel@example.net,TT,2023-07-04,Premium,2871.2
2298,Robert Fernandez,sholder@example.com,ES,2025-07-13,Standard,4057.73
2299,Jennifer Mendoza,gmoody@example.net,NL,2023-08-22,Standard,926.33
2300,Zachary Velez,larry40@example.net,AE,2020-10-05,Standard,1306.26
2301,Kristin Davis,armstrongtravis@example.net,TN,2021-05-20,Premium,3589.78
2302,Andrew Powell,philliphayden@example.net,CN,2020-10-13,Basic,2237.01
2303,Veronica Ramirez,william47@example.org,SD,2024-12-31,Standard,758.1
2304,Vincent Ortiz,ryan20@example.org,BI,2020-12-11,Basic,1724.66
2305,Nicholas Parks,michellehoward@example.com,AD,2025-12-26,Standard,2367.96
2306,April Smith,swright@example.net,LC,2025-04-09,Standard,3896.36
2307,Kirk Salazar,blackashley@example.net,BW,2025-12-17,Standard,2803.19
2308,Robert Johnson,cruzkaren@example.net,CZ,2020-09-22,Premium,3263.2
2309,Johnny Peck,nsingh@example.org,MW,2024-12-02,Premium,4224.79
2310,Gabrielle Daniels,bendermichelle@example.net,NO,2020-01-20,Premium,4467.36
2311,David Williams,gabrielle36@example.org,BY,2022-11-17,Premium,1389.85
2312,Jeremy Noble,floreseileen@example.net,KH,2024-05-03,Basic,474.67
2313,Jonathan Malone,edward03@example.net,IL,2022-03-20,Premium,4471.32
2314,Andrea Harris,joshuajenkins@example.com,LI,2024-10-29,Basic,3194.97
2315,Linda Campbell,michelle67@example.org,VC,2022-04-01,Basic,2936.61
2316,Chad Ibarra,patrickjasmine@example.net,BW,2020-04-27,Basic,1142.53
2317,Chad Walker,xcarlson@example.com,AD,2024-02-17,Premium,2802.81
2318,Brenda Schmidt,crawfordhaley@example.org,PT,2020-11-23,Basic,4480.53
2319,Mandy Lee,ernest35@example.com,AM,2021-05-13,Basic,2413.31
2320,Manuel Riddle,andrearivera@example.net,CI,2020-01-19,Premium,1892.51
2321,Lori Hartman,michael04@example.net,MY,2024-02-13,Premium,4468.04
2322,John Thompson,bakerricky@example.org,BS,2020-09-07,Basic,3692.81
2323,Charles Miller,cummingsjulie@example.org,FR,2020-10-06,Standard,756.02
2324,Nicholas Schaefer,fjones@example.org,AT,2025-11-25,Basic,2601.02
2325,Joseph Brooks,bmoss@example.com,GR,2023-12-05,Standard,1882.94
2326,Monica Beltran,larry04@example.net,EE,2025-09-24,Premium,3347.12
2327,Jennifer Robinson,patrick01@example.net,BT,2025-05-12,Basic,3452.39
2328,Jonathan Paul,tamaraparker@example.org,IL,2021-12-30,Basic,787.82
2329,Jennifer Henry,knichols@example.com,TW,2021-05-29,Premium,977.81
2330,Samantha Barnett,philliphatfield@example.net,MX,2020-08-10,Basic,3331.13
2331,Jasmine Bell,icisneros@example.com,BO,2025-01-30,Premium,3706.01
2332,Jessica Cuevas,rdixon@example.net,KE,2025-09-26,Standard,4701.96
2333,Mary Lane,michaeljohnson@example.org,SE,2022-11-03,Premium,1172.21
2334,Wendy Beltran,joeshields@example.org,KP,2021-10-26,Standard,1235.57
2335,Sherry Molina,staceyhernandez@example.com,DZ,2020-04-27,Standard,1910.23
2336,Oscar Kelly,jonathan20@example.com,KM,2022-08-06,Premium,3376.07
2337,Maria Miller,garciajennifer@example.com,FJ,2024-02-22,Basic,4547.86
2338,Charles Wright,ohall@example.com,GD,2023-04-12,Standard,2001.66
2339,Shannon Shaw,jenniferrice@example.com,TZ,2023-07-09,Standard,4419.6
2340,Wendy Sullivan,reedcorey@example.org,BD,2024-10-21,Premium,4904.89
2341,Shawn Collins,christopher23@example.org,CL,2021-02-02,Standard,605.8
2342,Logan Tapia,psmith@example.com,CV,2024-03-31,Basic,3204.48
2343,Shelia Cruz,harrisbryan@example.net,FR,2020-08-08,Standard,4190.87
2344,Ronald Dean,millerlindsey@example.org,AL,2020-08-18,Standard,2935.29
2345,Karen Wilson,christensentyler@example.org,TZ,2021-04-04,Basic,951.86
2346,Kristen Williams,wilkersonkatherine@example.org,PS,2024-12-07,Basic,1954.74
2347,Mike Levine,bowenjonathan@example.net,KH,2025-12-04,Basic,3301.35
2348,Julie Warren,samantha11@example.org,OM,2021-09-16,Premium,2631.65
2349,Christopher Wilson,jlivingston@example.net,GD,2022-01-16,Standard,4866.1
2350,Patrick Ruiz,dgeorge@example.net,GT,2025-03-15,Premium,2630.22
2351,Ashley Johnson,maxwelltheodore@example.org,CO,2022-10-22,Standard,4104.46
2352,Sherry Chapman,fking@example.org,SO,2025-05-12,Standard,2485.62
2353,Darrell West,gcastro@example.org,EG,2021-03-09,Standard,4447.14
2354,Megan Moran,kristen78@example.org,AL,2024-10-15,Premium,2559.0
2355,Sean Lee,jasonfoster@example.org,DK,2021-01-06,Premium,2255.5
2356,Kevin Clarke,wmorrison@example.com,TG,2025-10-26,Premium,477.73
2357,James Kennedy,rowen@example.net,MK,2022-02-11,Basic,1475.97
2358,Bailey Lane,heidi21@example.com,BG,2020-05-25,Premium,1015.84
2359,Stephanie Colon,ejones@example.org,GM,2024-05-31,Standard,3049.9
2360,Todd Li,patricia24@example.org,ME,2021-03-08,Premium,3339.44
2361,Joshua Walker,keithwyatt@example.net,BI,2024-06-26,Standard,4074.75
2362,Thomas Rodgers,cervantesleslie@example.org,BD,2021-04-27,Basic,655.36
2363,Benjamin Alvarez,kathryn86@example.net,JP,2020-11-18,Basic,2446.19
2364,Crystal Parrish,jesse81@example.org,AD,2022-06-04,Premium,2994.88
2365,Shirley Hill,xfisher@example.org,RW,2021-12-14,Basic,4183.49
2366,Rachel Foley,floresjohn@example.com,LI,2023-01-12,Premium,1293.98
2367,Ashley Payne,bullockrebecca@example.com,BZ,2024-06-19,Premium,2910.08
2368,Pamela Jimenez,petersonjordan@example.com,DZ,2020-10-20,Premium,760.15
2369,Linda Martin,ssmith@example.com,NZ,2020-04-09,Basic,292.04
2370,Jacqueline Ramirez,cmcdonald@example.com,BI,2024-07-19,Basic,819.64
2371,Dalton Serrano,,TW,2022-08-25,Premium,1365.47
2372,Margaret Hall,robinsontommy@example.com,GT,2023-11-30,Premium,2631.54
2373,Stacy Phillips,pittmanwesley@example.com,MA,2023-03-07,Standard,3036.85
2374,Anthony Hart,jordan68@example.com,CY,2022-10-02,Basic,3224.35
2375,Jose Evans,westroy@example.org,AG,2025-05-11,Basic,3667.07
2376,Melinda Thomas,heathjasmine@example.com,GE,2022-09-02,Standard,4741.54
2377,Jennifer Butler,michaelmartinez@example.net,NR,2024-05-11,Premium,2301.1
2378,Lisa Russell,salinaszachary@example.net,MX,2024-04-30,Standard,4349.78
2379,Anthony Cook,kimberly40@example.com,AR,2023-07-19,Premium,1174.88
2380,Lindsey Thomas,beckyharmon@example.com,UG,2024-02-14,Standard,3044.11
2381,David Smith,erinrojas@example.com,PG,2025-02-13,Basic,4120.22
2382,Kurt Ford,max26@example.org,TZ,2020-05-06,Premium,3153.74
2383,Ronald Rose,meganwoods@example.com,AE,2024-03-23,Basic,1396.15
2384,Daniel Brown,gregoryschneider@example.com,CA,2025-01-08,Basic,3459.4
2385,John Watson,hsimmons@example.com,CD,2020-08-21,Standard,3023.01
2386,Edward Jensen,daniel48@example.com,TR,2022-07-15,Premium,1226.09
2387,Christopher Garcia,amoses@example.org,TV,2023-04-27,Standard,747.84
2388,Allen White,kcooley@example.net,AL,2025-02-19,Premium,1091.51
2389,Deborah Gregory,tyler10@example.com,ST,2020-07-28,Basic,3453.4
2390,John Eaton,dorseylinda@example.org,MZ,2020-02-25,Premium,3067.0
2391,Richard Beasley,pughkelly@example.org,GE,2025-07-17,Premium,2431.76
2392,Catherine Rangel,hlane@example.com,DJ,2021-02-08,Basic,3039.09
2393,Jessica Allen,fernandezsusan@example.org,SZ,2023-05-18,Basic,2566.31
2394,Debbie Moore,christina98@example.com,CD,2022-05-21,Premium,556.63
2395,Larry Martinez,vickiesnyder@example.net,BT,2024-03-11,Basic,738.61
2396,Samantha Walker,evanskelsey@example.com,BH,2020-12-16,Basic,2742.5
2397,Jason Foster,madison72@example.net,BA,2020-10-01,Premium,4495.15
2398,Leah Baker,andrew08@example.net,NZ,2021-10-27,Basic,3281.24
2399,Paul Chaney,bmathis@example.org,BD,2021-10-22,Basic,2161.35
2400,Tammy Cunningham,brookemartin@example.org,MR,2023-04-10,Premium,3518.45
2401,Sonia Allen,ramirezamy@example.org,TV,2024-08-28,Standard,1224.48
2402,Hannah Lee,glennbernard@example.org,MK,2021-05-08,Standard,3968.82
2403,James Pearson,maurice01@example.net,ZA,2020-05-27,Standard,1817.54
2404,Gary Robbins,perezrichard@example.net,TG,2021-05-10,Basic,4548.51
2405,Richard Hanson,jamesmartin@example.org,MX,2024-11-06,Basic,2922.99
2406,Brandi Cain,reedjulie@example.net,KH,2025-07-06,Standard,756.03
2407,Vincent Adams,christopher90@example.com,LT,2021-05-20,Standard,3852.71
2408,Terry Carr,stephaniewilson@example.org,SB,2024-07-04,Premium,1488.01
2409,Joe Chapman,ernest06@example.org,UG,2022-05-29,Basic,2102.37
2410,Brandon Harris,ypeterson@example.org,TZ,2024-08-24,Premium,126.8
2411,Billy Perez,uwatson@example.com,CN,2020-10-17,Basic,3968.17
2412,Denise Flores,gking@example.org,ME,2025-08-30,Basic,2660.45
2413,Barbara Stokes,anthonyduncan@example.org,KM,2020-02-25,Basic,135.25
2414,Debra Baxter,bruce21@example.org,MH,2024-06-13,Basic,1106.55
2415,Heather Stewart,jason21@example.net,DZ,2024-02-23,Standard,2103.34
2416,Ryan Holmes,lwashington@example.com,DZ,2020-08-18,Premium,858.42
2417,William Brooks,michelle21@example.net,ST,2020-11-01,Basic,2968.31
2418,Lori Leonard,garzajill@example.org,KI,2021-06-01,Standard,4289.39
2419,Mr. Johnathan Reyes,,TZ,2024-08-17,Standard,2866.88
2420,Heather Howard,martintanner@example.net,TL,2023-07-15,Basic,1450.25
2421,Anthony Meyer,jill83@example.net,SR,2021-09-27,Basic,2047.53
2422,Melissa Page,ytaylor@example.org,AM,2021-01-11,Premium,2124.82
2423,John Barrett,michaelbradshaw@example.net,LB,2024-06-08,Basic,2464.09
2424,Kevin Jackson,geraldkane@example.org,TW,2024-06-03,Standard,2839.56
2425,Nicholas Alvarado,tjackson@example.com,EC,2020-08-20,Standard,1343.51
2426,Philip Gilmore,davissonya@example.org,HN,2023-04-25,Standard,2930.49
2427,Kelly Thompson,frenchcatherine@example.net,NI,2025-07-13,Basic,2050.84
2428,Jill Taylor,vsmith@example.org,TT,2022-05-14,Premium,4289.49
2429,Austin Huff,smithjesse@example.org,BE,2022-03-02,Basic,683.52
2430,Daniel Wood,amberthompson@example.org,KG,2024-06-03,Premium,2288.31
2431,Travis Walker,nealrobert@example.org,SM,2025-01-06,Basic,4751.3
2432,Mr. James Ross,dguerra@example.com,NZ,2020-11-10,Premium,1150.84
2433,Daniel Fox,alex95@example.org,PL,2025-03-21,Standard,3951.8
2434,Brandon Mckenzie,meredithnunez@example.org,FJ,2021-01-15,Basic,3108.72
2435,Marvin Sparks,justin16@example.com,CU,2024-09-19,Basic,3563.27
2436,Jasmine Hill,darren37@example.org,PL,2025-08-18,Premium,2006.61
2437,Kelly Woods,wshannon@example.org,NO,2022-10-26,Basic,125.92
2438,David Carter,fuentesnichole@example.org,PY,2025-02-24,Premium,4133.95
2439,Jorge Alexander,hufftroy@example.net,TM,2021-12-19,Standard,4636.72
2440,Clayton Khan,ann74@example.com,IQ,2021-02-17,Standard,531.89
2441,Daniel Reed DDS,walterprice@example.com,PE,2020-06-19,Standard,1186.67
2442,Carol Sawyer PhD,julie62@example.com,TJ,2023-06-03,Premium,3084.24
2443,John Gonzalez,rgross@example.org,TD,2023-05-29,Basic,1983.2
2444,Linda Perez,connie57@example.net,IQ,2020-01-27,Standard,3108.43
2445,Donald Morris,conleyantonio@example.org,QA,2021-01-17,Basic,1503.7
2446,Jeffery Torres,smclaughlin@example.org,PH,2023-03-15,Basic,381.57
2447,Deborah Lewis,fosternicholas@example.net,GB,2023-01-11,Premium,3237.43
2448,Savannah Johns,paula72@example.net,MW,2022-09-15,Standard,152.48
2449,Tim Valenzuela,richardsonkenneth@example.net,BT,2024-07-12,Basic,4660.72
2450,Nicole Duncan,hernandezthomas@example.net,DM,2023-02-12,Basic,1501.43
2451,Richard Parker,terrydebra@example.net,MV,2023-06-17,Premium,3941.4
2452,Heidi Mullins,cjohnson@example.org,MA,2020-02-14,Basic,2627.49
2453,Jeff Hicks,anthonywebb@example.com,TL,2026-09-25,Premium,3114.43
2454,Kaitlin Moody,kelleyderek@example.net,EG,2021-04-07,Basic,276.7
2455,Karen Andrews,kimberly90@example.net,PG,2022-07-10,Premium,3309.59
2456,Erin Shaw,erica06@example.com,GB,2023-01-18,Premium,525.53
2457,Eric Li,barcher@example.net,KW,2021-03-25,Standard,3920.4
2458,Sarah Anthony,ashley21@example.net,PH,2024-10-16,Standard,3381.34
2459,Kristina Hubbard,gardnerrichard@example.net,PA,2020-05-08,Standard,2971.79
2460,Cody Brown,moralesfrancisco@example.net,AL,2020-03-06,Basic,175.3
2461,Lauren Thompson,chambersashley@example.net,DJ,2022-11-05,Basic,436.22
2462,Jennifer Morris,kendrahall@example.org,PK,2022-12-10,Premium,2793.0
2463,Kimberly Short,cheryl26@example.net,JP,2024-06-03,Basic,4165.85
2464,Michael Nichols,teresamiller@example.org,LR,2020-12-11,Basic,1805.67
2465,Lindsay Smith MD,ycole@example.net,EE,2021-10-24,Standard,1208.85
2466,Joshua Lee,jonathan98@example.org,IR,2020-05-19,Premium,2328.32
2467,Natalie Ramirez,lisaterry@example.net,GD,2021-05-23,Standard,2917.04
2468,Nathaniel Rodriguez,ashaw@example.com,ZW,2024-12-06,Standard,957.67
2469,Mary Byrd,nicole89@example.org,CA,2022-04-05,Basic,621.68
2470,Sonya Carpenter,rachelvaldez@example.org,LS,2022-04-11,Premium,2565.53
2471,Patricia Wilson,gilestiffany@example.com,ZM,2020-01-04,Standard,4740.38
2472,Anthony Johnson,holmesrachel@example.org,PH,2021-10-15,Basic,4787.88
2473,Christopher Bautista,denisetownsend@example.com,SL,2020-12-15,Basic,4084.42
2474,Mary Smith,zacharykeller@example.com,TM,2021-12-15,Basic,1325.69
2475,Lynn Davis,bfernandez@example.net,LA,2021-02-06,Standard,4833.67
2476,Stephanie Garrison,laurensullivan@example.org,AL,2020-09-03,Basic,2469.79
2477,Sara Allen,bryantcynthia@example.org,NL,2023-05-06,Premium,3811.62
2478,Deborah Adams,leah62@example.net,ID,2021-03-02,Standard,3439.81
2479,Samantha Washington,milleralex@example.net,KE,2022-01-01,Basic,4323.91
2480,Brenda Martin,jason90@example.net,BW,2024-11-10,Standard,669.71
2481,Daniel Diaz,whiteregina@example.net,PG,2025-08-18,Premium,1975.1
2482,Michele Wright,cbanks@example.org,CO,2022-06-06,Premium,3416.87
2483,James Anderson,bobby53@example.net,NO,2025-07-04,Premium,4020.79
2484,Melissa Ochoa,kimberly40@example.org,MZ,2021-07-14,Standard,4781.68
2485,Shawn Hicks,davidsawyer@example.net,PG,2024-12-17,Basic,2724.69
2486,Jacob Crosby,mjenkins@example.org,HT,2025-12-26,Basic,4177.67
2487,Robert Munoz,ecampbell@example.org,MR,2022-07-26,Premium,1507.72
2488,Kari Pruitt,denniswilliams@example.com,ER,2023-06-28,Standard,3401.12
2489,Christopher Jenkins,alexbutler@example.org,PH,2023-08-18,Standard,472.54
2490,Jennifer Lopez,nicholas99@example.net,DE,2025-09-09,Premium,2435.12
2491,Raven Gross,jasonwalton@example.net,QA,2023-07-12,Standard,1170.97
2492,Jose Mckinney,xcarr@example.com,AL,2025-03-10,Basic,1418.47
2493,Joseph Williams,paula31@example.com,FR,2021-10-21,Basic,3447.23
2494,Vanessa Greene,vickiepowell@example.org,AF,2023-08-14,Premium,2545.1
2495,Anthony Werner,jspears@example.net,RS,2025-05-18,Premium,1250.82
2496,Ricky Figueroa,melissaharrell@example.net,TM,2024-06-24,Premium,4376.44
2497,Alan Black,omorris@example.net,PW,2020-06-03,Premium,1223.12
2498,Kimberly Newman,vphillips@example.net,MC,2020-10-17,Premium,4198.04
2499,Erin Montes,brianwhite@example.com,HT,2020-10-23,Standard,864.38
2500,Wendy Patterson,deanjose@example.net,MZ,2020-03-08,Premium,687.4
2501,Teresa Wilcox,banksmeredith@example.com,SN,2020-10-01,Premium,3411.48
2502,John Diaz,westricky@example.org,SL,2020-10-15,Basic,2514.06
2503,John Todd,melissa04@example.org,KP,2022-08-01,Premium,3844.8
2504,Christopher Perez,douglastimothy@example.net,KW,2022-12-11,Basic,4794.17
2505,Anthony Henry,dawnjones@example.com,BH,2025-02-06,Standard,1918.86
2506,Kenneth Alvarado,thomasmatthew@example.net,CH,2021-05-09,Standard,2512.47
2507,Andrea Gonzalez,dlee@example.org,ET,2025-01-05,Basic,4356.97
2508,Edward Davies,melanie48@example.net,AD,2021-10-15,Standard,996.07
2509,Alexander Brady MD,kimedwards@example.org,AF,2024-09-04,Basic,1473.31
2510,Frank Waters,hartmancrystal@example.net,TH,2024-02-24,Premium,3775.83
2511,Ann Neal,michellewatkins@example.org,IQ,2025-02-12,Premium,365.33
2512,David Jacobs,grantmichael@example.org,LY,2022-02-09,Standard,2443.77
2513,Monica Morton,paula74@example.com,VC,2022-01-28,Basic,259.56
2514,Jacob Guzman,weeksbrandon@example.com,PY,2024-10-20,Standard,2029.21
2515,Kevin Mcclain,loveluis@example.com,CL,2020-01-06,Basic,3901.93
2516,Dr. Danielle Leblanc,gregorybrock@example.org,KZ,2023-03-28,Standard,4884.89
2517,Randy Wang,allennathan@example.net,TG,2021-04-02,Basic,2639.21
2518,Lori Steele,kelleramanda@example.org,CZ,2022-05-24,Standard,3477.13
2519,Michael Davis,bcampbell@example.net,US,2022-05-08,Premium,3403.1
2520,David Le,jamescantu@example.net,PT,2021-03-28,Standard,2946.94
2521,Kathy Hunter,gillmary@example.com,BB,2021-10-19,Standard,1871.85
2522,Kristin Riddle,carlsonblake@example.net,VC,2023-01-12,Standard,1017.05
2523,Anna Combs,michelle11@example.org,KZ,2020-09-14,Standard,1261.98
2524,James Garcia,amanda85@example.net,BE,2025-02-18,Standard,4796.78
2525,Daisy Barrett,wheelerrichard@example.com,PH,2022-01-21,Standard,1893.03
2526,Caitlin Smith,carolineruiz@example.org,PY,2024-10-15,Standard,2177.32
2527,Michael Phillips,boyererika@example.net,CU,2022-11-11,Standard,3533.49
2528,Angela Christensen,peter19@example.net,LU,2025-07-05,Standard,1888.88
2529,Jennifer Sparks,icuevas@example.com,EG,2024-05-16,Standard,1470.18
2530,Laura Livingston,jesse02@example.net,MV,2021-06-27,Premium,2899.91
2531,Alice Brooks,ysmith@example.net,MZ,2020-06-10,Basic,3461.46
2532,Amber Young,bfoster@example.org,MN,2020-04-16,Premium,3632.0
2533,Stacy Miller,aadams@example.net,ST,2020-04-06,Premium,2821.17
2534,Daniel Williams,mcneilbrian@example.net,GW,2023-07-11,Standard,1060.71
2535,Chad Franklin,eric37@example.com,TN,2023-11-01,Basic,832.79
2536,Crystal Rodriguez,tanyawilliams@example.net,VC,2022-10-21,Premium,965.38
2537,Scott Ford,qmichael@example.com,IE,2023-03-14,Standard,758.91
2538,Ms. Breanna Flores,heather53@example.net,BW,2024-11-12,Basic,2633.33
2539,Justin Higgins,wbailey@example.net,GH,2020-09-29,Basic,1647.06
2540,Diane Rivera,kmoore@example.net,LA,2021-09-12,Standard,1570.17
2541,Luis Williams,pjames@example.com,CA,2022-03-23,Basic,4306.66
2542,Emily Henderson,csmith@example.net,DE,2024-11-11,Premium,2052.17
2543,Jennifer Anderson,lauren15@example.net,MM,2024-07-18,Basic,900.38
2544,Cristian Smith,uhall@example.net,BW,2020-02-29,Premium,4087.71
2545,Emily Brown,xarmstrong@example.org,EE,2022-07-16,Standard,4210.96
2546,David Nguyen,dbradley@example.net,MT,2021-07-14,Premium,2304.29
2547,Holly Davis,heather79@example.org,LB,2025-10-23,Standard,1372.87
2548,Timothy Miller,vgraham@example.com,VC,2024-05-02,Standard,2845.72
2549,Gary Mcclure,jamesmorris@example.net,SA,2022-06-05,Standard,1786.29
2550,Julia Payne,brookstaylor@example.org,HN,2021-08-01,Standard,694.06
2551,Sarah Solis,weaverjohn@example.org,BA,2025-12-17,Basic,4819.27
2552,Alexander Ward,mallen@example.org,FM,2020-08-07,Premium,2926.58
2553,Christy Fleming,arianavalencia@example.com,IL,2024-03-27,Basic,3280.74
2554,Tammy Morris,lisadonovan@example.com,MT,2020-03-28,Premium,4898.93
2555,Chelsea Martin,nsellers@example.net,DJ,2023-09-14,Standard,1840.03
2556,Gina Taylor,johnwhite@example.net,BY,2021-05-05,Basic,2601.18
2557,Ana Jensen MD,zacharycarter@example.org,KG,2021-07-04,Basic,2289.96
2558,Kevin Hernandez,marshtimothy@example.com,BS,2022-12-19,Premium,1967.25
2559,Glenn Mosley,melendezscott@example.com,TN,2021-12-20,Standard,2372.39
2560,Christina Chung,johnsonjennifer@example.com,JM,2024-02-20,Premium,4354.46
2561,Christopher Ayala,uhaney@example.org,CN,2025-11-27,Basic,4057.81
2562,Daniel Crosby,gtanner@example.net,AU,2022-12-15,Standard,2166.9
2563,Edwin Mendoza,jsmith@example.com,BF,2025-09-23,Basic,2901.02
2564,Frances Edwards,derek41@example.net,AZ,2021-06-05,Premium,487.65
2565,Elizabeth Brown,rnelson@example.net,NZ,2023-11-03,Standard,1218.27
2566,Katie Patterson,ktaylor@example.org,NR,2022-11-02,Standard,3299.76
2567,Andrew Mann,lindabates@example.com,ZW,2024-12-24,Basic,1410.61
2568,Jennifer Moses,sonya14@example.net,PE,2025-01-29,Basic,2037.73
2569,Maria Clark,tinahale@example.net,GD,2021-08-08,Standard,3926.77
2570,Kimberly Ramirez,scottrobin@example.net,NP,2022-11-27,Standard,3764.69
2571,Stacy Cervantes,delacruzcarla@example.net,GE,2020-03-16,Basic,4831.08
2572,Shane Phillips,davidwalker@example.net,IE,2020-11-09,Standard,919.86
2573,Brian Higgins,guerrerorenee@example.com,VE,2025-05-10,Premium,712.7
2574,Crystal Smith,whiteshannon@example.net,MC,2021-09-23,Premium,3343.91
2575,Brenda Lee,sheila42@example.net,DK,2025-12-04,Basic,3533.41
2576,Nicole Horton,boonekim@example.net,CV,2022-01-17,Premium,1131.8
2577,Jerry Day,qbrown@example.net,JP,2025-06-14,Standard,604.75
2578,Janice Jones,heidiscott@example.net,MN,2020-05-27,Premium,4690.29
2579,William Greene,peter58@example.com,LA,2022-05-28,Standard,2787.33
2580,Reginald Hughes,tashachase@example.com,DE,2022-08-30,Premium,3877.58
2581,Amber Daniels,robertcruz@example.org,AF,2021-03-17,Basic,3848.48
2582,Steven Oconnor,vtapia@example.com,TL,2020-08-04,Premium,609.25
2583,Erica Walton,pamela51@example.org,IE,2025-07-23,Basic,860.84
2584,Adam Hughes,ymorgan@example.com,SM,2022-10-27,Basic,4664.79
2585,Anthony Jones,ugomez@example.org,DE,2025-02-18,Standard,1615.92
2586,Eric Jones,afitzpatrick@example.org,FR,2021-01-18,Premium,3714.21
2587,Joseph Simmons,maryhoover@example.org,ZA,2021-03-17,Standard,3169.76
2588,David Lee,lisa42@example.org,SG,2020-05-19,Premium,2681.04
2589,Andrew Steele,fernandezjill@example.org,AT,2023-11-09,Premium,240.0
2590,Diana Jones,elizabeth09@example.com,DZ,2025-11-24,Basic,1848.52
2591,Linda Parrish,rtaylor@example.com,DE,2020-05-25,Standard,4334.78
2592,Jack Lynch,evansrobin@example.com,GA,2023-05-01,Standard,4877.41
2593,Nicole Vasquez,berrytyrone@example.net,GR,2022-02-14,Basic,4680.8
2594,Stacy Silva,taylortoni@example.org,DO,2023-06-09,Basic,2279.74
2595,Charles Wiggins,solistara@example.com,SM,2024-04-20,Basic,2742.51
2596,Evelyn Ramirez,mcdonaldmegan@example.org,BB,2023-08-08,Basic,3028.16
2597,Jessica Stevens,amanda75@example.net,MM,2021-05-13,Basic,3769.67
2598,Eric Palmer,rrojas@example.net,WS,2025-09-24,Basic,2231.39
2599,Joseph Ramsey,kristin86@example.net,SG,2020-12-14,Basic,3233.69
2600,Kenneth Moore,garysnow@example.org,LK,2024-10-31,Standard,4553.72
2601,Jamie Dean,gabriel67@example.com,SI,2023-11-09,Standard,2744.37
2602,Jill Lyons,lpowell@example.org,KM,2021-04-04,Premium,2265.12
2603,Angelica Davis,harrisonvincent@example.com,CY,2025-10-18,Standard,2119.8
2604,Samantha Hart,ldean@example.org,NL,2025-04-26,Premium,1587.51
2605,Joe Thomas,nwilson@example.net,TT,2025-07-25,Premium,2664.25
2606,Christopher Ruiz,johnsonlisa@example.com,KW,2020-02-29,Premium,1785.04
2607,Michelle Burton,jbrown@example.com,PT,2024-12-10,Standard,2721.98
2608,Michele Jones,ufisher@example.com,FR,2025-11-26,Basic,4618.23
2609,Robert Hancock,cameronkaitlyn@example.com,SG,2023-07-24,Standard,1568.09
2610,Erica Morrison,mike96@example.org,NA,2020-05-25,Standard,4010.03
2611,Dennis Hunt,bharris@example.org,AM,2024-12-16,Basic,1232.96
2612,Chris Wheeler,whiteshari@example.net,UY,2024-02-10,Premium,2786.24
2613,Nancy Payne,mooreashley@example.net,SK,2020-03-02,Premium,2117.51
2614,Rachel Garcia,lisajohnson@example.com,AF,2023-11-11,Basic,2241.82
2615,Philip Sheppard,marksbrandon@example.net,CO,2025-06-28,Premium,900.02
2616,Leah Thomas,jeffreywhitehead@example.net,HR,2021-04-25,Basic,3265.35
2617,Eric Barrera,sanchezleslie@example.com,RW,2025-07-29,Standard,1180.9
2618,Jennifer Stone,wendylee@example.com,FM,2021-12-19,Premium,2168.97
2619,Jessica Singh,marybarrett@example.org,BZ,2022-09-04,Premium,2631.39
2620,Andrew Richard,scott05@example.org,BA,2021-12-08,Basic,4057.12
2621,Larry Wiley,zacharypage@example.com,IN,2020-07-24,Basic,1432.14
2622,Jordan Clark,collinskyle@example.com,BF,2020-04-07,Basic,3740.34
2623,Nicole Mayer,melissa36@example.net,PA,2023-11-28,Standard,2123.23
2624,Jennifer Michael,manningbrandi@example.com,PG,2020-09-06,Premium,993.8
2625,Shelly Thomas,linda45@example.com,SG,2023-09-15,Standard,640.75
2626,John Patrick,hermanveronica@example.com,RS,2021-10-01,Standard,3126.87
2627,Robin Jones,sharonaustin@example.com,GM,2025-02-18,Standard,3532.32
2628,Christine Wilson,tdiaz@example.org,US,2024-07-19,Standard,1020.17
2629,Mary Hall,xnixon@example.net,GE,2025-06-16,Premium,845.53
2630,Ronald Rivera,sandra42@example.org,GT,2024-04-06,Basic,208.44
2631,Scott Doyle,piercecourtney@example.com,SO,2021-01-18,Premium,1482.36
2632,James Arroyo,kevinnorton@example.com,KN,2021-06-26,Premium,3604.46
2633,Bryan Paul,amy17@example.com,SZ,2021-07-11,Basic,140.2
2634,Ashley Brown,rogersstacy@example.org,BO,2025-08-03,Premium,838.35
2635,Justin Jones,patricia13@example.com,IS,2023-01-30,Standard,1164.22
2636,Steve Thornton,lisa37@example.com,JO,2024-01-02,Standard,1626.73
2637,Leslie Ball MD,oroberts@example.org,FR,2020-02-26,Standard,4990.02
2638,Christian Nixon,tanya09@example.net,KH,2024-08-15,Standard,3514.98
2639,Chelsea Grant,robertchavez@example.org,US,2023-07-06,Premium,1718.22
2640,Jennifer Cisneros MD,julie34@example.org,AU,2024-06-23,Premium,374.59
2641,Bethany Frazier,josephchapman@example.org,BN,2020-10-21,Standard,449.79
2642,Jeffrey Henderson,patriciafreeman@example.net,SZ,2025-05-25,Standard,989.86
2643,Jesse Jones,cynthiahill@example.com,CL,2020-02-05,Standard,4104.53
2644,Christopher Sanchez,bryan46@example.com,NZ,2021-08-24,Premium,697.61
2645,Robert Li,dunnjohn@example.org,MU,2025-04-15,Basic,1319.92
2646,Rachel Kelly,oenglish@example.com,MK,2021-04-23,Standard,1311.09
2647,Clayton Jennings,qrosales@example.org,KG,2023-06-30,Premium,1075.98
2648,Timothy Novak,aaron25@example.com,BI,2023-08-24,Basic,3877.88
2649,Sandra Casey,kimberly48@example.com,RO,2024-05-15,Basic,3363.44
2650,Kimberly Armstrong,taylor33@example.org,ID,2020-11-04,Premium,2416.85
2651,Nicholas Dominguez,gloria49@example.org,CZ,2025-07-20,Basic,4809.95
2652,Michael Chapman,ulawrence@example.org,BI,2022-02-22,Standard,877.2
2653,Donna Aguilar,john76@example.com,BY,2020-10-20,Basic,306.71
2654,Joseph Brooks,brownjennifer@example.net,QA,2023-01-30,Basic,2652.54
2655,Daniel Miller,maysjohn@example.com,RO,2025-10-15,Standard,2458.03
2656,Brian Mcbride,elindsey@example.net,PH,2023-03-17,Standard,1073.75
2657,Jennifer Warren,vturner@example.com,BF,2020-08-01,Premium,4331.92
2658,Sara Thomas,qshort@example.org,HN,2022-06-09,Premium,4869.04
2659,Jacqueline Baker,alexanderjohnson@example.org,FI,2025-07-18,Premium,3201.25
2660,Jessica Rogers,renee05@example.org,DO,2020-04-28,Standard,173.83
2661,Dylan Hernandez,cortiz@example.org,KW,2021-09-23,Standard,2965.01
2662,Kevin Thomas,birdrichard@example.org,GA,2020-06-14,Standard,3966.8
2663,Betty Farrell,benjamin53@example.net,CO,2025-02-02,Premium,4847.29
2664,Jaime Taylor,daviselizabeth@example.net,TW,2021-02-07,Basic,3939.03
2665,Peter Scott,jason91@example.org,GT,2020-04-11,Standard,3473.19
2666,Jose Moses,hoganeric@example.net,US,2023-11-07,Premium,1919.85
2667,Jennifer Campbell,jaylopez@example.com,KG,2021-07-10,Premium,1318.74
2668,Jeremy Mcguire,josephhunt@example.com,FI,2024-08-19,Standard,547.87
2669,Monica Aguilar,john77@example.net,HN,2021-08-09,Basic,1758.27
2670,Mallory Ward,wgreer@example.com,BW,2021-08-29,Basic,394.26
2671,James Moyer,lisa91@example.com,RU,2022-01-03,Standard,3258.42
2672,Christopher Cobb,harveyrobert@example.com,CA,2024-07-31,Basic,2728.13
2673,Jaclyn Wright,erik74@example.com,NZ,2021-08-07,Premium,716.55
2674,Gina Hoffman,omartinez@example.net,TG,2024-04-25,Premium,1652.02
2675,Brittany Harris,lsnyder@example.org,KG,2025-04-30,Basic,3963.95
2676,Christopher Ellis,vtapia@example.net,SY,2020-08-14,Standard,4047.07
2677,Daniel Hopkins,gdunn@example.net,NP,2025-08-02,Standard,3692.63
2678,Jennifer Garcia,kennethruiz@example.net,GW,2021-06-23,Premium,3477.32
2679,Olivia Cobb,perrymichael@example.org,GQ,2023-09-11,Standard,3649.56
2680,James Harrington,heatherdavis@example.org,AO,2025-09-04,Standard,4503.45
2681,Carlos Brown,kimberlymejia@example.org,IS,2022-12-25,Standard,3562.47
2682,John Spencer,petersdonald@example.net,IS,2023-03-21,Basic,1544.1
2683,William Werner,lbowers@example.com,PA,2023-06-11,Basic,2501.45
2684,Donald Thomas,paulpark@example.com,GB,2022-05-19,Basic,1014.47
2685,Cheryl Rodriguez,kaitlinrichards@example.net,ZM,2022-06-07,Standard,1686.04
2686,James Armstrong,holderdaniel@example.net,NG,2025-05-24,Standard,1449.09
2687,Edgar Stevens,rhayes@example.org,NG,2024-03-19,Basic,4580.92
2688,Colleen Walker,johnsonstephanie@example.org,DO,2024-02-03,Basic,885.68
2689,Alyssa Morales,ashleynelson@example.net,AU,2022-02-05,Basic,859.62
2690,Darrell Nelson,jason67@example.net,GA,2024-07-26,Standard,4115.15
2691,Robert Campbell,christopher01@example.com,SA,2025-09-27,Basic,1898.85
2692,Xavier Kerr,garciaalex@example.com,TT,2023-08-08,Premium,3902.0
2693,Mary Ingram,allisondiana@example.org,AZ,2023-12-04,Basic,1957.31
2694,Sierra Castaneda,powellamy@example.org,AE,2020-11-25,Premium,4426.37
2695,Lindsey Wright,davidsingleton@example.org,IL,2025-10-14,Basic,4298.46
2696,Erin Spencer,wendyclark@example.org,BO,2023-01-04,Basic,1270.05
2697,Krystal Lambert,lhood@example.org,GA,2022-07-21,Basic,410.37
2698,Bobby Cobb,wyattnicole@example.com,CI,2025-07-10,Basic,4113.34
2699,Michael Aguilar,sara02@example.com,PL,2021-03-21,Premium,2667.94
2700,Wesley Meyer,robertsdavid@example.net,PK,2024-01-05,Standard,3852.1
2701,Chad Washington,bartoncathy@example.com,PY,2025-02-07,Premium,3103.89
2702,James Dalton,cassieallen@example.org,AZ,2025-02-03,Standard,2108.04
2703,Mr. Brian Odom Jr.,gary21@example.com,JM,2025-07-04,Standard,641.27
2704,David Mora,martinjenkins@example.net,NR,2025-04-05,Basic,3328.57
2705,Austin Kelley,matthew52@example.net,SB,2025-10-17,Premium,4192.45
2706,April Schultz,tommy17@example.net,SR,2024-06-08,Premium,975.33
2707,Kelly Melendez,ronald94@example.net,TN,2023-08-01,Premium,1090.19
2708,Veronica Johnson,garzacourtney@example.net,LV,2025-11-21,Standard,1038.92
2709,Matthew Morales,michael84@example.org,ER,2022-08-06,Premium,2897.96
2710,Joy Price,kathleenward@example.com,AR,2022-09-09,Standard,3323.81
2711,Karen Alvarado,carteryolanda@example.com,CG,2021-07-21,Basic,3157.46
2712,Robert Hicks,qcallahan@example.org,ME,2025-01-11,Basic,1354.1
2713,Ashley Smith,mortiz@example.org,GQ,2023-01-26,Standard,1181.54
2714,Olivia Tucker,adrianrussell@example.org,SC,2021-08-18,Basic,447.28
2715,Seth Keller,jeromearnold@example.org,EC,2024-04-26,Premium,3313.17
2716,Joshua Ruiz,aliciahoward@example.net,UA,2023-05-03,Premium,2393.49
2717,Don Williams,shaun13@example.com,CA,2023-07-28,Basic,397.43
2718,Hannah Johnson,james72@example.org,BA,2024-03-23,Basic,3743.04
2719,Roger Moody,oroberts@example.net,TL,2023-03-08,Standard,4127.93
2720,William George MD,anthonyhouse@example.org,BN,2022-02-26,Basic,385.67
2721,Marco Kent,john19@example.com,PS,2020-02-21,Basic,1402.5
2722,Paige Davis,keith86@example.com,JO,2020-10-03,Premium,3698.07
2723,Krista Thompson,andrewwalker@example.com,SB,2024-05-24,Standard,481.88
2724,Michelle Johnson,stevenrichards@example.org,TL,2025-11-20,Premium,4806.88
2725,Matthew Swanson,pking@example.net,NA,2020-11-15,Premium,596.0
2726,Robert Tran,robyn59@example.net,KP,2023-07-30,Premium,2705.14
2727,Peter Lopez,flowerscarrie@example.com,TN,2024-03-09,Premium,1046.29
2728,Heather Hernandez,esmith@example.net,BE,2023-10-29,Basic,1318.94
2729,David Chavez,nathan01@example.com,LB,2022-05-01,Basic,4742.77
2730,Timothy Barnes,evansrachel@example.org,CU,2020-11-11,Basic,3771.05
2731,Kayla Lee,kgilbert@example.net,VA,2022-02-22,Standard,3755.93
2732,Eric Ayala,lheath@example.com,AG,2025-02-02,Basic,2925.16
2733,Cynthia Taylor,grant48@example.org,AU,2023-03-10,Basic,2347.73
2734,Cameron Rodriguez,matthew69@example.org,LR,2021-08-23,Basic,2192.67
2735,Douglas Frye,cruzmary@example.net,MT,2023-03-17,Premium,917.37
2736,Jacob Brown,jeffreythomas@example.com,GQ,2020-02-02,Premium,2794.83
2737,Timothy Charles,danielle28@example.com,GR,2023-08-07,Basic,1753.81
2738,Ronald Jacobs,swhite@example.net,US,2020-04-10,Premium,2716.11
2739,John Bean,not-an-email,NE,2020-07-17,Basic,2270.76
2740,Cassandra Wilson,brittanyyoder@example.com,UY,2022-10-13,Standard,4522.18
2741,Sandra Foster,loriwalton@example.org,CM,2021-04-04,Basic,4958.17
2742,Kathryn Turner,adrian20@example.com,BY,2025-01-12,Standard,4239.78
2743,Kenneth Day,nathanielperez@example.net,RU,2024-01-11,Standard,3844.5
2744,Anthony Smith,russell62@example.org,LV,2020-07-04,Standard,4148.16
2745,Diana Vasquez,michael94@example.org,ZA,2022-04-05,Standard,3081.23
2746,Robin Thomas MD,jessica32@example.net,HT,2022-09-11,Basic,2773.57
2747,Mark Owens,mitchellnicholas@example.com,ES,2020-06-30,Standard,3851.97
2748,Adam Singh,sierra53@example.net,VE,2021-09-22,Basic,1345.04
2749,Bobby Hayes,apatterson@example.net,NP,2024-03-12,Standard,2292.75
2750,Matthew Wong,bjones@example.net,DJ,2022-01-14,Standard,100.96
2751,Maria Woods,russellcharles@example.net,VU,2023-04-28,Premium,4916.49
2752,Benjamin Wilson,rgarrett@example.com,AR,2020-05-11,Basic,179.88
2753,Mackenzie Harris,derekgonzalez@example.com,CM,2022-04-26,Premium,4967.72
2754,Andrea Taylor,deborah56@example.org,SB,2023-03-27,Standard,132.19
2755,Christian Collins,williamssheila@example.org,PH,2020-07-02,Premium,1152.63
2756,Danielle Goodwin,morganwarner@example.org,GE,2024-12-23,Standard,206.34
2757,Kyle Sims,njames@example.org,QA,2020-11-09,Basic,4129.45
2758,Deanna Henry,lauriecrawford@example.com,TN,2024-07-12,Basic,2605.23
2759,Dr. Tamara Taylor,garciajoshua@example.org,MW,2020-06-05,Basic,-25.0
2760,Jeffrey Carter,ywallace@example.org,MN,2024-10-27,Premium,562.01
2761,Clayton Ramirez,jeffrey37@example.com,GQ,2020-05-19,Standard,1842.71
2762,Jasmin Harrison,cgreen@example.net,KE,2022-05-09,Premium,1398.44
2763,Donald Pham,jean10@example.com,NE,2023-07-13,Basic,1324.3
2764,Tyler Lane,imurphy@example.com,CG,2023-10-02,Standard,4074.26
2765,Sharon Cannon,tliu@example.com,EE,2020-11-09,Premium,2895.39
2766,Francisco Johnson,nsilva@example.com,LA,2023-08-01,Basic,4597.62
2767,Angel Johnston,samuel50@example.org,CY,2025-04-06,Basic,478.29
2768,Johnny Pierce,mitchellmichael@example.com,RS,2024-09-21,Standard,3985.23
2769,Breanna Wilson,helen07@example.org,GA,2023-05-27,Premium,2492.55
2770,Brandi Carter,kimlee@example.net,ES,2021-05-19,Basic,3543.95
2771,Tammy Hale,levi67@example.com,ZA,2025-04-13,Premium,3016.63
2772,Jason Robinson,melindabowers@example.net,NP,2022-09-02,Standard,283.12
2773,William Ware,anthonyavery@example.org,WS,2021-03-15,Basic,1969.58
2774,Thomas Martinez,kerri83@example.org,GB,2024-01-20,Premium,4617.17
2775,Megan James,sheenavazquez@example.net,NA,2021-04-10,Standard,1804.86
2776,Angelica Clark,christiandanielle@example.com,UZ,2022-12-28,Standard,2140.96
2777,Sherri Greene,hartmitchell@example.com,IT,2025-07-02,Premium,4361.95
2778,Ashley Lopez,christy19@example.org,MR,2023-05-30,Premium,3763.63
2779,Stacy Smith,nolankelly@example.org,PY,2020-04-19,Basic,4650.4
2780,Michelle Kline,fernandezbrandon@example.net,ES,2022-01-25,Basic,3909.35
2781,Monica Johnson,danielle04@example.org,IR,2023-01-21,Standard,365.23
2782,James Hicks,mcdanielmartha@example.org,SK,2021-06-14,Basic,301.79
2783,Jose Robinson,stephen58@example.org,FJ,2023-10-21,Basic,2868.07
2784,Ashley Powell,patrick71@example.com,PG,2020-04-02,Standard,2561.77
2785,Victor Franklin,pamelatyler@example.net,CA,2023-04-17,Premium,850.67
2786,Melissa Brewer,timothygarcia@example.org,CD,2022-06-05,Basic,3684.74
2787,Jessica Lindsey,krodriguez@example.net,PW,2022-03-12,Standard,4858.1
2788,Henry Fitzgerald,elizabethmoore@example.org,PY,2024-12-16,Basic,2918.75
2789,Sharon Cook,nicholasscott@example.net,SR,2025-03-20,Premium,1188.22
2790,Gabriel Thornton,john33@example.net,TD,2020-05-26,Standard,3953.2
2791,Carla Moore,ghopkins@example.com,ME,2023-07-23,Premium,747.73
2792,Andrea Rivera,sarah68@example.com,UY,2022-11-22,Premium,2431.69
2793,Shaun Harris,kristinapeterson@example.org,PL,2025-03-18,Basic,341.62
2794,Jessica Castro,jonathanjones@example.com,SZ,2021-01-26,Standard,1386.53
2795,Calvin Holmes,ronald30@example.net,PT,2024-04-04,Standard,2558.93
2796,Adrienne Moon,umartinez@example.org,DZ,2024-11-27,Basic,738.84
2797,Kristi Espinoza,stephanieleon@example.com,PH,2022-09-27,Premium,2456.52
2798,Audrey Koch,donald27@example.net,SD,2025-07-08,Premium,2490.52
2799,Richard Brown,jsolomon@example.org,BE,2025-07-12,Basic,2899.52
2800,Diana Lee,tracy05@example.net,KM,2024-12-17,Basic,3118.38
2801,Mary Duke,toddmary@example.net,NP,2022-11-25,Basic,2668.81
2802,Lauren Wells,ndiaz@example.com,MG,2025-08-09,Premium,451.06
2803,Jesse Phillips,pwarren@example.org,JO,2024-08-18,Standard,1684.72
2804,Lucas Richardson,sharonfranco@example.org,GQ,2024-09-02,Basic,539.01
2805,Christina Ellis,not-an-email,TT,2022-04-12,Basic,2126.55
2806,William Warner,ssmith@example.com,QA,2020-06-15,Standard,1806.71
2807,Philip Cook,millershirley@example.org,CH,2024-01-11,Standard,1788.17
2808,James Poole,robertjohnson@example.org,CR,2024-03-18,Basic,218.61
2809,Michelle Caldwell,mbrowning@example.com,TH,2022-05-29,Standard,929.35
2810,Fernando Romero,michaelkline@example.net,ER,2025-07-05,Standard,3119.48
2811,Kaitlyn Davis,patrick86@example.net,MW,2020-08-24,Standard,3153.59
2812,Cynthia Moore,christophercooley@example.com,MD,2025-02-12,Standard,319.9
2813,Jenny Thomas,lanceryan@example.com,UA,2020-10-30,Premium,1078.46
2814,Kathleen Anderson MD,norrisjessica@example.net,CV,2025-05-29,Standard,864.36
2815,Anthony Torres,utyler@example.org,TZ,2020-02-15,Basic,4278.54
2816,Diana Holloway,zrich@example.net,FR,2020-02-22,Premium,3723.95
2817,Melissa Gonzalez,lukefisher@example.net,GM,2024-05-17,Premium,4749.81
2818,Sandra Gonzalez,davisbrian@example.net,AZ,2022-04-15,Premium,4356.89
2819,Linda Young,umeyer@example.org,KR,2023-07-15,Standard,167.29
2820,Amanda Rose,matthewcrane@example.org,LT,2025-02-13,Basic,4040.98
2821,Nicole Weber,howelljerry@example.com,MA,2023-04-06,Standard,2305.3
2822,Jeff Sanchez,ilong@example.net,AR,2021-04-28,Premium,1726.2
2823,Brenda Taylor,wmeyer@example.net,KI,2023-01-26,Basic,2736.23
2824,Vicki Hammond,wigginsrhonda@example.org,BN,2024-09-04,Premium,2777.48
2825,Anita Petty,emilyharmon@example.org,VA,2025-12-16,Standard,2789.12
2826,Lindsey Montgomery,tiffany18@example.net,CM,2022-08-05,Basic,3676.63
2827,Jay Hall,wquinn@example.net,AT,2024-06-24,Premium,3505.85
2828,Robert Simmons,hickstimothy@example.org,KM,2024-07-17,Basic,190.1
2829,Claire Mcintosh,qgardner@example.net,MK,2023-03-08,Basic,4539.6
2830,Jennifer Parsons,stevemorales@example.net,DJ,2020-02-23,Basic,313.06
2831,Jeremy Rivas,hudsongwendolyn@example.com,BA,2021-02-07,Premium,394.54
2832,Virginia Nguyen,andreadavidson@example.net,LC,2022-05-20,Premium,3967.02
2833,Julie Carpenter,lindseycunningham@example.org,CR,2023-03-24,Basic,1429.28
2834,Karen Hernandez,terri76@example.com,AR,2021-12-09,Standard,3308.31
2835,Justin Moyer,stewartsandra@example.net,JP,2023-04-17,Premium,426.33
2836,Steven Norman,timothy93@example.net,BJ,2020-09-30,Basic,1429.42
2837,Tyler Roy,fbell@example.net,SN,2025-09-19,Basic,1865.07
2838,Sarah Parker,pwilliams@example.com,BD,2022-08-25,Premium,193.48
2839,Deborah Wheeler,alexandrawest@example.com,MG,2020-01-10,Basic,1993.96
2840,Lori Day PhD,andrewgarcia@example.org,LV,2023-11-02,Standard,2591.85
2841,Jonathon Houston,snydergeorge@example.org,MZ,2023-10-20,Basic,588.06
2842,Brittany White,melissarussell@example.org,CL,2023-12-20,Standard,2474.84
2843,Christopher Williams,bfowler@example.org,IL,2023-10-21,Basic,2704.65
2844,Marilyn Henderson,jacqueline97@example.com,GY,2024-09-17,Premium,1074.49
2845,Madison Gamble,troy14@example.com,MX,2022-10-25,Standard,2847.37
2846,Holly Russell,uscott@example.com,SR,2025-09-03,Basic,205.29
2847,Heidi Torres,jeffery51@example.com,MU,2025-06-01,Premium,4619.12
2848,Vanessa Bates,ggomez@example.org,TL,2023-12-06,Standard,1734.49
2849,Craig Phillips,donnamcintosh@example.net,SY,2024-06-25,Standard,3747.51
2850,Sarah Collier,ryanmyers@example.com,SI,2025-08-31,Premium,1799.22
2851,Scott Shepherd,ediaz@example.org,SE,2021-11-17,Standard,1841.35
2852,Christopher Stephenson,nwise@example.net,GM,2025-05-28,Standard,1257.4
2853,Elizabeth Savage,sshea@example.com,SO,2023-12-10,Basic,1451.8
2854,Nathaniel Torres,wardjennifer@example.net,EC,2020-03-10,Premium,3166.38
2855,Christopher Carson,ellisjuan@example.net,PS,2023-03-11,Standard,4462.97
2856,John Perez,lmeadows@example.com,IR,2021-03-05,Premium,4726.27
2857,Mary Montes,allensara@example.org,NL,2023-10-23,Standard,1205.36
2858,Heather Gomez,hannahfields@example.com,LV,2020-10-28,Standard,4496.16
2859,Justin Collins,jeremy12@example.com,UG,2020-02-20,Basic,772.58
2860,Megan Hall,karenoliver@example.com,ET,2021-08-03,Basic,1972.81
2861,Susan Rodriguez,dianejohnston@example.com,DM,2020-06-21,Basic,3101.0
2862,Joe Baker,ypittman@example.org,TL,2022-05-28,Basic,3463.96
2863,Kelly Crawford,angelarhodes@example.com,JP,2022-01-23,Standard,1277.77
2864,Mark Reynolds,yatesmadison@example.net,BR,2022-01-19,Premium,2189.68
2865,Blake Wade,maurice55@example.net,GN,2023-07-04,Standard,4557.7
2866,Tammy Butler,glopez@example.com,PH,2024-02-17,Standard,2300.93
2867,James Cuevas,meghancontreras@example.com,MR,2021-03-13,Premium,1113.11
2868,Pamela Burgess,gscott@example.org,GB,2025-10-11,Premium,2947.05
2869,Kelly Dixon,amyers@example.net,VU,2022-07-18,Basic,4020.51
2870,David Munoz,yallen@example.org,VN,2025-08-06,Premium,1614.09
2871,Jessica Snyder,collinsantonio@example.com,WS,2023-08-02,Basic,4503.35
2872,Brenda Nicholson,ralexander@example.org,EC,2023-09-10,Premium,2207.32
2873,Richard Carey,parkermax@example.org,KM,2025-09-17,Premium,3315.54
2874,Charles Franklin,richarddiaz@example.net,CY,2021-10-01,Basic,4593.85
2875,Cynthia Sanchez,,MT,2023-04-26,Standard,432.29
2876,Amy Higgins,brittany44@example.org,BS,2022-10-19,Basic,4748.15
2877,Maria Wright,jeffrey10@example.net,TD,2023-02-16,Premium,1002.26
2878,Lauren Webb,floresricky@example.net,TV,2025-02-17,Premium,3662.69
2879,Julie Martinez,lisa73@example.org,SE,2020-09-08,Standard,4412.65
2880,Michael Miller,simontracy@example.net,DE,2020-09-01,Standard,4809.86
2881,Danielle Bradley,buchananscott@example.net,PK,2020-12-09,Standard,2270.72
2882,Dr. Ian Cunningham,cfreeman@example.net,JP,2022-08-11,Basic,4672.93
2883,Lisa Daniel,michelle04@example.com,LB,2022-01-28,Standard,844.59
2884,Cassandra Anderson,hnewton@example.org,TJ,2020-04-22,Premium,623.18
2885,Stacy Garner,dana02@example.net,KW,2022-12-19,Premium,228.37
2886,James Young,nelsoncassandra@example.net,GA,2023-01-07,Basic,3123.04
2887,Judy Bailey,herrerajennifer@example.org,NO,2021-08-21,Basic,2878.51
2888,Bernard Sanchez,seanjones@example.com,BZ,2023-04-01,Premium,3022.17
2889,Antonio Gardner,eduardogarcia@example.net,KM,2021-06-17,Premium,3468.15
2890,David Johnson,ginajones@example.net,MW,2023-04-13,Standard,489.43
2891,Mandy Walker,youngannette@example.net,KZ,2023-02-19,Standard,757.02
2892,Karen Sanchez,dburke@example.net,SE,2020-07-07,Basic,2396.94
2893,John Olson,williamsmichael@example.org,IE,2023-07-22,Basic,1932.4
2894,Anthony Wells,bryantryan@example.com,TJ,2024-03-10,Standard,2508.08
2895,Rebecca Lambert,dalton37@example.org,SM,2022-03-11,Premium,902.55
2896,Sonia Silva,deanlauren@example.com,ML,2022-03-24,Premium,257.92
2897,Larry Thomas,ycooper@example.org,US,2021-07-22,Premium,4634.63
2898,Blake Gonzales,wattsemma@example.net,NI,2021-02-11,Standard,1190.52
2899,Cynthia Gomez,taylorrichard@example.com,OM,2024-07-01,Basic,4942.39
2900,Jacqueline Snyder,igarcia@example.net,QA,2023-04-06,Premium,424.07
2901,Amber Blair,gracepennington@example.com,TL,2024-06-25,Standard,4348.93
2902,Edward Myers,bthompson@example.org,ZA,2022-04-14,Standard,3470.53
2903,Michael Jones,gbutler@example.net,KG,2021-04-23,Standard,4449.18
2904,Jade Phillips,danielsanders@example.net,LK,2021-01-16,Standard,2083.85
2905,Jennifer Mendoza,paul68@example.net,MW,2022-07-12,Premium,3078.86
2906,Tammy Robinson,aaronramirez@example.org,RU,2023-07-23,Standard,3628.98
2907,Crystal Daniel,cannonbarbara@example.org,AE,2024-02-05,Standard,3096.37
2908,Michelle Gould,,MV,2025-09-17,Basic,2902.48
2909,Austin Velez,bennettsharon@example.org,TT,2021-12-23,Basic,2673.63
2910,Carolyn Palmer,timothy83@example.org,BT,2020-07-25,Basic,3955.91
2911,Kevin Zhang,epearson@example.com,GD,2023-03-21,Basic,635.65
2912,Rachel Acosta,marissa74@example.net,VE,2022-09-09,Standard,4152.35
2913,Emily Spears,danielmartinez@example.com,ST,2022-09-10,Premium,4401.12
2914,Victoria Kelly,tranamanda@example.org,AG,2025-02-13,Premium,2641.64
2915,Mark Cohen DVM,richard31@example.com,FR,2022-08-05,Standard,4920.77
2916,Joel Friedman,shane26@example.org,NL,2024-12-21,Premium,2832.73
2917,Claudia Sloan,davismary@example.org,SL,2023-07-31,Basic,3849.28
2918,Mariah Eaton,myerstiffany@example.org,MC,2025-02-11,Premium,1030.27
2919,Maria Smith,simmonstristan@example.org,KZ,2020-04-13,Standard,2050.4
2920,Daniel Terrell,robertmartinez@example.org,BO,2024-03-04,Standard,3891.02
2921,Erin Lane,collinscarolyn@example.org,HN,2022-10-27,Standard,2360.6
2922,Howard Phillips,wesley56@example.org,KZ,2022-11-09,Standard,1542.66
2923,Olivia Martinez,ujefferson@example.org,UY,2023-08-02,Premium,3480.77
2924,Frank Woodward,daniel41@example.net,ME,2023-10-16,Premium,2371.54
2925,Spencer Jones,marilyn62@example.org,MA,2024-06-08,Basic,2313.32
2926,Jennifer Johnson,mhall@example.com,MK,2025-12-12,Basic,2553.22
2927,Miranda Peters,jesus56@example.org,BF,2021-07-19,Premium,3915.78
2928,Raymond Ruiz,vboyd@example.com,VU,2023-08-14,Basic,2777.39
2929,Melissa Torres,rtaylor@example.net,AU,2020-04-11,Standard,2126.44
2930,Lisa Thompson,murraycynthia@example.org,LS,2023-05-17,Standard,222.07
2931,Anna Morales,jonesjamie@example.net,PW,2023-11-27,Standard,2992.55
2932,Allen Schwartz,mendozajeremy@example.com,AG,2021-02-24,Basic,4489.4
2933,Casey Jackson,jessicalandry@example.org,FM,2024-03-27,Standard,541.88
2934,Sara Perez,jenkinsrita@example.org,ES,2023-09-13,Standard,3489.42
2935,Steven Davis,bankskyle@example.com,DO,2021-05-29,Basic,4002.78
2936,Shelia Nelson,moorejoshua@example.com,AF,2021-10-11,Basic,3692.99
2937,Jason Miles,wilsonjill@example.com,KM,2024-03-08,Premium,659.41
2938,William Smith,dakota75@example.org,VN,2020-05-22,Standard,3206.95
2939,Stephanie Mcdonald,larry24@example.com,BW,2023-03-27,Premium,2666.7
2940,Katie Summers,qdalton@example.org,AR,2024-02-08,Standard,3661.68
2941,Francisco Adams,austinfrye@example.org,QA,2023-11-09,Basic,3099.16
2942,Kevin Zuniga,xgreene@example.org,TN,2022-04-17,Premium,1955.53
2943,James Carroll,davenportcolleen@example.net,TW,2022-01-30,Standard,315.14
2944,Sara Mcguire,david24@example.org,MT,2021-02-24,Premium,4570.04
2945,Patrick Nelson,jamesevans@example.net,SO,2022-07-19,Basic,4369.4
2946,Dawn Kennedy,crosbyjoan@example.com,NZ,2023-08-17,Premium,894.41
2947,Andrew Hamilton,lisa24@example.org,ZA,2025-05-31,Premium,976.45
2948,Manuel Anderson,matthew74@example.org,LV,2023-05-16,Basic,351.42
2949,Scott Martin,chelsea70@example.org,TN,2024-12-04,Standard,1616.64
2950,Shelly Henderson,jason91@example.com,NA,2022-07-24,Standard,1515.02
2951,Caleb Dunn,adamgill@example.net,LV,2021-12-19,Premium,676.01
2952,Tiffany Lewis,valerie96@example.net,MT,2021-08-23,Premium,4806.13
2953,Jerry Ryan,stephen61@example.com,ME,2023-02-05,Premium,3150.55
2954,Shelby Delacruz,fsilva@example.com,VU,2025-02-12,Standard,159.82
2955,Alexander Blake,laura71@example.com,MX,2022-08-22,Standard,4291.51
2956,Jeffrey Nguyen,chase86@example.org,LA,2022-11-18,Basic,4056.53
2957,Eduardo Hart DDS,jamesbenson@example.com,VA,2020-07-29,Basic,4425.24
2958,Ms. Erin Andrade,mario05@example.com,NE,2025-04-28,Premium,1162.68
2959,Tiffany Washington,brandon42@example.net,NZ,2025-02-20,Basic,2430.99
2960,Kimberly Jackson,laurie14@example.org,CO,2020-06-06,Standard,2265.19
2961,Miss Cynthia Morris,lpatterson@example.com,KI,2021-12-24,Basic,3040.5
2962,Lori Hodges,zacharyroberts@example.org,PS,2023-01-31,Premium,4422.62
2963,Sheena Lambert,marcusbell@example.org,WS,2024-06-28,Standard,3136.85
2964,Bobby Duran,ydunn@example.net,LT,2025-01-14,Basic,4118.59
2965,Mariah Smith,dawn85@example.org,KN,2020-07-03,Premium,339.7
2966,James Wells,paulperry@example.org,FI,2022-12-08,Premium,369.81
2967,Eric Campbell,richard96@example.net,SZ,2024-06-25,Standard,279.93
2968,Joshua Craig,jameswood@example.net,NL,2024-04-23,Premium,3368.28
2969,Natalie Williams,maryblackwell@example.com,IT,2020-07-13,Basic,1562.36
2970,Stephen Thompson,yzamora@example.org,MX,2025-03-13,Premium,340.25
2971,Andrew Mendez,qcervantes@example.com,MR,2022-08-31,Standard,4969.3
2972,Marie Everett,devon53@example.com,AE,2023-09-05,Premium,3393.24
2973,Roger Johnson,thomasowens@example.net,PY,2022-10-04,Basic,3338.53
2974,Chris Mullen,wfisher@example.org,KP,2021-09-08,Basic,3015.35
2975,Edward Jones,pmiranda@example.org,BH,2023-07-31,Basic,969.35
2976,Andrew Robbins,joanna65@example.com,MK,2023-09-24,Standard,3771.74
2977,Patrick Bowen,john56@example.com,HN,2024-05-09,Standard,4664.25
2978,Curtis Rhodes,cjordan@example.net,KZ,2022-01-19,Premium,3865.71
2979,Alexis Rubio,steven91@example.org,BH,2025-06-28,Standard,1905.99
2980,Lauren Molina,madison11@example.net,FM,2024-05-30,Standard,4119.3
2981,Leslie Ross,victoria18@example.org,KZ,2024-08-03,Standard,4232.22
2982,Nicole West,richard14@example.net,KP,2025-04-26,Premium,1534.88
2983,Brandon Day,qdixon@example.org,IT,2022-10-27,Premium,697.91
2984,Jennifer Lambert,jkelley@example.net,VE,2024-04-27,Standard,1713.12
2985,Casey Powell,alvin91@example.com,VC,2020-02-04,Standard,2670.77
2986,David Blair,tylerodonnell@example.org,KW,2020-12-25,Basic,1124.35
2987,Mr. Joseph Thompson,carlosbrown@example.org,GM,2021-09-01,Premium,635.58
2988,Jamie Parker,shannon33@example.net,UA,2025-04-02,Basic,4898.81
2989,Nicholas Mason,joseevans@example.com,CN,2025-01-10,Basic,4937.23
2990,Dennis Garcia,sabrinaperez@example.net,RO,2020-01-06,Standard,3647.96
2991,Wendy Medina,fgutierrez@example.com,KI,2023-11-14,Basic,4676.07
2992,Dalton Richardson,alankelly@example.com,FJ,2020-07-28,Basic,1507.22
2993,Jennifer Flores,baileystephanie@example.net,SO,2021-08-09,Basic,4254.21
2994,Bryan Pierce,matthew99@example.org,TR,2022-03-10,Standard,2674.42
2995,Megan Mcpherson,teresaspencer@example.com,LS,2023-02-18,Basic,1833.88
2996,Stacy Grimes,wmurray@example.net,EE,2022-03-01,Premium,3110.02
2997,Scott Matthews,amanda91@example.net,VC,2021-04-16,Standard,2646.56
2998,Wendy Horne,fuentesmichelle@example.org,IL,2024-08-04,Basic,2538.93
2999,Rose Collins,curtisfranklin@example.com,TR,2020-10-05,Premium,4429.95
3000,Vanessa Boone,thompsonzachary@example.org,PW,2022-10-12,Premium,3572.08
3001,William Phillips,pdavis@example.org,LT,2025-06-04,Premium,107.75
3002,Craig Brown,floresbenjamin@example.org,KP,2025-04-17,Premium,2377.94
3003,Joseph Powers,englishchristina@example.net,NE,2021-10-12,Premium,3713.6
3004,Mary Edwards,trussell@example.com,GW,2022-02-28,Premium,4017.87
3005,William Torres,carlagarcia@example.com,VE,2024-06-29,Standard,2128.8
3006,Gloria Brown,gabrielle91@example.org,NL,2025-02-22,Standard,1813.29
3007,Nicole Hendrix,fvaughn@example.org,BH,2025-10-29,Basic,1140.46
3008,Sarah Acosta,ernestwright@example.net,CM,2025-05-15,Basic,1085.82
3009,Roger Buckley,gloriachen@example.com,MK,2022-06-05,Standard,1346.65
3010,Matthew James,bblevins@example.net,FI,2025-07-25,Premium,1608.09
3011,Robert Erickson DDS,reedjerry@example.net,ZW,2023-10-15,Basic,2794.97
3012,Madeline Vasquez,andreabryant@example.net,FR,2023-10-19,Premium,657.8
3013,Tyler Guerrero,angelica97@example.net,CN,2020-12-11,Standard,1772.67
3014,Joel Martinez,christopher52@example.net,BD,2021-07-10,Basic,2887.72
3015,Stacey Pratt MD,robingould@example.com,AM,2021-12-26,Premium,4177.01
3016,Juan Thompson,josebarnes@example.com,KG,2024-10-31,Premium,1719.52
3017,Troy Ross,bobby90@example.com,BS,2025-04-26,Standard,4619.17
3018,Lauren Rivera,qmccarty@example.org,AZ,2023-10-22,Standard,4589.2
3019,Mark Gomez,jeffreyhansen@example.net,SE,2020-07-24,Premium,3263.7
3020,Spencer Bailey,charlesprice@example.org,NI,2025-07-23,Standard,861.39
3021,Brenda Vargas,gaylauren@example.org,TH,2023-11-18,Standard,4471.09
3022,Karen Lawrence,forr@example.net,VE,2022-04-17,Basic,4490.05
3023,Christine Martinez,melody89@example.com,ZA,2020-02-03,Standard,3941.55
3024,Nathan Roberts,lawrencekaren@example.com,PK,2021-06-22,Standard,4646.17
3025,Tina Hall,panderson@example.net,MK,2024-11-07,Premium,4192.02
3026,Jennifer Lewis,wilkinsmark@example.org,CN,2025-04-18,Standard,2868.22
3027,Adam Hawkins,hbriggs@example.net,NG,2023-12-11,Basic,1645.96
3028,Michael Hernandez,michaelalvarado@example.net,SN,2025-01-02,Basic,191.72
3029,Caitlin Escobar,wolfdaniel@example.org,DE,2023-12-24,Basic,3458.92
3030,Jeffrey Hicks,ronald46@example.com,NE,2021-06-21,Standard,424.44
3031,Lisa Ross,laurie37@example.com,ES,2023-11-01,Premium,1474.25
3032,Kenneth Cook,halldaisy@example.org,QA,2021-09-07,Premium,1761.85
3033,Richard Rivera,sandragraves@example.com,IS,2021-12-07,Standard,3169.9
3034,Donald Rasmussen,thorntonkelly@example.net,MV,2023-03-23,Premium,2897.81
3035,Mrs. Jill Hodges,tylerchristine@example.com,IE,2024-02-07,Standard,1018.16
3036,Jared Cobb,saunderskimberly@example.com,KR,2022-01-03,Premium,4336.51
3037,Jessica George,savannahsmith@example.org,TM,2025-04-26,Standard,3555.8
3038,Jonathan White,fosterjames@example.org,BS,2025-09-24,Standard,3578.22
3039,John Fowler,sandrathomas@example.net,IT,2024-07-20,Standard,2127.96
3040,Cindy Barton,timothyortiz@example.org,TN,2024-07-21,Standard,4397.54
3041,Jessica Benson,brockmorgan@example.org,IS,2023-10-08,Standard,2314.34
3042,Thomas Spencer,robersonmatthew@example.org,OM,2020-01-18,Standard,1159.09
3043,Stanley Ross,wgarcia@example.com,IL,2024-06-26,Standard,957.56
3044,Haley Willis,bwilliams@example.com,IQ,2021-08-20,Standard,3946.23
3045,Jennifer Graves,otaylor@example.com,AE,2025-08-02,Premium,4575.43
3046,Sarah Evans,rodriguezhannah@example.net,SM,2021-03-27,Standard,2579.37
3047,Jeremy Sims,leahdiaz@example.org,DO,2024-12-03,Standard,4534.28
3048,Tiffany Booker,angelavalencia@example.net,SB,2025-11-19,Premium,1032.04
3049,Kimberly Davis,paulbutler@example.org,UZ,2022-09-21,Standard,3688.96
3050,Jose Roberts,jsmith@example.net,AO,2022-03-23,Basic,1620.76
3051,Angela Harrington,lawsoncalvin@example.com,MR,2024-12-26,Standard,802.15
3052,Michael Ramirez,leoncassandra@example.org,LU,2022-03-22,Premium,4128.48
3053,Thomas Harvey,abigailchambers@example.org,SI,2021-03-27,Basic,3415.91
3054,Kelly Nelson,yhamilton@example.com,TV,2024-09-06,Premium,1105.42
3055,Mr. Eric Salazar,danielletorres@example.com,SO,2025-05-21,Premium,2350.91
3056,George Jenkins MD,jessicagreer@example.com,VA,2022-10-28,Basic,4337.57
3057,Jared Herring,kennethrodriguez@example.org,ML,2025-02-24,Premium,120.14
3058,Zachary Beck,martinezmason@example.com,PL,2023-07-24,Premium,3466.56
3059,Dwayne Woodward,elizabethcardenas@example.net,IN,2022-09-23,Basic,4372.19
3060,Mr. Tommy Mcdonald,richard13@example.com,IR,2024-03-01,Standard,2387.69
3061,Katherine Davis,nancy57@example.org,VN,2023-11-21,Premium,605.2
3062,Scott Herrera,michael09@example.com,RU,2023-12-28,Basic,3753.22
3063,John Reilly,valdezrichard@example.org,SM,2024-06-24,Premium,2930.04
3064,Mark Frank,njackson@example.net,LK,2024-08-21,Standard,3230.37
3065,Elizabeth Smith,marshalljohn@example.net,PA,2023-12-06,Premium,1672.31
3066,Nicholas Vasquez,zle@example.net,HN,2023-10-20,Premium,1504.18
3067,Gregory Flores,virginia83@example.com,JM,2025-11-04,Basic,1663.83
3068,Amanda Murray,charlotteprice@example.org,BO,2022-03-27,Standard,3388.51
3069,Amanda Mathis,gonzalesaustin@example.com,PK,2022-10-05,Standard,831.67
3070,Laura Burns,lhaynes@example.net,KW,2023-06-08,Standard,660.86
3071,Steven Moore,beth38@example.net,NO,2021-11-18,Basic,2842.17
3072,Heather Gonzalez,ptucker@example.com,GQ,2022-09-02,Premium,1112.23
3073,Linda Williams,gibsondean@example.net,GH,2024-10-09,Standard,2791.89
3074,Daniel Owen,mullinscheryl@example.org,IR,2021-08-14,Standard,793.63
3075,Susan Collins,nreid@example.org,NR,2021-02-19,Basic,4039.61
3076,Courtney Castillo,ealexander@example.net,IQ,2022-06-06,Basic,1299.64
3077,Michael Dickerson,beckrobin@example.net,WS,2023-02-13,Premium,1625.75
3078,Mark Bridges,peterjohnson@example.org,LV,2021-05-15,Standard,2748.83
3079,Jennifer Prince DDS,jasmine12@example.net,SK,2021-02-01,Premium,737.36
3080,Ashley Patrick,summerrobles@example.org,BO,2022-05-05,Standard,4526.13
3081,Erica Moore,gmiller@example.net,RW,2021-08-01,Premium,619.04
3082,Renee Thomas,lisa46@example.com,PG,2024-09-26,Premium,521.99
3083,Denise Melendez,henryparks@example.com,IT,2025-10-12,Standard,977.02
3084,Joseph Salinas,christopher67@example.org,SE,2021-09-19,Basic,4467.25
3085,Brianna Harris,vaughnjavier@example.net,NP,2025-10-18,Basic,4197.25
3086,Kimberly Hurst,qcrosby@example.com,SV,2023-01-28,Basic,2284.6
3087,Benjamin Stanley,jamesmorris@example.org,BY,2020-10-21,Standard,1630.96
3088,Joshua Pruitt,gonzalezwilliam@example.com,JP,2020-08-31,Premium,3593.2
3089,Dr. Adam Fisher,igraham@example.org,PT,2022-10-23,Basic,4065.57
3090,Jacqueline Webb,ebarker@example.net,NI,2022-04-06,Premium,4871.04
3091,Charles Campbell,qhoffman@example.com,CA,2021-02-10,Standard,2882.17
3092,Courtney Perez,paulevans@example.com,MZ,2023-01-02,Premium,4082.97
3093,Edwin Chapman,,GB,2021-07-16,Basic,2394.55
3094,Jasmine Buck,sanfordjennifer@example.com,KH,2021-05-20,Standard,1620.92
3095,George Stanley,thorntoncaitlyn@example.net,BF,2020-02-03,Basic,3580.06
3096,Scott Hansen,lopezvictoria@example.org,TT,2020-09-27,Standard,2405.67
3097,Julia Thompson,sandra19@example.org,DZ,2022-05-07,Premium,804.24
3098,Priscilla Peterson,richardsmith@example.org,CG,2025-05-28,Basic,1364.46
3099,Nicole Pierce,rrichardson@example.net,AG,2022-07-16,Standard,2021.18
3100,Lindsey Gonzalez,amy84@example.org,KZ,2020-11-06,Basic,4594.6
3101,April Cox,nicolenguyen@example.org,QA,2025-01-12,Standard,3965.02
3102,Jamie Robinson,david21@example.com,BE,2021-11-13,Standard,2321.09
3103,Brittany Daniels,christopherrivera@example.net,ZW,2025-06-10,Premium,420.29
3104,Mr. Timothy Morgan,fgarcia@example.org,RU,2023-07-01,Premium,1822.06
3105,Gregory Mason,barrykevin@example.org,ID,2024-03-12,Standard,4244.25
3106,Abigail Davis,zking@example.org,PS,2025-06-16,Standard,3862.91
3107,Erica Allen,hhansen@example.net,PH,2023-10-22,Basic,2915.92
3108,John Contreras,smithjoshua@example.com,LR,2024-07-31,Basic,604.37
3109,Michelle Matthews,qrhodes@example.org,BR,2025-08-25,Basic,4004.11
3110,David Perez,josephmoody@example.net,WS,2023-11-01,Standard,2825.13
3111,Paul Porter,virginia51@example.org,KI,2024-05-08,Premium,3982.91
3112,Shannon Willis,nswanson@example.org,SR,2023-04-04,Basic,2358.78
3113,Alejandro Peterson,francis07@example.net,TV,2020-07-22,Basic,2125.87
3114,Kevin Wu,hgutierrez@example.org,CD,2025-05-06,Basic,1294.09
3115,Laura Myers,rcox@example.net,MG,2020-04-22,Premium,4872.07
3116,Jorge Tyler,garrettvega@example.org,KE,2022-07-05,Standard,423.69
3117,William Johnson,bethanylynch@example.com,LA,2023-01-15,Premium,4088.19
3118,Natalie Smith,lgray@example.net,UG,2022-04-13,Basic,2212.63
3119,Marie Roy,robinsondavid@example.com,SY,2021-02-02,Standard,2879.33
3120,Shannon Ware,xgonzales@example.com,BB,2022-11-09,Standard,2768.18
3121,Karl Bryan,nicholascrawford@example.net,ER,2024-07-16,Premium,948.12
3122,Tammy Jones,brownsamuel@example.org,MK,2025-04-10,Basic,481.68
3123,Jennifer Lopez,russelltammy@example.net,DM,2020-09-26,Basic,2913.52
3124,Corey David,brettthomas@example.net,TZ,2021-09-21,Standard,660.18
3125,James Cobb,davenportstephanie@example.com,TM,2025-07-28,Basic,2368.25
3126,Darrell Stark,psalazar@example.org,ET,2025-11-27,Basic,578.5
3127,Jenna Osborne,christopher85@example.org,RO,2022-01-17,Standard,963.25
3128,Richard Hensley,jon85@example.com,SN,2024-04-16,Standard,441.08
3129,Danielle Wilson,scottmichael@example.com,CV,2022-11-15,Premium,3458.99
3130,David Wallace,tara55@example.org,QA,2023-03-05,Basic,3879.58
3131,Jessica Moreno,bstephens@example.net,EG,2023-05-05,Standard,1704.3
3132,Tiffany Jackson,pamstark@example.org,BW,2020-04-02,Basic,3334.81
3133,Erika Morales,lnielsen@example.net,HR,2023-09-23,Premium,1166.3
3134,Kylie Frank,samanthastone@example.org,ME,2020-10-15,Premium,4447.58
3135,Renee Bradley,hthompson@example.com,TL,2020-06-16,Basic,4068.21
3136,Brian Smith,kathleenweaver@example.net,AF,2023-06-19,Premium,3338.32
3137,Blake Williams,rcollins@example.org,CZ,2022-10-28,Standard,2703.15
3138,Christopher Warner,millerpaige@example.com,KG,2025-08-19,Standard,3116.3
3139,James Moreno,donnahorton@example.org,IQ,2022-03-14,Standard,1058.77
3140,John Santos,chanmichael@example.com,KZ,2022-06-08,Basic,4399.38
3141,Donald Bryan,mindysanders@example.com,SN,2024-01-31,Standard,2894.35
3142,Nicholas Frederick,jamesberry@example.com,SD,2025-06-13,Basic,1592.3
3143,David Peters,pnichols@example.org,NP,2025-09-17,Standard,3617.18
3144,David Griffin,jermainemorales@example.org,IQ,2020-04-17,Standard,4952.42
3145,Kathryn Garcia,xsmith@example.org,WS,2024-06-12,Basic,139.78
3146,Lee Boone,bcaldwell@example.net,CO,2020-08-22,Basic,2080.57
3147,Amber Allison,andreale@example.org,GW,2022-02-06,Premium,4277.28
3148,Keith Wilkinson,barbara37@example.net,LV,2021-05-12,Premium,1909.19
3149,Ashley Nichols,robin11@example.com,GH,2023-01-12,Basic,4842.71
3150,Angela Guzman,mckeesteven@example.com,KI,2024-10-23,Premium,3546.44
3151,Rickey Collins,kerrycochran@example.org,TV,2024-03-04,Standard,637.52
3152,Gregory Miller,heatherthompson@example.net,TR,2022-06-21,Standard,-25.0
3153,Suzanne Luna,kathleenbrewer@example.net,PL,2025-09-17,Premium,2215.41
3154,Deanna Lee,james54@example.net,PL,2022-11-17,Basic,2031.91
3155,William Bennett,zrodriguez@example.net,KP,2023-02-10,Standard,3587.69
3156,Megan Williams,christinaduncan@example.org,IR,2021-05-03,Standard,1969.67
3157,Margaret Martinez,aperkins@example.org,YE,2025-07-26,Basic,1134.96
3158,Dustin Guzman,ehale@example.org,QA,2020-03-07,Premium,2426.87
3159,Christopher Reyes,davidgreen@example.org,AU,2022-06-28,Premium,2821.57
3160,Crystal Larson,robbinsjoseph@example.net,BH,2021-04-28,Standard,4215.82
3161,Brittany Allen,goodwinjack@example.org,MY,2025-06-22,Premium,1513.51
3162,John Cline,yduncan@example.org,AG,2021-11-11,Basic,715.19
3163,Beth Bishop,jeffrivera@example.net,LK,2023-10-21,Premium,451.56
3164,Carla Johnston,maryestes@example.net,LI,2021-08-20,Premium,805.58
3165,Susan Olson,frobles@example.com,HU,2023-09-12,Standard,3323.84
3166,Christopher Reynolds,judymarshall@example.org,NA,2025-03-05,Premium,514.85
3167,Dale Jacobs,andrewsjacqueline@example.net,BG,2021-12-11,Basic,4049.11
3168,Jennifer Hancock,kevin78@example.com,HU,2022-08-05,Standard,4478.55
3169,Emily Hopkins,kleinjustin@example.net,HU,2025-01-18,Basic,3061.7
3170,Linda Ramsey,navarroscott@example.com,IQ,2020-09-30,Standard,3153.92
3171,Craig Blanchard,rmatthews@example.com,GH,2025-09-03,Standard,2596.13
3172,Sharon Moody,greg78@example.net,GN,2024-06-07,Basic,4118.35
3173,Ronald Mckenzie,mcclainjohn@example.com,HT,2022-01-02,Standard,1841.01
3174,Steven Shelton,whitejerry@example.com,BZ,2021-08-30,Premium,2181.38
3175,Peter Mahoney,schultzamber@example.org,LC,2025-01-25,Premium,2931.9
3176,David Reed,ruth60@example.org,HU,2024-11-29,Basic,1260.07
3177,Robert Freeman,diazmichael@example.net,SB,2024-12-04,Basic,1419.33
3178,Tracy Walters,hilledwin@example.net,LA,2020-04-28,Basic,2924.13
3179,Jennifer Jones,nathanwatson@example.org,CO,2024-01-19,Premium,4893.34
3180,Robin Pugh,willismegan@example.net,LY,2021-12-03,Basic,2468.01
3181,Patrick Daniel,cheryl41@example.net,LC,2025-06-02,Standard,654.51
3182,Michael Garrison,michael16@example.com,HT,2025-03-30,Standard,4812.51
3183,Marie Hooper,ysanchez@example.com,CL,2021-01-15,Premium,796.23
3184,Samuel Powers,patricia63@example.com,CO,2024-06-20,Basic,2679.4
3185,Judy Ayers,bob20@example.com,UZ,2020-01-21,Standard,2378.19
3186,Robert Contreras,dlarson@example.org,KP,2023-05-17,Premium,2664.45
3187,Vincent Johnson,mcgeebrittany@example.org,BD,2021-02-19,Basic,533.39
3188,Paul Oconnor,oconnorcarol@example.com,SG,2020-06-21,Standard,3190.25
3189,Kimberly Clark,lauren61@example.com,HN,2023-02-23,Basic,4806.01
3190,Walter Kennedy,christopher56@example.net,BD,2023-04-30,Premium,3451.96
3191,Mary Reyes,iblake@example.org,MU,2025-12-15,Basic,4010.68
3192,Alexandria Avery,amoore@example.net,DZ,2022-11-14,Standard,3103.89
3193,Michael Hancock,mmoore@example.com,GE,2025-11-24,Standard,2721.66
3194,John Walker,chungjeffrey@example.com,UY,2022-02-09,Premium,2397.46
3195,Paige Silva,dakota45@example.com,UZ,2022-08-29,Basic,4539.67
3196,Steven Green,cbaker@example.com,MU,2023-04-17,Basic,3695.69
3197,Joanna Jones,kathryn11@example.com,KI,2023-02-28,Standard,1829.28
3198,Michael Flynn,tclark@example.org,GB,2022-02-15,Standard,1517.12
3199,Mario Gonzales,allenjohnson@example.com,SM,2020-07-14,Premium,3505.75
3200,Gary Gibbs,kayleewarner@example.com,GY,2025-01-03,Basic,3772.18
3201,James Watts,yrodriguez@example.org,NI,2020-02-10,Basic,3946.61
3202,John Hernandez,thomaselizabeth@example.org,MR,2020-08-24,Standard,400.95
3203,Frank Barrett,kenneth08@example.net,WS,2025-09-24,Standard,2932.89
3204,Tamara Cameron,dmorales@example.org,SK,2020-03-20,Basic,352.94
3205,James Myers,harrislaura@example.com,HU,2023-01-22,Standard,4063.59
3206,Amy Johnson,carterlawrence@example.net,KP,2023-02-26,Invalid,233.76
3207,Albert Holt,daniel99@example.net,NG,2023-09-17,Standard,504.3
3208,Paul Hernandez,wsteele@example.org,SK,2021-11-19,Basic,476.63
3209,Charles Moore,crystal00@example.org,CN,2023-08-19,Standard,1335.05
3210,Steven Mitchell,patrick77@example.org,ER,2021-07-01,Basic,1476.76
3211,Kelly Doyle,curtis82@example.net,AL,2022-02-26,Standard,169.59
3212,Jeffrey Mckinney,hornjeff@example.org,RU,2022-01-07,Premium,3058.73
3213,Donald Reid,silvapatrick@example.org,NI,2023-03-01,Basic,3720.94
3214,James Morris,kevin20@example.org,DJ,2020-06-30,Basic,2288.6
3215,Justin King,elee@example.org,PL,2024-10-17,Premium,1380.14
3216,Jacob Perez,monroemonica@example.net,AU,2021-05-29,Basic,1257.36
3217,James Matthews,morakristin@example.net,HU,2024-03-03,Premium,4016.92
3218,James Johnson,yarias@example.org,SC,2024-01-06,Premium,1779.96
3219,Sandra Olsen,jessicaboone@example.com,KM,2023-05-29,Premium,4839.99
3220,Eric Tucker,keithnovak@example.org,IN,2024-01-22,Basic,4676.32
3221,Perry Black,acevedoyvonne@example.net,ZW,2020-06-20,Premium,4204.31
3222,William Dorsey,ericfields@example.com,TZ,2020-08-14,Standard,3874.8
3223,Jerry Shaw,vsmith@example.com,BE,2024-01-04,Premium,3337.27
3224,Jody Phillips,erose@example.org,FJ,2024-11-02,Basic,3224.12
3225,Heather Lozano,leroy22@example.com,LR,2020-08-17,Premium,2931.01
3226,Derrick Brown,anthony37@example.com,IL,2023-12-20,Standard,366.2
3227,Tammy Fox,munozjerry@example.net,CD,2023-09-16,Standard,3801.87
3228,Wayne Mendez,lopezcrystal@example.com,BN,2024-03-31,Premium,357.36
3229,Danny Simmons,ebell@example.net,KH,2020-01-10,Standard,2053.85
3230,Timothy Sanders,jenningsbarry@example.org,SN,2023-05-04,Standard,2433.7
3231,Elizabeth Buchanan,marcfoster@example.com,JO,2023-08-13,Basic,1244.94
3232,Dylan Meyer,jgreene@example.com,ZW,2020-02-16,Basic,3557.48
3233,Leslie Hicks,mcdonaldrachael@example.org,NA,2023-10-25,Standard,1386.86
3234,Anthony Mcclain,esmith@example.com,RU,2024-11-05,Basic,4364.36
3235,Courtney Castillo,caitlin30@example.com,SM,2025-09-11,Premium,1515.08
3236,Angela Rodriguez,ccollier@example.com,VE,2020-08-14,Standard,1971.82
3237,Debra Carter,matthew96@example.com,IT,2020-02-21,Standard,4812.64
3238,Matthew Turner,vmercer@example.com,DK,2021-05-13,Basic,4783.77
3239,Mrs. Meghan Cardenas,michaelmeadows@example.org,KR,2021-05-16,Premium,4596.79
3240,Lauren Cruz,nwhitney@example.net,MV,2023-09-14,Basic,1833.76
3241,Lisa Holland,dyoung@example.org,TN,2024-04-21,Standard,3091.38
3242,Melissa Moore,jrobbins@example.org,AE,2025-03-19,Basic,4305.94
3243,Sarah Bennett,tara39@example.org,QA,2024-11-13,Standard,1424.6
3244,Jesse Davis,rittersusan@example.com,TR,2023-12-14,Premium,1351.19
3245,Phillip Lowery,calexander@example.com,AF,2021-03-15,Basic,2016.65
3246,Ashley Salas,steven21@example.net,CM,2022-03-11,Basic,3770.55
3247,James Cain,sarahwatson@example.com,MX,2022-05-01,Basic,3392.26
3248,Kevin Benson,ssmith@example.net,YE,2021-10-24,Premium,2647.77
3249,Aaron Sawyer,johnanderson@example.net,BZ,2023-11-16,Basic,3482.36
3250,Mrs. Nicole Hanna,marco90@example.com,AR,2024-05-05,Premium,1635.02
3251,William Smith,bowerslaura@example.org,TL,2023-09-22,Premium,3396.73
3252,Robert Coleman,ljones@example.com,FI,2024-08-15,Premium,158.61
3253,Tracy Burgess,taylorchristopher@example.org,AD,2023-05-16,Premium,2673.79
3254,Kayla Rios,alyssaturner@example.com,TO,2020-04-12,Basic,2285.12
3255,Melissa Preston,mwoods@example.net,GM,2023-09-30,Premium,3653.73
3256,Dennis Martinez,pfry@example.net,NG,2020-06-10,Standard,1046.09
3257,Tracy Hardy,obriendavid@example.org,SM,2025-02-18,Premium,3135.05
3258,Alisha Lewis,foxtracey@example.com,CM,2023-04-13,Premium,4698.68
3259,Mark Proctor,mariamoore@example.com,IN,2022-11-19,Basic,4480.44
3260,Jessica Allen,logangarrett@example.net,BI,2024-08-02,Premium,4757.4
3261,Donald Copeland,jeremiahray@example.org,LC,2022-06-25,Basic,696.77
3262,Christopher Cooper,nicolereid@example.com,PH,2023-06-06,Premium,523.29
3263,Stephen Allen,cassidy99@example.com,DM,2025-06-20,Basic,736.55
3264,Terry Perry,jonathan84@example.org,AE,2025-08-13,Basic,3842.9
3265,Monica Graham,wigginsnicole@example.org,KR,2023-10-11,Basic,2873.74
3266,Anthony Scott,,LT,2024-09-11,Premium,4490.41
3267,Michael Harrington,wiserenee@example.net,DM,2021-11-26,Basic,1002.89
3268,Tanya Williams,barbara20@example.net,ZA,2024-09-04,Standard,2388.08
3269,David Jackson,uwhite@example.com,MY,2021-08-06,Premium,3230.02
3270,Connor Hicks,nicholsadam@example.net,LB,2024-05-07,Standard,3869.86
3271,Laura Burns,jennifercordova@example.net,FJ,2022-01-25,Basic,4526.62
3272,John Riley,carlos24@example.net,PG,2023-08-11,Standard,1360.95
3273,Austin Leonard,drichmond@example.org,GM,2021-08-13,Premium,1458.71
3274,Tyrone Long,groy@example.org,DK,2024-04-05,Premium,1975.72
3275,Monica Martin,anthonysmith@example.org,ML,2022-03-10,Standard,4980.2
3276,Patrick Romero,belindamartin@example.com,DZ,2022-05-21,Standard,4782.47
3277,Courtney Stout,laurenwilliams@example.com,KZ,2023-05-08,Standard,971.85
3278,Angela Fields,not-an-email,ST,2024-04-18,Premium,2509.44
3279,John Smith,jkirk@example.com,CU,2022-02-03,Premium,3090.48
3280,Michael Kim,tracywolfe@example.org,ZM,2023-04-08,Premium,3262.87
3281,Mario Cross,martin00@example.com,BR,2022-05-16,Premium,804.98
3282,Eric Medina,jennifer26@example.org,GE,2020-03-11,Standard,1170.09
3283,Jason Ferrell,davidmorris@example.org,CH,2024-02-20,Basic,620.62
3284,Michael Lee,felicia43@example.com,LS,2023-12-04,Standard,3605.46
3285,Veronica Saunders,melissacastro@example.net,CG,2024-11-02,Premium,270.82
3286,Connie Henderson,jsalazar@example.com,ZA,2025-03-23,Premium,2899.59
3287,Daniel Smith,joshua41@example.org,MW,2024-01-21,Standard,3908.46
3288,Kevin Smith,kelly58@example.org,BZ,2020-08-06,Premium,4492.91
3289,Katherine Evans,kgreer@example.net,AD,2021-12-22,Premium,3299.04
3290,Bryan Smith,penatamara@example.com,VE,2023-07-08,Premium,4671.18
3291,Annette Higgins,davidcopeland@example.net,LS,2023-06-09,Basic,2013.37
3292,Melissa Anderson,nguyenmary@example.org,PH,2022-03-27,Premium,3530.27
3293,Cynthia Morse,blevinsmelissa@example.com,SB,2023-11-20,Standard,2915.74
3294,Gerald Berg,caitlinwilliams@example.org,BT,2025-12-20,Basic,3567.27
3295,Christopher Nguyen,ddavenport@example.com,MA,2020-09-10,Standard,2442.88
3296,Jennifer Walker,lhill@example.org,GW,2023-04-05,Standard,4235.84
3297,Heather Barrera,mannbrittany@example.org,ST,2020-02-13,Premium,2746.63
3298,Sarah Collins,gregoryfrey@example.org,MN,2022-08-04,Premium,1983.68
3299,Michael Phillips,caitlyn20@example.com,LK,2025-09-28,Basic,4108.09
3300,Jessica Wallace,rodriguezjacob@example.com,UA,2024-10-04,Standard,693.9
3301,Michael Blake,jjenkins@example.com,ID,2024-10-13,Basic,4681.71
3302,Ashley Osborn,dunntiffany@example.com,SM,2021-12-13,Standard,1733.85
3303,Amanda Avila,donna22@example.org,GA,2023-06-03,Standard,2063.01
3304,Linda Bennett,sextonjames@example.com,NR,2021-03-17,Basic,4985.38
3305,Michael Reid,,IT,2024-01-31,Basic,544.27
3306,Bruce Wright,mray@example.org,PT,2022-05-05,Basic,4281.38
3307,Erin Long,gainesmelissa@example.org,GH,2020-08-18,Standard,494.24
3308,Mr. Joseph Gomez,williamgross@example.net,VE,2023-02-15,Standard,3826.22
3309,Ashley Mejia,kimberly97@example.com,MC,2023-01-27,Standard,3274.18
3310,Stephanie Smith,ruiztyler@example.com,VE,2021-06-15,Premium,2816.93
3311,Rachel Luna,kimberly57@example.net,BA,2023-06-30,Standard,3337.6
3312,Emily Rodriguez,hayesbonnie@example.org,CH,2023-12-15,Standard,3509.82
3313,Ray Cooper,kennethhayes@example.com,TN,2022-07-22,Premium,3190.02
3314,Timothy Gross,matthewpearson@example.net,GE,2020-08-27,Standard,2483.87
3315,Tina Walsh,murraycatherine@example.net,NP,2025-07-10,Basic,2246.12
3316,Joanna Avila,qrivera@example.net,BN,2022-03-08,Premium,785.72
3317,Whitney Robinson,erica73@example.org,PA,2022-04-09,Premium,224.29
3318,Michael Owens,rdavis@example.net,FI,2023-11-29,Basic,1268.58
3319,Mark Vasquez,paulmoore@example.org,FJ,2021-11-24,Standard,408.66
3320,Diane Young,rileymatthews@example.com,CO,2024-04-16,Basic,3252.7
3321,Ralph Luna,christopherkey@example.org,KZ,2025-09-21,Standard,2716.31
3322,Christopher Young,lisa49@example.com,DE,2024-10-21,Standard,4836.21
3323,Chelsea Schmitt,josephfreeman@example.com,NO,2021-07-29,Premium,281.51
3324,Andrew Sanchez,lee57@example.org,CZ,2024-10-01,Premium,1754.82
3325,John Jones,qmccann@example.com,TM,2020-03-21,Basic,309.79
3326,James Miranda,arnoldjohn@example.net,UG,2021-08-23,Premium,1137.22
3327,Karen Oconnor,cameronmark@example.com,LK,2020-07-23,Basic,3369.85
3328,Caroline Hernandez,dianachen@example.com,MV,2022-06-06,Standard,4706.44
3329,Michael Wright,zuniganathan@example.com,LV,2021-10-10,Basic,829.87
3330,Wayne Lewis,roy77@example.com,SO,2023-06-26,Basic,1241.63
3331,Tammy Robinson,tonyhodge@example.org,TR,2023-08-20,Premium,280.7
3332,Michael Jenkins,stoneheather@example.org,MZ,2024-05-03,Premium,2495.58
3333,Victoria Conley,kwu@example.org,ER,2023-05-24,Premium,2408.98
3334,Antonio Wallace,erica61@example.com,UZ,2025-09-05,Basic,324.43
3335,Sydney Johnson,blancharderika@example.org,AZ,2020-03-22,Basic,3279.05
3336,Christine Parker,bryantcarol@example.org,CI,2020-05-02,Premium,944.02
3337,Kristen Lee,karimeyers@example.net,LK,2022-04-17,Premium,4532.85
3338,Natalie Moore,nlogan@example.org,CG,2023-10-23,Premium,2335.3
3339,Alexander Miller,samanthawilliams@example.org,TJ,2020-01-06,Premium,4193.23
3340,David Ford,hunter05@example.com,VN,2020-10-02,Premium,4107.22
3341,Joshua Small DDS,bryanlee@example.org,MD,2023-05-11,Premium,659.48
3342,Nicole Johnson,pollardgary@example.net,TG,2023-12-17,Basic,4015.96
3343,Jason Barnes,derrick47@example.com,AL,2020-04-26,Premium,409.24
3344,Michael Smith,qmercado@example.com,DE,2025-01-24,Premium,2188.44
3345,Robert Cooper,steven78@example.com,MD,2024-03-02,Basic,3424.15
3346,Terrance Green MD,robert77@example.com,BF,2021-07-03,Standard,691.93
3347,Taylor Palmer,jashley@example.net,KP,2025-12-17,Basic,2922.24
3348,XXXXXXXXXXXXXXXXXXXXXXXXXXXXXXXXXXXXXXXXXXXXXXXXXXXXXXXXXXXXXXXXXXXXXXXXXXXXXXXXXXXXXXXXXXXXXXXXXXXXXXXXXXXXXXXXXXXXXXXX,patriciamcdaniel@example.org,KN,2020-12-05,Premium,1675.79
3349,Bryan Johnson,james71@example.net,SI,2023-11-11,Premium,3844.72
3350,James Love,nortoncharles@example.net,MZ,2025-08-24,Basic,949.89
3351,Dr. Laura Richardson MD,maguilar@example.org,EC,2022-04-08,Premium,691.65
3352,Brandi Cohen MD,emily41@example.com,AM,2024-07-25,Premium,3812.0
3353,Vanessa Hawkins,angela87@example.org,ME,2020-07-04,Premium,3511.85
3354,Jose Ramsey,gtucker@example.com,DO,2020-09-16,Basic,908.53
3355,Brian Rush,dwilcox@example.com,GR,2020-03-27,Premium,4635.81
3356,Lauren Dennis,jchavez@example.net,KE,2021-05-07,Premium,753.52
3357,Erin Jones,houseashley@example.org,BF,2022-06-22,Basic,3100.96
3358,Brian Peters,anthony20@example.com,BE,2024-01-21,Premium,176.59
3359,Krystal Martin,jacquelinewilliamson@example.org,BR,2020-11-21,Standard,495.54
3360,Lisa Blackwell,rebecca97@example.com,KH,2020-01-27,Premium,979.12
3361,Mary Giles,mirandahenderson@example.net,AE,2022-10-06,Premium,3563.03
3362,Dawn Wolf,edward94@example.net,CF,2025-12-04,Basic,4445.88
3363,Jared Rodriguez,scottwilliams@example.net,MM,2020-12-29,Standard,3498.17
3364,Chelsea Ellis,mirandaclarke@example.com,SZ,2020-07-22,Standard,3492.56
3365,Lisa Gray,paulrachel@example.org,SM,2023-06-10,Premium,801.13
3366,Brandon Flynn MD,marshabigail@example.net,RS,2021-12-02,Standard,2663.13
3367,Denise Chapman,robertsonjason@example.com,SC,2022-05-06,Standard,1272.34
3368,Andrew Kelly,joseph09@example.net,TR,2022-05-28,Premium,3091.64
3369,David Hubbard,dustin79@example.org,BY,2023-05-07,Premium,3021.73
3370,Victor Bartlett,lauren18@example.com,NG,2025-05-28,Basic,2549.45
3371,Lisa Barnett,candace21@example.org,MK,2024-01-24,Premium,3173.24
3372,Jonathan Clark,mcummings@example.net,IS,2024-12-16,Standard,1804.48
3373,Alejandra Malone,dylangarrison@example.com,DE,2024-02-27,Premium,2832.78
3374,Kathleen Randolph,rogersmartin@example.net,DK,2022-01-28,Premium,675.79
3375,Stacey Washington,higginsdonald@example.org,PS,2024-12-07,Basic,4886.28
3376,Michael Lynch,sean60@example.com,EC,2024-10-28,Basic,1873.32
3377,Tina Olson,evelyn21@example.com,NR,2023-07-03,Basic,2586.95
3378,George Williams,maurice29@example.org,NO,2020-06-21,Standard,3874.62
3379,Jessica Calhoun,ilawrence@example.net,PL,2022-09-04,Basic,1119.73
3380,Donald Hunt,eblake@example.org,IT,2025-08-23,Premium,1049.22
3381,Tammy Taylor,robertzamora@example.org,FM,2020-01-10,Premium,3457.69
3382,Catherine Chavez,travisbonnie@example.com,MT,2021-12-20,Standard,2537.82
3383,Alyssa Hernandez,mckenzie84@example.com,QA,2025-05-16,Premium,3383.7
3384,Richard Bailey,morsechad@example.com,NE,2023-08-16,Premium,364.74
3385,Michael Haynes,mindybrown@example.com,AT,2023-04-29,Standard,1496.82
3386,David Johnson,tammy16@example.org,CO,2023-12-10,Standard,1331.77
3387,Thomas Allen,lewisscott@example.net,EE,2024-03-28,Basic,4045.25
3388,Michelle Kerr,herreracynthia@example.org,JM,2024-11-06,Standard,312.26
3389,Heather Lopez,marshdaniel@example.net,BO,2021-10-15,Basic,357.04
3390,Katherine Boone,zryan@example.org,MY,2021-04-04,Basic,961.85
3391,Stephen Reed,william63@example.com,NR,2022-06-30,Premium,2476.8
3392,Angela Conrad,courtneypierce@example.net,EE,2021-12-15,Premium,447.21
3393,Christopher Bates,creynolds@example.com,VE,2022-01-11,Premium,3634.88
3394,Michelle Fox,gregory82@example.net,SN,2021-08-20,Basic,2940.83
3395,Andrew Moore,christianrobinson@example.net,DM,2025-12-09,Standard,1073.88
3396,Sharon Stevens,jasonmoore@example.org,GE,2024-11-19,Basic,4502.03
3397,Kelly Baird,kristinnoble@example.net,RO,2025-03-15,Premium,3916.98
3398,Tony Park,jacob28@example.com,SZ,2023-04-09,Standard,1216.13
3399,David Smith,ocole@example.com,OM,2022-04-09,Premium,3714.96
3400,Adrienne White,madisonadams@example.net,LY,2025-10-26,Premium,1940.11
3401,Veronica Fields,timothy56@example.org,FI,2024-11-16,Premium,460.3
3402,Robert Combs,xnewman@example.org,BG,2025-09-21,Basic,2473.6
3403,Joseph Thornton,not-an-email,GN,2021-07-12,Standard,810.21
3404,Beth Pierce,blivingston@example.com,KN,2024-06-21,Basic,2329.46
3405,Phillip Maddox,matthew46@example.net,UY,2020-12-23,Standard,1930.08
3406,Courtney Riley,dstafford@example.net,AZ,2024-05-10,Standard,3627.12
3407,John Grant,wardbrandy@example.net,JO,2021-10-04,Basic,1857.09
3408,Crystal Myers,norman04@example.com,SG,2022-05-25,Standard,1090.83
3409,Nichole Reynolds,jareddawson@example.net,BN,2024-01-10,Premium,257.26
3410,Joshua Rivera,chardin@example.org,AG,2025-10-14,Basic,392.29
3411,Christopher Byrd,shelby99@example.net,IT,2023-12-15,Premium,644.44
3412,Andres Gutierrez,jamie12@example.net,BE,2025-10-01,Standard,2347.04
3413,Laura Johnson,allensierra@example.com,BW,2021-05-08,Premium,3825.66
3414,Joshua Wright,ddunn@example.com,SY,2025-03-14,Premium,4443.4
3415,Joshua Smith,diazjeffery@example.com,IT,2024-08-25,Basic,868.26
3416,Jamie Smith,ghenry@example.com,BN,2025-01-09,Basic,4768.52
3417,Holly Reynolds,steven94@example.com,SA,2025-12-26,Premium,2932.8
3418,Kelly Cherry,vancemario@example.net,GY,2022-01-16,Basic,4289.52
3419,Justin Welch,gwilson@example.com,JO,2024-02-17,Premium,2117.31
3420,Lori Mcmahon,david52@example.org,PH,2025-05-20,Basic,2497.15
3421,Maria Mason,fosterlawrence@example.org,VA,2025-05-13,Premium,2998.75
3422,Edwin Velez,sphillips@example.com,CZ,2023-10-10,Standard,1467.94
3423,Richard Ortega,wmccoy@example.net,IN,2020-05-11,Basic,2197.74
3424,Nicholas Payne,stephanie35@example.net,GY,2022-10-11,Premium,1314.37
3425,Rachel Rojas,natalie40@example.net,ME,2021-01-12,Standard,2939.39
3426,Raymond Hall,johnstonchristopher@example.net,BT,2021-01-13,Basic,4736.64
3427,Heidi Rivas,michaelarmstrong@example.net,TN,2024-12-07,Basic,4501.43
3428,Timothy Mendoza,christopher32@example.com,KI,2020-05-13,Standard,4902.9
3429,Steven Miller,harriskevin@example.net,HT,2022-06-09,Premium,4957.24
3430,Holly Jones,carolynjennings@example.com,MD,2021-07-28,Basic,3866.17
3431,Joshua Miller,iallen@example.org,CI,2021-01-20,Premium,2185.92
3432,Lisa Andrade,waynemcknight@example.org,BW,2020-11-26,Standard,2448.42
3433,Kristina Martin,hawkinsdeanna@example.net,BJ,2021-09-27,Basic,4124.33
3434,Elizabeth Ward,darylarmstrong@example.net,TR,2023-06-21,Standard,2526.9
3435,Christian Lambert,manuelbrandt@example.net,MC,2025-03-18,Premium,2836.59
3436,Christian Hodges,tburns@example.net,MC,2021-03-29,Premium,3496.48
3437,Angela Garrison,hannahwinters@example.org,VN,2025-12-10,Standard,4754.68
3438,Pamela Roberts,lisa01@example.org,WS,2020-09-09,Premium,1856.19
3439,Phillip Andersen,stephanie49@example.com,NR,2021-03-27,Premium,3273.44
3440,David Stone DDS,brian77@example.com,GB,2020-03-01,Premium,178.06
3441,Scott Stevens,charlesbennett@example.net,GE,2024-03-21,Basic,1593.7
3442,Craig Jimenez,davisteresa@example.net,CH,2020-09-14,Basic,2350.49
3443,Randy Vaughn,bbray@example.org,PS,2025-11-09,Basic,3761.7
3444,Shannon Harris,dross@example.org,AL,2025-02-20,Premium,4884.46
3445,Jennifer Harper,msanders@example.org,VC,2022-01-26,Standard,3881.99
3446,Colleen Murray,snyderjudy@example.com,SK,2020-10-27,Basic,2086.27
3447,Lauren Delacruz,hillbrandon@example.com,FJ,2024-11-28,Standard,3171.37
3448,Daniel Johnson,imorgan@example.com,KE,2021-06-30,Basic,3203.67
3449,Melissa Arnold,johnrogers@example.net,AF,2021-09-17,Basic,446.42
3450,Charles Rosales MD,ginapierce@example.com,CH,2025-01-16,Basic,1731.24
3451,Seth Lewis,shannonstephanie@example.org,GH,2021-08-24,Premium,1553.29
3452,Carmen Potter,jsimpson@example.org,SY,2025-07-07,Standard,3520.47
3453,Shawn Randall,dustinallen@example.org,AU,2024-04-05,Basic,2757.93
3454,David Diaz,robert48@example.com,LK,2021-07-19,Premium,3959.69
3455,Annette Hall,andersonrichard@example.org,PK,2022-11-16,Premium,3140.23
3456,Laura Castillo,martinezmichael@example.com,AF,2021-12-30,Standard,3705.23
3457,Ricardo King,woodgregory@example.org,MA,2023-01-28,Premium,2622.21
3458,James Jones,hryan@example.org,KP,2021-11-13,Basic,1883.55
3459,Craig Brooks,blackgarrett@example.net,AE,2022-04-27,Premium,643.74
3460,Gerald Mccoy,qmata@example.org,SZ,2020-02-18,Standard,2380.23
3461,Jamie Mullins,vincentdavis@example.com,AR,2022-05-22,Premium,1891.3
3462,Megan Welch,juan59@example.com,GQ,2021-03-10,Premium,3276.05
3463,Adam Riddle,davisstephanie@example.net,CU,2022-06-17,Basic,428.33
3464,Tina Schmitt,emarsh@example.com,LA,2020-11-29,Basic,3890.52
3465,Scott Church,zmanning@example.org,MW,2020-10-02,Premium,4908.13
3466,Jacob Hartman,dunlapmark@example.net,ZM,2024-10-14,Premium,2744.21
3467,Lauren Green,russellsamantha@example.com,AU,2022-09-15,Basic,2444.62
3468,Jason Steele,melissa03@example.com,SM,2023-04-06,Basic,4368.54
3469,Chelsea Mcgee,chess@example.org,FM,2023-10-08,Basic,1127.99
3470,Tanya Rivera,nancy14@example.org,UG,2022-07-09,Basic,3828.34
3471,Louis Hughes,kelly17@example.net,MC,2025-09-22,Standard,1828.29
3472,Bianca Cooper,coffeydaniel@example.net,VC,2025-10-24,Standard,2567.47
3473,Jillian Nelson,ycarpenter@example.com,MC,2025-03-08,Standard,1458.01
3474,Cynthia Craig,jdawson@example.org,DK,2024-07-04,Premium,1926.79
3475,Kayla Tucker,mcdanielfrances@example.org,BF,2022-07-14,Standard,2482.51
3476,Justin Bautista,feliciadean@example.net,TD,2020-07-17,Basic,4164.84
3477,Benjamin Rodgers,gatesmorgan@example.net,KI,2022-01-10,Standard,3578.14
3478,Thomas Roberts,lawrencebell@example.org,SR,2023-05-10,Basic,4144.36
3479,Christopher Nichols,zmarquez@example.net,RW,2021-03-18,Standard,2314.69
3480,Mary Williams,robertnguyen@example.com,DZ,2023-06-11,Standard,4019.53
3481,Anne Miller,nicoledaniel@example.org,SL,2022-09-26,Basic,4063.1
3482,Toni Leonard,charles07@example.net,TR,2025-03-10,Premium,1022.93
3483,Barbara Turner MD,patrick11@example.net,SD,2020-09-21,Standard,527.81
3484,Judith Mcbride,jessicaturner@example.com,GH,2021-06-12,Standard,4499.93
3485,Meagan Stark,tara23@example.com,WS,2025-10-03,Standard,4795.46
3486,Kristin Roberson,dellis@example.com,TJ,2024-01-06,Premium,635.89
3487,Charles Allen,sarah21@example.net,ZA,2023-05-13,Standard,648.92
3488,Krista Martin,richardarmstrong@example.net,BH,2024-08-16,Premium,2532.01
3489,Jennifer Smith,uward@example.org,SY,2023-09-08,Premium,2651.37
3490,Maria Ward,ortizrichard@example.net,SM,2025-12-15,Basic,211.18
3491,Mitchell Calderon,feliciamcgee@example.org,TW,2020-10-19,Standard,4850.92
3492,Alisha Williams,tonyfrank@example.net,ZM,2024-06-29,Basic,4665.44
3493,Tamara Thornton,lwalton@example.org,DM,2023-01-27,Standard,1798.83
3494,Rebecca Mccarthy,joshuanelson@example.org,GQ,2020-03-21,Standard,3714.78
3495,Nathan Fernandez,lpeck@example.net,NE,2024-03-03,Premium,1528.43
3496,Rebecca Nunez,lisa65@example.com,CR,2022-01-31,Premium,207.98
3497,Michael Davis,waynegriffin@example.net,IR,2022-07-24,Premium,4191.24
3498,April Calhoun,leematthew@example.org,TW,2022-12-28,Basic,3258.89
3499,William Sanders,brianmartinez@example.net,MW,2020-11-22,Standard,2935.65
3500,Haley Benton,stephanie33@example.org,VA,2023-12-24,Basic,3265.65
3501,Yvonne Murray,kimberly06@example.org,LT,2025-06-17,Standard,2482.13
3502,Bridget Hernandez,eross@example.com,CM,2020-07-08,Basic,3514.63
3503,Christina Wolf,brownlauren@example.org,MZ,2020-10-01,Basic,2281.76
3504,Lindsay Clark,travishall@example.com,CO,2024-05-03,Standard,2879.53
3505,Melissa Moore,stevenwoodard@example.org,SB,2020-11-23,Standard,941.51
3506,Paul Clark,halljerome@example.com,ES,2024-01-17,Standard,1211.23
3507,Adriana Schwartz,douglas34@example.org,GA,2024-03-11,Standard,4856.55
3508,Craig Hall,feliciachen@example.net,SG,2024-06-16,Premium,826.86
3509,James Miranda,andersondebbie@example.net,YE,2021-04-06,Standard,2334.04
3510,Daniel Garcia,karen17@example.com,TO,2025-07-12,Premium,3131.29
3511,Stephanie Delgado,tphillips@example.com,KP,2023-12-14,Premium,3587.88
3512,Brianna Richardson,stevenbarnett@example.com,JP,2021-10-24,Standard,993.17
3513,Charles Holloway,deborahewing@example.net,NP,2020-03-06,Premium,4212.73
3514,Dan Swanson,aliciahawkins@example.net,TO,2023-02-18,Basic,4533.08
3515,Lisa Lawson,ericamiller@example.com,AO,2020-03-24,Premium,890.15
3516,Jordan Todd,zmaynard@example.com,BR,2021-06-05,Premium,301.64
3517,Bethany Smith,vhamilton@example.net,SL,2024-01-31,Standard,2915.17
3518,Amanda Lucas,veronicasnyder@example.com,BW,2022-06-05,Standard,1376.0
3519,Laura Patel,douglassilva@example.net,VE,2025-03-22,Premium,1105.26
3520,Crystal Rogers,dwayne76@example.org,DE,2020-07-14,Basic,269.98
3521,Peter Allen,kphillips@example.net,NI,2020-08-14,Standard,4892.31
3522,Lisa Stark,adrian89@example.com,LI,2021-05-14,Premium,1927.28
3523,Jack Osborne,james70@example.net,RW,2024-09-22,Basic,4879.78
3524,Oscar Davis,jillduffy@example.org,MU,2021-04-20,Basic,1577.64
3525,Patrick Jackson,ddouglas@example.org,WS,2024-01-11,Premium,2082.36
3526,Travis Harris,nadams@example.net,BI,2024-03-23,Standard,3865.74
3527,Robert Carpenter,morrisonkevin@example.net,NR,2022-07-22,Standard,4646.28
3528,Allison Ramos,roberttorres@example.com,TH,2022-05-18,Premium,121.04
3529,Christina Harrison,christina41@example.com,NR,2025-04-26,Basic,2776.11
3530,Lisa Johnson,tylersellers@example.com,KN,2024-10-07,Basic,1723.28
3531,Travis Rodriguez,michael73@example.net,IR,2023-12-10,Basic,1548.23
3532,Sara Scott,smcguire@example.org,SR,2022-07-05,Standard,4851.07
3533,Amy Wise,david90@example.net,LS,2022-08-23,Basic,3367.75
3534,William Tran,tdaniels@example.net,PG,2022-05-02,Basic,3669.86
3535,Tammy Fernandez,tiffanyhill@example.com,MH,2022-08-27,Standard,1759.55
3536,Katie Montgomery,fosterjulie@example.org,CZ,2020-04-05,Premium,3685.04
3537,Laura Vargas,zramirez@example.net,DZ,2021-06-09,Premium,783.17
3538,Elizabeth Golden,john69@example.com,EE,2020-12-28,Basic,672.69
3539,Brian Kelly,carsonwilliam@example.org,AF,2025-12-23,Premium,2067.99
3540,Gary Collins,patrick04@example.net,BH,2023-02-15,Premium,2285.27
3541,Jeremy Stevens,sandovalnicole@example.com,BR,2021-04-09,Premium,1699.2
3542,George Mercer,jessicacabrera@example.com,MC,2021-02-12,Basic,3242.43
3543,Richard Mckinney,littlerebecca@example.org,BB,2021-11-16,Basic,2679.53
3544,Erik Guzman,jayanderson@example.net,NI,2024-09-22,Standard,1059.01
3545,April Briggs,leslie00@example.org,TZ,2024-04-14,Premium,2738.22
3546,Cheryl Stone,freynicole@example.org,ER,2022-01-12,Standard,3417.61
3547,Savannah Davis,pruittangelica@example.com,AE,2025-02-17,Premium,4881.61
3548,Linda Lawson,lopezrichard@example.net,MR,2025-06-26,Standard,1052.81
3549,Bryan Davis,martharay@example.net,OM,2020-03-20,Standard,3055.54
3550,Matthew Jones,herreradawn@example.net,CY,2020-06-27,Basic,4722.67
3551,Christopher Houston,andre19@example.com,BS,2023-08-02,Basic,1869.22
3552,Christine Taylor,joshuagomez@example.org,BB,2020-12-02,Premium,3608.22
3553,Patricia Baker,acevedomargaret@example.com,GD,2023-05-17,Standard,1911.19
3554,Kathleen Boyd,paul74@example.net,AF,2020-06-09,Standard,159.73
3555,Michael Kemp,rebeccamccormick@example.net,CO,2022-05-01,Standard,1821.64
3556,Sydney Vang,sherry65@example.com,GQ,2024-04-28,Standard,4384.08
3557,Julian Williams,weaverrachel@example.net,ZA,2020-07-23,Premium,1156.91
3558,Maria Hall,jameswhite@example.com,TV,2020-10-15,Standard,3733.49
3559,Kathleen Le,brianfrench@example.org,CI,2025-03-31,Standard,4038.06
3560,Gina Jordan,singletonnicole@example.net,MW,2024-09-28,Standard,902.57
3561,Jennifer Kelley,michael52@example.org,BI,2023-10-19,Basic,4854.77
3562,Daniel Henderson,sullivanjoshua@example.org,FM,2020-11-04,Standard,3670.17
3563,Dawn Burgess,ilarsen@example.net,BO,2025-05-03,Standard,783.88
3564,Mr. Andrew Schroeder PhD,roger54@example.com,TM,2024-02-24,Basic,3029.88
3565,Jared Garza,maria80@example.com,CO,2025-04-01,Premium,1118.14
3566,Gilbert Reynolds,gabriellelittle@example.com,TO,2024-02-25,Standard,4943.07
3567,Mr. William Miller,elizabethbarrett@example.com,VN,2023-12-03,Basic,4934.53
3568,Yesenia Ramos,mwhite@example.net,PS,2022-02-25,Premium,4672.45
3569,Jared Myers,humphreylindsay@example.org,BD,2023-10-05,Basic,3804.96
3570,Tracy Simpson,smartinez@example.net,LC,2020-07-28,Premium,132.43
3571,Lauren Smith,zanderson@example.com,MW,2022-04-02,Basic,4580.61
3572,Jasmine Mack,xgraham@example.org,KP,2020-07-04,Standard,956.98
3573,Robert Ross,cwebb@example.org,MY,2023-07-31,Standard,3580.21
3574,Jonathan Henry,bradley15@example.com,CO,2022-03-20,Premium,1076.36
3575,Brittany Hernandez,susanpeterson@example.com,CH,2021-03-27,Standard,1518.37
3576,Joseph Mcgee,caroline17@example.org,CD,2022-05-05,Standard,306.94
3577,Gina Hernandez,rebekah35@example.org,BT,2022-03-04,Standard,4189.47
3578,Dillon Sellers,murphysusan@example.net,GT,2021-02-16,Standard,2521.09
3579,Chase Swanson,smithchristopher@example.org,TT,2021-09-23,Basic,2370.91
3580,Patrick Swanson,regina14@example.org,SO,2021-08-16,Premium,3976.98
3581,Mr. Michael Mcbride,erinreid@example.com,UA,2025-07-22,Premium,1387.12
3582,Shane Williams,colinwilson@example.net,CY,2024-07-27,Basic,4187.79
3583,Marcus Knight,shawdenise@example.org,KZ,2021-05-14,Standard,708.47
3584,Eric Mcpherson,victoria89@example.com,GM,2023-05-26,Basic,4474.16
3585,John Compton,michelle63@example.net,KG,2024-01-28,Standard,978.92
3586,Briana Curry,jholloway@example.com,KR,2023-01-05,Basic,3259.45
3587,Mark Harris,jonessteven@example.net,GD,2021-10-09,Premium,684.84
3588,Alexander Williams,johnathandiaz@example.net,LK,2023-05-05,Standard,2515.95
3589,Kaitlyn Smith,scott76@example.com,MT,2023-03-01,Premium,3034.57
3590,Kimberly Booker,manuel87@example.org,RS,2024-04-01,Standard,2947.22
3591,John Clark,jenniferprice@example.com,UY,2023-12-28,Basic,2236.74
3592,Paul Taylor,codypena@example.com,KE,2021-02-19,Standard,3177.18
3593,Dawn Blevins,adamfuentes@example.org,MW,2024-04-08,Standard,4873.87
3594,Heather Garza,wvelazquez@example.net,PL,2020-06-27,Premium,1928.69
3595,Cindy Larson,hdavis@example.net,ML,2021-11-14,Basic,2918.79
3596,Stacy Floyd,bmartin@example.net,PT,2021-05-11,Standard,897.95
3597,Angel Harris,jeremy49@example.net,SB,2020-03-03,Premium,816.07
3598,Meredith Cervantes,usims@example.net,SL,2022-03-09,Standard,4403.75
3599,Karen Powell,darrellarmstrong@example.org,SB,2023-01-14,Premium,1851.19
3600,Jeffrey Hull,travisroberts@example.org,GE,2023-08-22,Premium,1436.08
3601,Cody Pitts,joseph07@example.org,JP,2021-04-14,Standard,3217.61
3602,Veronica Dennis,laurenpeters@example.com,PK,2022-09-13,Standard,338.7
3603,Dawn Stevens,richardjenkins@example.com,MZ,2022-10-30,Standard,2695.1
3604,Joann Rivers,fernandoriddle@example.org,CL,2020-01-28,Premium,2617.95
3605,Michael Ryan,carpentersarah@example.net,NI,2025-03-11,Basic,997.91
3606,Karen Tyler,qanderson@example.net,GM,2025-03-10,Premium,3033.94
3607,Adam Evans,dawn69@example.org,HR,2023-08-04,Premium,2764.19
3608,Jennifer Levy,clayamy@example.org,BY,2024-07-24,Standard,4151.43
3609,Thomas Harris,adriana49@example.net,BW,2021-02-02,Basic,4019.4
3610,Ellen Dalton,jbell@example.com,EG,2020-09-03,Standard,3458.67
3611,Nicole Mcdonald,wellsjasmine@example.com,TJ,2020-09-16,Basic,1876.36
3612,Rachel King,millerrobert@example.com,TT,2024-04-05,Basic,2942.23
3613,William Tran,ashley42@example.org,VU,2022-02-05,Premium,163.2
3614,Christina Garcia,slee@example.com,LU,2021-06-24,Basic,1478.95
3615,James Patterson,xalvarez@example.net,GE,2023-06-16,Standard,2118.77
3616,Andrea Bass,christopher49@example.org,TV,2022-03-01,Premium,601.85
3617,Whitney Johnson,harold72@example.org,FR,2022-01-28,Premium,2566.58
3618,Robert Atkinson,coxanthony@example.org,BO,2023-08-24,Premium,3996.02
3619,Felicia Fox,parkerisaac@example.org,NG,2020-06-28,Basic,3105.8
3620,Mr. Benjamin Haney DDS,smithjessica@example.com,BY,2025-10-30,Basic,4245.74
3621,Robert Morrow,bpadilla@example.com,YE,2024-10-19,Basic,2800.45
3622,Laura Davis,qwalker@example.org,MU,2025-11-18,Premium,2145.0
3623,Jane Estrada,chayes@example.net,GQ,2022-09-22,Premium,671.17
3624,Christopher Lee,ryanwalker@example.org,BG,2022-05-14,Premium,4624.71
3625,Latoya Gonzales,paulapruitt@example.net,PW,2022-03-08,Standard,1806.23
3626,Maria Cox,kwilliamson@example.com,PT,2020-08-14,Basic,1876.59
3627,George Byrd,basssteven@example.com,GA,2020-01-16,Standard,4459.66
3628,Russell Gutierrez,aromero@example.net,TG,2023-10-02,Basic,2663.29
3629,Melissa Fisher,johnsonkatelyn@example.com,GQ,2024-02-16,Standard,943.82
3630,Gregory Gray,latkins@example.com,GH,2023-08-18,Standard,240.92
3631,Wendy Jenkins,nicole02@example.com,FR,2025-09-10,Premium,1189.55
3632,Johnathan Coleman,brooke45@example.net,PA,2020-11-25,Basic,797.56
3633,Malik Fuentes,teresa15@example.com,YE,2023-12-07,Premium,1606.4
3634,Scott Meadows,deborah24@example.org,MM,2024-11-07,Premium,738.07
3635,Kyle Smith DDS,oedwards@example.net,VU,2021-06-12,Premium,2181.54
3636,Cynthia Ballard,joshua07@example.net,AF,2021-07-20,Premium,480.9
3637,Christina Ferguson,not-an-email,UZ,2022-03-31,Standard,3810.94
3638,James Cherry,hortonjoshua@example.org,PY,2020-09-21,Premium,1062.12
3639,Walter Hutchinson,belljennifer@example.com,GM,2021-04-30,Premium,3985.97
3640,Deanna Johnson MD,rickblack@example.net,PG,2021-01-22,Basic,3006.56
3641,Dale Carter,pmcdonald@example.com,IQ,2023-10-15,Standard,682.72
3642,Dr. Jennifer Reynolds MD,melissalynn@example.com,FJ,2024-02-24,Standard,312.08
3643,Karen Rodriguez,kimberlyerickson@example.net,JM,2024-12-06,Standard,3371.17
3644,Shawn Smith,egraham@example.net,CG,2024-11-27,Premium,3933.62
3645,Ashley Evans,brittany77@example.net,ZW,2024-02-03,Basic,1106.47
3646,Whitney Roy,simmonsjoseph@example.org,LI,2022-10-25,Premium,1005.43
3647,Debra Potts,melissajohnson@example.com,SV,2022-09-06,Standard,243.37
3648,Catherine Johnson,zjohnson@example.net,PW,2024-07-17,Premium,4244.72
3649,Amy Miller,pughcarol@example.org,WS,2022-01-02,Standard,4749.08
3650,Daniel Rodriguez,travisking@example.net,KH,2022-05-24,Standard,1825.8
3651,Toni Garcia,reginawright@example.com,SC,2023-07-12,Basic,3925.93
3652,Michael Osborne,burnscarl@example.org,YE,2022-09-03,Basic,1284.93
3653,Martin Wilson,cardenasjoseph@example.com,AZ,2024-10-24,Basic,434.85
3654,Pam Becker,scott48@example.org,AG,2025-10-16,Basic,3839.9
3655,Patricia Ford,vspears@example.net,JM,2021-05-14,Basic,1163.29
3656,Eddie Baker,timothypalmer@example.net,AG,2024-02-21,Premium,4824.89
3657,Kristen Fuentes,latoyahartman@example.com,HN,2021-02-18,Premium,4518.14
3658,Johnathan Stone,stacy40@example.net,TJ,2024-06-07,Basic,121.21
3659,Whitney Matthews,gonzalezjacob@example.net,AU,2023-12-14,Basic,583.56
3660,Jessica Kirk,eric99@example.org,CM,2022-10-07,Premium,4610.34
3661,Roy Banks,catherinegeorge@example.net,MZ,2024-06-16,Basic,2426.11
3662,Tyler Carson,reneehoward@example.com,MH,2022-04-14,Basic,2987.96
3663,David Alexander,prattjoshua@example.org,EG,2021-08-03,Standard,3400.28
3664,Christopher Wilson,jason85@example.org,AO,2024-02-04,Premium,986.16
3665,Matthew Schmidt,changheather@example.com,SI,2021-10-02,Standard,4908.38
3666,Elizabeth Baxter,knightrenee@example.org,LY,2020-10-03,Standard,1149.94
3667,Jerome Herman,scott79@example.com,GA,2021-10-13,Premium,2097.13
3668,Nicole Nelson,danielle53@example.net,CA,2023-07-09,Standard,705.72
3669,Christopher Thomas,kathyberg@example.com,IS,2022-04-01,Premium,2646.67
3670,Shawna Garcia,jack55@example.net,PT,2025-02-09,Standard,3835.14
3671,Rachel Stanley,rogersmatthew@example.org,HN,2024-02-11,Basic,1512.53
3672,Laura Luna,megan48@example.com,MW,2020-04-27,Basic,298.98
3673,Alexis Erickson,william49@example.net,CI,2020-08-14,Standard,2519.19
3674,Nancy Dixon,destinyroberts@example.net,JP,2025-04-22,Standard,1489.7
3675,Alyssa Cantu,xlarson@example.com,MH,2020-03-30,Basic,3707.25
3676,Taylor Richardson,william10@example.net,TW,2023-08-10,Basic,4883.28
3677,Jillian Parsons,sergio77@example.com,IR,2024-04-08,Standard,1206.78
3678,Jacqueline Suarez,martinezwillie@example.org,JO,2022-03-26,Standard,1523.89
3679,Danielle Carlson,smithbryan@example.com,LS,2024-06-02,Standard,1025.05
3680,Diane Collier,qmurray@example.net,CD,2025-05-09,Premium,4484.3
3681,Michael Peterson,fhopkins@example.org,DE,2022-08-14,Standard,4701.5
3682,Gwendolyn Johnson,kimberlyjordan@example.com,VU,2021-12-23,Standard,978.56
3683,Eric Casey,travisfrazier@example.com,ML,2024-05-27,Basic,2509.08
3684,Douglas Richardson,steelejames@example.org,SB,2021-03-08,Premium,2042.21
3685,Amber Morgan,matthew34@example.com,MK,2025-06-08,Basic,3326.89
3686,Ronald Mclean,susancoleman@example.net,HR,2023-09-25,Premium,684.17
3687,Wayne Barrett,dperry@example.net,VA,2021-04-15,Standard,2063.06
3688,William Manning,johnsonrobert@example.net,BF,2022-02-19,Basic,4890.1
3689,Brandon Bartlett,xhansen@example.org,BW,2021-10-05,Basic,4633.92
3690,Lauren Walker,xeaton@example.net,KZ,2023-10-03,Premium,417.08
3691,Mary Fisher,debbie01@example.org,MN,2025-10-16,Premium,1759.3
3692,Christina Miller,woodjames@example.org,DK,2022-03-25,Basic,4235.74
3693,Levi Lee,jasmineshepard@example.com,HN,2022-06-08,Standard,701.53
3694,Theodore Wade,amyfields@example.net,DO,2022-12-31,Standard,3653.48
3695,Amy Patel MD,justin78@example.org,GB,2025-08-29,Standard,3847.6
3696,Jessica Wright,nicole20@example.net,HT,2024-07-14,Basic,3008.88
3697,Charlene Lopez,egraham@example.com,CZ,2021-10-17,Basic,4721.8
3698,Donald Johnson,mwong@example.net,DM,2024-05-13,Standard,2431.55
3699,Jessica Allen,april87@example.com,KI,2024-07-26,Basic,4755.68
3700,Emily Fox,torresstephanie@example.com,VA,2021-08-20,Standard,2605.93
3701,Lisa Rogers,patrickmark@example.com,NA,2021-04-20,Premium,3863.2
3702,Lucas Smith,courtneysparks@example.net,PS,2021-11-12,Premium,698.73
3703,Krystal Brooks,qmyers@example.net,BI,2020-01-25,Standard,2536.64
3704,William White,barbaragibbs@example.org,TL,2025-10-01,Basic,4717.77
3705,Sierra Taylor,icastro@example.org,BF,2024-08-18,Premium,588.06
3706,John Grant,brian61@example.org,SG,2021-05-11,Premium,4168.53
3707,Michelle Mayo,tyler30@example.com,LS,2022-06-25,Standard,3422.73
3708,Robert Preston,pbates@example.net,MR,2021-12-19,Premium,1974.9
3709,James Rhodes,tannermatthew@example.net,CO,2024-12-14,Basic,1702.08
3710,Karen Coleman,shelia43@example.com,GR,2025-07-01,Standard,3147.64
3711,Jason Scott,qkelly@example.com,EE,2020-12-28,Premium,3824.84
3712,Brandon Cohen,dramos@example.net,BZ,2020-04-02,Basic,3782.89
3713,David Miller,armstrongallison@example.net,KM,2025-03-11,Standard,3984.38
3714,James Garcia,lesliephelps@example.com,BE,2020-02-17,Premium,1538.46
3715,Virginia Gaines,jennamason@example.com,NO,2023-04-05,Standard,2502.23
3716,Charlotte Burns DDS,chandavid@example.org,SY,2022-06-18,Standard,2757.95
3717,Thomas Manning,doyletravis@example.org,MM,2020-07-28,Basic,2778.44
3718,Kendra Bailey,betty65@example.net,US,2020-11-27,Premium,4954.49
3719,Kara Warner,christina61@example.org,JP,2020-02-15,Premium,1979.79
3720,Kathy Lee,sheri07@example.com,ES,2021-04-17,Standard,4279.08
3721,Becky Williams,smithkaren@example.org,CD,2025-05-18,Standard,2352.32
3722,Donna Lara,madelinerodriguez@example.com,GY,2022-05-29,Premium,966.66
3723,Drew Miller,scottwright@example.org,EE,2025-10-18,Basic,4315.77
3724,James Williams,jamesmiller@example.com,MK,2022-06-25,Standard,4435.03
3725,Phillip King,martin26@example.com,CU,2022-01-14,Premium,2508.25
3726,Jennifer Snow,thomasjennifer@example.org,AF,2025-05-13,Premium,1631.05
3727,Stephanie Bruce,cpierce@example.com,TT,2020-01-17,Standard,2488.53
3728,Billy Jones,,PH,2020-01-07,Premium,2887.39
3729,Rhonda Bonilla,lauren39@example.org,PS,2025-03-20,Standard,3334.39
3730,Mark Wood,jessica51@example.com,LS,2024-03-05,Basic,2743.02
3731,Jeremy Phillips,michellemccarthy@example.org,AU,2022-11-02,Standard,2431.96
3732,Michael Gutierrez,courtney51@example.net,AR,2020-11-20,Premium,2582.76
3733,Benjamin Hampton,morriskevin@example.net,AU,2020-11-08,Standard,1390.62
3734,Lawrence Lee,uhampton@example.org,GR,2024-09-02,Basic,4857.27
3735,David Stewart,holly37@example.net,BF,2025-11-18,Basic,3414.79
3736,Stephanie Wilson,jesus70@example.net,KH,2020-01-07,Standard,1670.37
3737,Alexandra Levy,scott12@example.com,MA,2020-11-17,Premium,2993.27
3738,Kristen Frazier,michelleknapp@example.net,TM,2024-03-13,Premium,4200.98
3739,Martin Bradford,oscar17@example.com,UY,2024-06-19,Standard,4066.81
3740,Larry Snyder,tammyschroeder@example.org,AT,2022-08-31,Basic,231.81
3741,Anthony Reed,patricia91@example.com,UZ,2024-07-30,Basic,1772.16
3742,Mitchell Jones,wandabennett@example.net,SB,2024-08-12,Premium,2197.93
3743,Ruth Sharp,cruzjanet@example.net,KE,2020-03-02,Standard,2118.46
3744,Samantha Werner,ashley57@example.org,HR,2025-07-26,Premium,3340.08
3745,Janet Wood,philip07@example.net,KH,2022-12-25,Premium,1249.65
3746,Todd White,carpenterlori@example.com,AR,2021-12-02,Standard,3003.41
3747,Sandra Sandoval,martinezryan@example.org,SZ,2024-07-23,Basic,420.95
3748,Stacey French MD,matthewscarlos@example.com,TO,2020-09-14,Standard,660.91
3749,Martha Williams,virginiaporter@example.com,TL,2020-01-08,Premium,196.59
3750,Timothy Pham,fmarshall@example.com,BE,2021-01-03,Standard,283.15
3751,Julie Wolfe,nicolegarcia@example.net,LT,2020-07-04,Basic,4330.51
3752,Nancy Kerr,ryan77@example.org,ZW,2022-07-24,Basic,2622.32
3753,Jeanette Yates,mooneylisa@example.org,AZ,2021-11-27,Standard,1406.43
3754,Sarah Maddox,richard97@example.com,ES,2022-02-14,Basic,2401.53
3755,Carrie Williams,bkelly@example.com,AE,2023-03-08,Premium,4930.25
3756,Kelly Fowler,michaelmartinez@example.org,ES,2021-08-05,Standard,2894.73
3757,Deborah Cole,victor93@example.com,VE,2020-09-04,Standard,2905.44
3758,Theresa Pena,javier35@example.com,UY,2025-07-27,Standard,590.28
3759,Caleb Bell,kirbycheryl@example.org,MC,2023-06-21,Basic,1108.95
3760,Martin Martinez,hpacheco@example.net,BT,2022-04-12,Standard,2563.57
3761,Laura Clark,erikalewis@example.org,HN,2023-05-30,Basic,1763.74
3762,Daniel Flores,gmoreno@example.net,RS,2024-08-02,Basic,1567.65
3763,David Cameron,rodneyjackson@example.org,US,2024-09-11,Standard,1088.62
3764,Tina King,wilsonangelica@example.com,UA,2024-01-20,Basic,4251.94
3765,Donna Richardson,khall@example.org,CU,2025-02-15,Premium,4217.86
3766,Matthew Dixon,rebecca03@example.net,CF,2023-06-22,Basic,1148.99
3767,Sarah Brooks,stewarttammy@example.net,HR,2021-08-29,Standard,332.9
3768,Dr. Blake Turner,melendezelizabeth@example.org,KI,2022-12-20,Basic,2069.93
3769,David Buckley,jonesmark@example.com,AU,2023-11-04,Premium,3160.4
3770,Wayne Moore,zachary36@example.net,ME,2025-02-20,Premium,3616.76
3771,Harold Butler,james91@example.com,SO,2025-02-15,Basic,564.19
3772,Julia Smith,mark69@example.com,GT,2022-04-07,Standard,1439.49
3773,Sydney Adams,brownjennifer@example.org,KG,2024-08-22,Basic,4025.81
3774,Dr. John Dean,joshua92@example.org,AD,2020-11-15,Standard,2192.82
3775,Andrea Gardner,ncarr@example.net,CI,2020-08-22,Standard,3998.69
3776,Ryan Burton,mikemaddox@example.com,GE,2021-04-14,Basic,4136.32
3777,Stacy Jones,nguyenvictor@example.org,KG,2023-03-04,Basic,4040.22
3778,Marvin Harrell,rmitchell@example.org,MV,2022-09-30,Standard,3350.94
3779,Felicia Morris,ahays@example.org,CM,2021-02-14,Standard,1080.38
3780,David Price,douglaswright@example.com,AF,2024-12-24,Standard,1331.2
3781,Nicole Sanchez,jeremy66@example.org,VU,2022-12-10,Basic,2320.82
3782,Deanna Jennings,butlerlaura@example.org,TO,2025-07-21,Basic,984.94
3783,Mrs. Laura Ayala,myersmatthew@example.org,IL,2023-02-25,Premium,3176.44
3784,Natalie Smith,gabrielschultz@example.com,LU,2023-10-17,Basic,4327.28
3785,Andrew Lawson,fking@example.net,ES,2022-05-24,Basic,2546.1
3786,Bryan Robinson,ryanward@example.org,CU,2025-09-21,Basic,4814.37
3787,Ms. Tammy Murphy,uhorton@example.net,CI,2023-02-08,Basic,4696.7
3788,Mary Acosta,arielpadilla@example.org,LK,2022-08-20,Standard,4692.1
3789,Carolyn Olsen,daycurtis@example.com,DJ,2024-10-25,Basic,4063.77
3790,Debra Rodriguez,mitchellkaren@example.org,SG,2023-06-03,Standard,4679.72
3791,Jennifer Ray,beverlymitchell@example.org,NG,2025-10-07,Basic,3171.12
3792,Bryan Martin,rodriguezkevin@example.org,CZ,2021-12-05,Basic,1083.18
3793,Maria Miles,gmontgomery@example.net,SK,2020-04-23,Standard,823.94
3794,Edward Jones,stevenayers@example.net,CM,2022-05-06,Premium,3757.52
3795,Stephen Murphy,gentrylarry@example.com,MD,2021-06-25,Standard,4236.2
3796,Terry Edwards,jennifercastro@example.org,BY,2023-11-01,Standard,1661.4
3797,Ernest Taylor,howardmaria@example.net,DO,2020-08-03,Premium,3206.24
3798,Clayton King,acostadylan@example.net,LK,2025-04-27,Standard,1407.98
3799,Tommy Woods,sotoyvette@example.org,AG,2025-07-11,Standard,-25.0
3800,Timothy Ponce,erik86@example.com,BB,2025-12-20,Standard,3465.59
3801,Allen Mejia,denisewalters@example.net,HR,2024-11-17,Premium,2088.74
3802,Margaret Browning,eerickson@example.com,BF,2023-07-16,Premium,834.82
3803,Stephanie Porter,charlescole@example.com,EE,2025-10-29,Premium,1303.37
3804,Amber Allen,hollykhan@example.com,BN,2024-10-04,Standard,2374.38
3805,Regina George,jlevy@example.com,PL,2020-02-10,Basic,4957.34
3806,Donald Reynolds,nicole68@example.net,SV,2024-10-28,Standard,3269.92
3807,Zachary Hamilton,beverlyflores@example.org,GN,2021-03-30,Premium,1089.75
3808,Juan Pope,rebeccawong@example.net,YE,2023-05-02,Standard,768.51
3809,Kirsten Simmons,mendozatonya@example.org,IS,2020-12-30,Standard,3969.38
3810,Heather Sloan,christianmendez@example.com,TT,2021-01-30,Standard,3327.49
3811,Molly Maldonado,emilycurtis@example.com,HU,2021-05-30,Premium,3257.04
3812,Anthony Smith,plucero@example.org,SA,2021-11-15,Premium,4822.56
3813,Justin Ellison,ashley99@example.net,MZ,2022-11-16,Standard,3932.95
3814,James Butler,emartinez@example.org,ST,2021-03-09,Premium,4311.96
3815,Susan Howard,andrea54@example.net,DO,2025-08-09,Premium,1638.13
3816,Gary Garcia,jeannewton@example.net,BJ,2020-12-22,Standard,4349.14
3817,Jason Hopkins,daniel10@example.net,NG,2022-02-08,Standard,4494.19
3818,Michael Madden,wperez@example.com,ES,2022-12-26,Basic,3321.41
3819,Frances Johnson,henrytyler@example.org,CV,2023-08-19,Premium,2044.79
3820,Sean Tucker,coneill@example.net,FJ,2021-06-03,Basic,4229.48
3821,Carrie Schultz,taylorchristopher@example.org,SL,2025-04-19,Premium,648.47
3822,Laura Hall,emily52@example.org,BN,2024-11-22,Basic,2551.22
3823,Evan Perkins,katherinejimenez@example.org,BN,2025-06-01,Premium,2657.59
3824,Tiffany Allen,hurstwendy@example.net,NA,2020-07-11,Basic,4753.41
3825,Robert Dennis,kimberly94@example.net,AR,2020-12-20,Basic,1333.86
3826,Kim Hicks,sanchezrobert@example.net,MR,2020-02-28,Premium,1266.58
3827,Tabitha Anderson,kevinmccarthy@example.org,ST,2024-04-16,Premium,3888.64
3828,Joseph Compton,colemanandrea@example.net,PE,2020-07-10,Standard,1713.5
3829,Catherine Brown,aatkins@example.org,TL,2023-11-06,Basic,3712.46
3830,Cody Collins,uscott@example.org,KP,2020-10-08,Basic,3745.4
3831,Jason Jones,ballardkelly@example.com,AD,2021-10-31,Standard,1168.24
3832,Ashley Martinez,michael79@example.com,CR,2020-05-23,Premium,958.26
3833,William Thomas,erikacarlson@example.com,NO,2020-04-13,Standard,2253.43
3834,Julie Sandoval DDS,pagelauren@example.net,PS,2024-07-12,Standard,4328.21
3835,Kathleen Spencer,ehenry@example.net,OM,2023-05-10,Premium,2502.76
3836,Claudia Castillo,andersonjason@example.net,BS,2025-07-03,Standard,3528.13
3837,Lisa Day,bobbyhunter@example.org,AZ,2023-03-13,Premium,1650.8
3838,David Peterson,znoble@example.org,KH,2021-08-25,Standard,2426.79
3839,Nathaniel Ramirez,jimenezterri@example.net,NA,2024-06-01,Premium,4820.25
3840,Amanda Sims,baileytodd@example.com,SE,2024-09-02,Premium,1878.69
3841,Keith Saunders,john62@example.org,ML,2021-12-27,Basic,1901.92
3842,Lindsay Saunders,shanecraig@example.com,ID,2025-05-27,Standard,203.26
3843,Jose Abbott,dsmith@example.net,PT,2020-03-09,Basic,270.57
3844,Henry Ellis,jacob55@example.net,CF,2025-10-12,Basic,3344.89
3845,Daniel Flores,sharon07@example.net,KN,2022-02-01,Premium,3484.34
3846,John Ponce,dawnmerritt@example.org,CD,2023-07-24,Basic,1274.41
3847,Andrew Chan,frostandrew@example.net,KR,2024-07-28,Basic,1984.98
3848,Victoria Casey,richard75@example.net,RW,2022-12-19,Basic,4796.57
3849,Tony Davis,cisnerosvalerie@example.net,NP,2023-03-23,Standard,4525.47
3850,Jason Tapia,susanmartinez@example.com,KG,2022-06-14,Basic,698.06
3851,Amy Green,,CL,2024-12-09,Premium,4302.47
3852,Adam Allen,steven04@example.net,KE,2023-01-05,Standard,138.54
3853,Julie Taylor,xhopkins@example.net,TM,2021-05-06,Standard,4644.79
3854,Mary Scott,fischerdanielle@example.org,IL,2025-12-13,Standard,1574.35
3855,William Lang,vweber@example.net,UA,2024-10-14,Premium,1557.37
3856,Ryan Martin,hjohnson@example.org,CA,2023-06-10,Premium,4587.86
3857,Amy Hunt,john31@example.com,MK,2025-07-28,Basic,1654.2
3858,Anne Cobb,stevenwheeler@example.com,BG,2024-02-19,Basic,2090.82
3859,Steven Stevens,jessicamoore@example.com,KZ,2020-02-17,Premium,1442.78
3860,Robert Ponce,jason25@example.org,CF,2022-10-24,Premium,4133.67
3861,Benjamin Rogers,walshdaniel@example.org,DZ,2024-01-11,Standard,2408.35
3862,John Wright,nbanks@example.org,AU,2020-10-28,Standard,4639.84
3863,Bernard Leonard,frank67@example.net,HN,2022-02-28,Standard,3615.19
3864,Curtis Baker,lesliecoleman@example.org,NE,2024-06-27,Premium,4139.56
3865,Mary Howell,joseph26@example.net,BS,2020-08-26,Basic,1378.75
3866,Erin Clark,amanda26@example.net,CN,2023-03-15,Premium,1824.1
3867,Amy Rodriguez,tammy23@example.org,FI,2024-04-26,Basic,3673.23
3868,David Bailey,steelestacy@example.net,YE,2022-01-31,Basic,3715.15
3869,Katie Johnson,howetyler@example.org,SB,2021-12-31,Standard,3506.53
3870,Laurie Khan,xstokes@example.com,KE,2024-04-17,Premium,3242.73
3871,Douglas Haynes,qburns@example.com,IS,2025-06-21,Premium,3187.77
3872,Kevin Johnson,dcampbell@example.org,NZ,2023-05-23,Basic,766.85
3873,Shelly Bradshaw,bevans@example.org,SZ,2020-01-20,Standard,1080.37
3874,Jacob Clark,ywheeler@example.net,MH,2024-01-11,Standard,1637.24
3875,Martha James,taylorandrew@example.com,AR,2025-06-01,Premium,643.06
3876,Dawn Levine,carriewilliams@example.com,BH,2022-10-21,Premium,2630.19
3877,Sarah Olsen MD,taylor79@example.org,MY,2023-06-10,Basic,3839.5
3878,Todd Bauer,hphillips@example.net,MX,2025-09-17,Basic,3460.19
3879,Jacob Banks,karagood@example.net,KG,2024-08-22,Standard,2312.3
3880,Katie Schmidt,sharon78@example.net,MK,2021-06-24,Basic,754.2
3881,Jessica Hartman,qvargas@example.net,NI,2020-12-06,Premium,3468.59
3882,Robert Munoz,jennifer57@example.net,SD,2024-05-09,Standard,4017.69
3883,Neil Swanson,smckinney@example.net,ZA,2025-04-02,Premium,513.55
3884,Jessica Rodriguez,davidthomas@example.net,IT,2025-03-06,Standard,991.26
3885,Kyle Clark,thomasgarcia@example.com,IR,2025-05-30,Standard,4729.31
3886,Destiny Williams,xrogers@example.org,BR,2024-04-05,Basic,1199.99
3887,Jonathan Krueger,,CO,2020-12-23,Premium,4623.25
3888,Amanda Hampton,erin59@example.com,DO,2023-03-11,Basic,3098.82
3889,Vanessa Meza,achan@example.com,RO,2024-10-03,Premium,4543.54
3890,Mario Flores,jay37@example.org,ES,2024-10-06,Standard,1071.5
3891,Kelly Robinson,lcarrillo@example.org,BR,2024-09-21,Basic,4273.97
3892,Andrew Taylor,burnskatherine@example.org,X1!,2024-12-12,Premium,2065.07
3893,Danielle Barajas,khuber@example.net,MU,2021-02-28,Standard,3041.92
3894,Gwendolyn Baxter,wardmichael@example.org,CG,2025-10-29,Premium,536.4
3895,Aaron Bradley,cameronchavez@example.org,TL,2025-10-25,Standard,933.6
3896,Amber Dean DVM,ocole@example.org,CO,2024-11-09,Basic,675.02
3897,Stacy Hill MD,zachary02@example.net,FM,2023-09-03,Basic,2676.6
3898,Jacqueline Fowler,foxrobert@example.net,AM,2022-09-21,Standard,4153.56
3899,Chris Johnson,kmiller@example.org,SK,2020-01-01,Standard,680.71
3900,Diana White,ashley02@example.org,GE,2023-07-04,Basic,1095.41
3901,Marc Chan,hshah@example.com,ML,2020-06-14,Standard,1511.01
3902,Christina Gonzalez,bauermichelle@example.net,JM,2022-09-03,Standard,1972.16
3903,Adam Blevins,david30@example.org,PA,2025-08-19,Standard,4296.05
3904,Katherine Bailey,rnguyen@example.net,LU,2023-01-29,Basic,1156.28
3905,Gerald Mullins,matthew49@example.com,EE,2025-09-11,Standard,3660.87
3906,Marco Byrd,seanshaw@example.com,CA,2025-05-28,Premium,2149.82
3907,Randall Taylor,laura38@example.com,HR,2023-03-29,Standard,3983.07
3908,Troy Green,fthomas@example.com,IL,2021-12-10,Premium,1521.95
3909,Lisa Harris,daniel67@example.com,AU,2023-12-22,Standard,1253.88
3910,Kristin Wiley,velliott@example.net,ML,2022-08-25,Standard,4545.91
3911,Marc Rosario,browndebbie@example.com,PK,2023-03-13,Standard,2956.23
3912,Donna Davis,pweber@example.net,PG,2023-11-05,Basic,2345.0
3913,Claire Kennedy,rasmussenjoshua@example.org,CG,2023-03-24,Premium,2397.52
3914,Michael Harper,saragreen@example.org,OM,2022-08-02,Standard,4874.56
3915,Aaron Williams,pauljones@example.net,PE,2023-04-12,Standard,3465.58
3916,Cassandra Reynolds,katherinebass@example.org,SV,2022-03-28,Basic,1979.13
3917,Julie Clark,kimberly12@example.com,MW,2025-10-24,Standard,3706.91
3918,Virginia Moore MD,tranmatthew@example.net,SD,2025-05-06,Standard,457.97
3919,Kevin Richardson,janicewhite@example.com,MU,2025-03-04,Basic,387.89
3920,Rachel Dickerson,sabrina83@example.com,TD,2020-02-13,Standard,4662.22
3921,Christine Harris,charles36@example.com,TD,2023-08-20,Standard,4550.31
3922,Erica Oconnor,christina97@example.net,OM,2021-02-18,Basic,4702.68
3923,Jonathan Williams,johnsonjoseph@example.com,BZ,2024-11-23,Basic,3576.87
3924,Danielle Wallace,bowersjessica@example.org,ZA,2024-12-26,Premium,126.27
3925,Eric Dodson Jr.,umiller@example.net,MU,2025-03-16,Basic,3136.32
3926,Judy Lopez,knoxpatricia@example.net,RW,2021-06-06,Standard,4889.87
3927,Nancy Scott,martha66@example.org,SL,2024-10-18,Basic,1917.42
3928,Misty Parker,george85@example.org,YE,2020-11-22,Basic,301.51
3929,Nicholas Gordon,nthompson@example.net,IL,2020-05-19,Premium,1375.43
3930,Mark Taylor,barbararichards@example.net,DJ,2024-02-12,Basic,2514.92
3931,Allison Murray,lewistara@example.net,MC,2020-09-25,Standard,4401.69
3932,Tiffany Green,robert71@example.com,TL,2020-01-15,Premium,539.28
3933,Julie Dominguez,usmith@example.com,SY,2021-08-05,Basic,2699.08
3934,Bradley Garcia,mitchell67@example.net,PG,2023-07-14,Premium,1375.99
3935,Jaime Wells,qcruz@example.com,MX,2024-07-05,Standard,316.39
3936,Adam Lambert,melissa29@example.com,KR,2020-04-12,Premium,2546.13
3937,Cody Henry,robertscindy@example.net,SA,2021-12-23,Standard,3764.33
3938,Kathryn Ferrell,vward@example.com,CV,2023-03-05,Standard,1486.33
3939,Michael Spencer,perrycatherine@example.net,SO,2020-12-31,Standard,3103.36
3940,Maria Reynolds,austin67@example.org,KP,2022-10-21,Standard,2633.17
3941,Christina Johnson,laurenmiller@example.org,BG,2022-06-28,Standard,4474.09
3942,Cheryl Knight,johnsmith@example.org,CD,2021-03-01,Standard,3710.66
3943,Katie Barnett,ggomez@example.net,LI,2025-07-12,Standard,3842.01
3944,Mr. Michael Kelly MD,cooperjoshua@example.com,UZ,2022-01-21,Premium,2822.81
3945,Jesse Mckay,loganpineda@example.net,ST,2022-09-29,Basic,3219.6
3946,Michelle Davis,marknovak@example.com,VN,2021-03-13,Standard,360.79
3947,Mary Harris,jennifer86@example.net,ID,2022-08-04,Premium,367.38
3948,Tammy Murphy,smckee@example.org,US,2020-05-29,Premium,275.73
3949,Ashley Short,banderson@example.net,KP,2023-09-08,Standard,901.42
3950,Travis Vargas,rsolis@example.net,JM,2023-10-20,Standard,2238.51
3951,Heidi Wilson,elee@example.net,ZA,2020-10-28,Standard,299.88
3952,Amber Hess,andersonvanessa@example.com,BO,2025-01-11,Standard,4945.21
3953,Richard Oliver,marylopez@example.net,PH,2023-08-22,Basic,2477.48
3954,Becky Dalton,dana90@example.net,IS,2020-12-14,Standard,651.21
3955,Janet Mckenzie,robert22@example.org,BY,2025-05-23,Basic,4347.71
3956,Daniel Conner,triciagomez@example.net,DE,2022-05-05,Premium,1813.06
3957,Janet Morris,bestalexis@example.org,BA,2021-09-22,Premium,4354.05
3958,Scott Sherman,cameron42@example.org,CV,2022-12-19,Premium,4191.27
3959,Chelsey Vaughan,freemanmiguel@example.net,US,2025-04-21,Basic,2592.82
3960,Teresa Robertson,qjohnson@example.com,AF,2021-04-10,Standard,2859.91
3961,Angelica Solomon,mcdonaldcole@example.net,EC,2021-10-24,Basic,2969.82
3962,Michael Mcmillan,katherineburns@example.net,BA,2021-05-31,Basic,4990.22
3963,Greg Alexander,kimscott@example.com,GR,2021-04-28,Premium,2677.48
3964,Timothy Roberts,whitepeter@example.com,CD,2022-01-09,Basic,984.79
3965,Lauren Lindsey,catherinewhite@example.net,BF,2022-01-14,Premium,1306.17
3966,Haley Peck,clarkjonathan@example.org,ZW,2024-12-28,Standard,3416.85
3967,Christopher Montgomery,william47@example.com,ET,2021-06-30,Standard,227.21
3968,Krystal Guerra,walkersamantha@example.net,US,2021-04-16,Basic,4908.54
3969,Mrs. Dana Terry,leslie14@example.org,BS,2020-08-28,Premium,2031.43
3970,Todd Lopez,arthurhowe@example.com,TD,2024-09-26,Basic,4652.83
3971,Brandon Smith,mary36@example.com,GM,2024-04-30,Premium,4201.19
3972,Daniel Martin,not-an-email,DJ,2022-05-09,Premium,241.49
3973,Dr. Lynn Ford,fredericksmall@example.com,MY,2024-02-20,Standard,4170.43
3974,Christopher Romero,udorsey@example.net,RO,2024-04-21,Basic,2451.29
3975,Colleen Fernandez,jeffery00@example.net,BD,2020-08-21,Basic,4780.49
3976,Christine Cantrell,wyatt67@example.com,LS,2025-05-24,Basic,3324.23
3977,Jason Mendoza,tamara03@example.com,IS,2021-09-13,Standard,4851.88
3978,Connie Joseph,ygomez@example.net,NG,2024-10-26,Basic,3149.59
3979,Teresa Wise,kenneth63@example.com,CL,2025-02-17,Standard,1692.09
3980,Erik Travis Jr.,daniel76@example.net,GQ,2022-10-16,Basic,4999.12
3981,Kylie Gentry,amurphy@example.org,BB,2022-04-27,Basic,733.67
3982,Patricia Hebert,sethedwards@example.org,TN,2024-09-17,Premium,4027.63
3983,Kelli Walsh,smithernest@example.org,LR,2025-01-21,Standard,1683.54
3984,Harry Hardin,mary37@example.net,CO,2020-07-21,Premium,3744.62
3985,Andrew Jones,shariparker@example.org,ER,2021-05-18,Basic,4764.31
3986,Joshua Walker,lmoore@example.net,CV,2023-09-17,Standard,553.5
3987,Christina Little,larrywerner@example.org,UZ,2020-09-23,Standard,972.25
3988,Jaclyn Miller,ashley28@example.com,AR,2020-11-30,Standard,537.02
3989,Matthew Vargas,james08@example.com,SO,2022-10-06,Premium,898.41
3990,Mary Walton,nellis@example.org,BE,2025-08-08,Standard,1496.19
3991,Christopher Turner,yhooper@example.net,KR,2025-09-14,Basic,855.26
3992,Timothy Weiss,jason68@example.org,KZ,2024-02-16,Standard,2505.14
3993,Alexis Murphy,matthewschultz@example.org,TO,2024-06-16,Standard,3705.86
3994,James Potter,jasongentry@example.org,LR,2022-11-10,Standard,4528.3
3995,Katherine Chen,jennifer68@example.net,UZ,2022-09-08,Basic,743.3
3996,Anthony Fleming,xthompson@example.net,KZ,2024-04-08,Basic,570.95
3997,Sheri Spence,csanders@example.com,BZ,2021-06-11,Standard,2612.0
3998,Nicholas Hughes,bairdmolly@example.com,DO,2025-08-15,Standard,2282.67
3999,Norma Francis,nbender@example.org,IR,2023-01-05,Standard,2434.55
4000,Victoria Preston,erinhogan@example.net,GD,2025-10-30,Basic,3041.67
4001,Joseph Simmons,robert13@example.net,KG,2025-06-14,Premium,3806.8
4002,Vanessa Perez,mistystephens@example.net,AT,2021-08-21,Standard,3107.95
4003,Cheryl Harrison,ballarddeanna@example.org,SA,2020-09-22,Standard,3190.36
4004,Rachel Welch,davisemily@example.org,DJ,2025-10-16,Premium,298.15
4005,James Davis,henry02@example.org,TT,2025-07-31,Standard,4869.03
4006,Benjamin Lee,rwalsh@example.org,GD,2020-08-05,Basic,1198.73
4007,Linda Thompson,toddwhite@example.org,SY,2020-05-25,Basic,3596.81
4008,Cody Bass,cindymunoz@example.org,BZ,2023-07-27,Invalid,2683.67
4009,Mark Ross,smithadam@example.org,TD,2023-12-23,Basic,2670.92
4010,Dr. Tiffany Bennett MD,lorithompson@example.com,KR,2023-06-28,Standard,2394.27
4011,Daniel Shields,ewilson@example.com,JM,2023-03-06,Premium,4545.32
4012,Malik Wilson,hursthannah@example.com,AG,2024-04-23,Standard,1571.93
4013,Walter Escobar,brian93@example.net,ES,2020-10-19,Premium,3453.14
4014,Sean Fitzpatrick,justinreeves@example.net,CI,2024-04-24,Standard,4223.54
4015,Brian Wade,johnsonmichelle@example.net,GH,2021-01-26,Basic,2195.89
4016,Kimberly Taylor,jacob76@example.org,ML,2021-01-24,Basic,333.87
4017,Stacey Davis,garciatanner@example.com,RS,2020-11-19,Premium,4594.78
4018,Susan Lewis,bsnyder@example.org,AE,2021-09-27,Basic,627.4
4019,Jonathan Rodriguez,dbenitez@example.net,SO,2024-07-17,Standard,2123.8
4020,Kyle White,cookwilliam@example.com,TW,2022-06-20,Standard,3338.19
4021,Richard Jackson,mendezkent@example.com,LA,2021-01-05,Basic,4082.84
4022,Christine Vincent,sonia05@example.org,BO,2024-11-02,Standard,1348.82
4023,Benjamin Ortega,westlaura@example.org,SM,2023-08-25,Premium,3866.37
4024,Joshua Gutierrez,ogriffin@example.com,SD,2021-07-22,Premium,658.28
4025,Johnathan Gross,wendysantos@example.com,IR,2021-07-02,Basic,2368.11
4026,Gina Hicks,mark01@example.com,DK,2023-12-16,Premium,4230.26
4027,Kurt Ramos,amycunningham@example.org,FM,2022-08-26,Premium,508.12
4028,Adam Rodriguez,bryanlee@example.org,NP,2023-04-13,Basic,1558.47
4029,Kimberly Jones,coxguy@example.org,MZ,2025-05-15,Basic,3648.06
4030,John Reeves,melissa71@example.net,BT,2021-11-20,Basic,2304.74
4031,Denise Bell,gknight@example.net,NA,2022-10-06,Standard,1772.54
4032,Ann Shannon,maria79@example.org,KP,2025-09-17,Premium,1134.24
4033,Angela Wright,rayrobin@example.org,GB,2023-10-22,Premium,3760.44
4034,Terry Hale,zflynn@example.com,OM,2025-09-09,Basic,1370.66
4035,Scott Anderson,grojas@example.com,AZ,2022-06-30,Basic,621.02
4036,Joanna Torres,fredericktimothy@example.com,PS,2023-05-30,Basic,187.78
4037,Christian Harris,kingtracie@example.org,KP,2024-10-15,Standard,671.72
4038,Jessica Sandoval,michelle20@example.net,MH,2022-09-17,Premium,3313.42
4039,Catherine Adams,xbowers@example.net,SC,2023-10-25,Standard,3489.85
4040,Tina Harvey,jasonhardy@example.net,PW,2022-12-28,Basic,4832.44
4041,Carla Santana,shannoncheryl@example.net,SC,2025-05-07,Basic,3656.97
4042,Miguel Marsh,katie48@example.com,IQ,2022-05-28,Standard,3130.65
4043,Kevin Hall,wflynn@example.org,KN,2020-10-23,Basic,1867.57
4044,Nicholas Butler,ysullivan@example.org,PY,2021-06-09,Basic,4819.39
4045,Sharon Rivas,patty62@example.org,CA,2021-06-29,Basic,2035.49
4046,Devin Brown,hayley21@example.com,MY,2022-06-19,Standard,529.41
4047,Michael Cooper,klewis@example.net,TH,2024-02-20,Premium,167.99
4048,Chloe Stevens,joshua55@example.net,CL,2022-07-08,Premium,4098.24
4049,Terri Harris,sarah11@example.org,PT,2024-06-09,Basic,4855.55
4050,Deborah Frey,timothy42@example.org,ZM,2022-01-13,Premium,1125.22
4051,Catherine Garrett,nicholas81@example.com,BO,2023-04-29,Basic,811.26
4052,William Russell,lmay@example.com,HR,2026-09-25,Premium,2235.36
4053,Kyle Mason,cthompson@example.net,GA,2022-04-28,Basic,4305.13
4054,Lisa Rice,pbrooks@example.net,CL,2021-12-09,Basic,1035.48
4055,Amy Stewart,greentina@example.net,BO,2022-02-28,Standard,3871.63
4056,Donald Stephenson,samanthahurst@example.org,LU,2024-10-12,Premium,2422.55
4057,Kristin Green,whitneyjohnson@example.net,BW,2025-09-29,Premium,670.65
4058,Elijah Clements,rnichols@example.com,DO,2020-11-03,Premium,3720.03
4059,Victoria Reid,crystal06@example.com,LK,2021-11-07,Standard,4822.95
4060,Nicholas Gray,callen@example.com,UZ,2024-06-16,Standard,196.18
4061,Rebecca Flynn,sharper@example.net,AZ,2020-08-12,Standard,2967.61
4062,Billy Mejia,lmiller@example.org,CA,2022-04-25,Premium,1544.67
4063,Aaron Acosta,christopherwilliams@example.com,PS,2020-08-23,Standard,349.52
4064,Karen Grant,gmccormick@example.org,DZ,2020-04-25,Premium,603.05
4065,Amy Myers,bakerjacqueline@example.net,KE,2020-10-19,Basic,2215.76
4066,Joel Foster,owilliamson@example.com,SD,2020-11-04,Standard,4258.22
4067,Timothy Holland,christopher42@example.com,MX,2025-04-01,Basic,2935.44
4068,Ryan Jackson,wjones@example.net,MN,2020-01-31,Basic,2816.09
4069,Sarah Singh,stephen57@example.net,NZ,2021-01-06,Standard,281.38
4070,Katherine Hubbard,brittanyjohnson@example.com,SB,2021-04-12,Standard,2481.89
4071,Robert Davidson,peterhamilton@example.com,KR,2022-11-12,Basic,3650.61
4072,Jacob Robinson,jessica81@example.com,AF,2024-04-26,Basic,4534.86
4073,Crystal Brown,matthewstokes@example.net,AR,2024-08-18,Standard,1236.34
4074,Patricia Chen,acoleman@example.net,NL,2025-03-31,Premium,2688.71
4075,John Stark,knoxmark@example.org,DO,2021-04-08,Standard,2924.38
4076,Earl Price,noahroberson@example.com,CA,2020-07-09,Basic,411.2
4077,Bianca Ramirez,bruce59@example.net,HT,2023-02-27,Basic,2143.97
4078,George Owen,thomaschavez@example.net,UA,2021-12-05,Standard,673.01
4079,Miranda Butler,kiara57@example.org,RU,2021-12-25,Basic,4700.93
4080,Robert Lindsey,jessica25@example.org,DO,2025-04-02,Standard,2296.79
4081,Robert Pierce,robert90@example.org,KM,2021-01-08,Standard,201.95
4082,Christopher Moore,ochapman@example.org,VU,2022-12-13,Standard,3658.42
4083,Sarah Patterson,jasonweber@example.com,IE,2021-08-22,Standard,1784.85
4084,Taylor Jensen,brianwalker@example.net,LU,2024-01-26,Premium,2587.42
4085,Anthony Baker,petersonjennifer@example.org,JM,2021-08-12,Basic,4554.44
4086,Erica Small,marydaniels@example.org,KN,2020-11-10,Standard,4616.5
4087,Lisa Olson,matthewgilbert@example.com,BN,2025-12-16,Basic,3319.09
4088,Nicole Johnson,dixondonald@example.com,HN,2021-11-15,Premium,4427.55
4089,Angela Rose,mfox@example.com,CV,2021-03-24,Basic,3585.79
4090,Stephanie Barajas,donnaholt@example.org,JO,2023-02-16,Standard,4182.1
4091,Andrea Miller,pwilliams@example.org,LK,2020-08-12,Basic,3297.25
4092,Jonathan Brooks,christopher43@example.com,TD,2024-10-26,Standard,4000.27
4093,Maurice Rhodes,christopherruiz@example.net,SR,2024-10-28,Premium,3147.03
4094,Terry Johnson,sarahwashington@example.net,NG,2020-04-15,Standard,3484.42
4095,John Allen,dpeterson@example.com,KR,2022-12-28,Premium,3368.58
4096,Luis Brown,rachel81@example.net,LS,2022-02-21,Premium,949.13
4097,Christina Ingram,rodriguezbrent@example.com,VU,2024-10-31,Premium,3068.17
4098,Daniel Carson,jameswright@example.net,BS,2021-03-23,Premium,3988.06
4099,Victoria Collins,matthew07@example.org,CV,2021-03-26,Standard,1587.89
4100,Charles Flynn,cruzjuan@example.org,LB,2022-04-04,Premium,2828.47
4101,Roger Torres,gkim@example.com,JO,2023-10-17,Premium,1858.06
4102,William Guerrero,lterry@example.com,HU,2023-05-17,Standard,1849.51
4103,Amy Knight,whull@example.org,TL,2020-04-29,Premium,956.1
4104,Robert Rosario,shawntate@example.org,MR,2020-03-14,Basic,256.65
4105,Kiara Miranda,vargaspamela@example.net,TZ,2023-04-11,Premium,1754.9
4106,Larry Lynn,vshelton@example.net,TV,2025-09-20,Premium,3126.06
4107,Lauren Edwards,sdouglas@example.com,NR,2020-05-27,Premium,2853.71
4108,David Silva,scotttanya@example.org,KI,2021-07-04,Standard,1363.33
4109,Sherry Mclaughlin,xsimpson@example.com,IE,2025-03-27,Standard,3945.94
4110,Benjamin Matthews,wgeorge@example.org,CM,2022-12-17,Premium,3873.46
4111,Jerry Williams,rodneythomas@example.net,LV,2025-05-11,Basic,1410.71
4112,Susan Wolfe,salinaskyle@example.org,PL,2025-06-03,Premium,4281.7
4113,Sandra Simpson,jacqueline60@example.net,HU,2022-11-25,Basic,3061.02
4114,Matthew Smith,imatthews@example.net,CH,2020-08-19,Premium,3561.38
4115,Hannah Morris,tonyroberts@example.org,VC,2020-07-11,Standard,4015.04
4116,Shelly Booth,gburns@example.com,BW,2023-01-06,Premium,4875.83
4117,Jenny Wilkerson,baileyjulia@example.org,MD,2025-10-03,Basic,3087.31
4118,Megan Miller,lperry@example.com,BD,2021-12-13,Premium,4135.69
4119,Paul Hughes,vfowler@example.net,MN,2023-05-24,Premium,2585.8
4120,Audrey Knox,jamiecook@example.org,ER,2021-11-18,Premium,3186.64
4121,Tara Dixon,randall61@example.net,CN,2020-10-15,Premium,4563.83
4122,Michael Berger,tsingleton@example.net,PS,2020-06-27,Premium,3668.91
4123,John Torres,gduncan@example.net,UZ,2024-03-13,Basic,2263.44
4124,Angela Coleman,brianmartin@example.net,BF,2025-12-09,Basic,2542.12
4125,Kenneth Rivas,henrybailey@example.net,ES,2021-07-23,Premium,856.05
4126,David Pugh,timothysullivan@example.net,AG,2020-06-21,Standard,1739.58
4127,William Mullins,duncanwayne@example.com,HN,2020-08-30,Premium,702.62
4128,Alice Warren,jeremy60@example.com,CZ,2022-10-19,Premium,2251.63
4129,Colin Butler,daniellegomez@example.com,MR,2021-01-15,Standard,3869.17
4130,Carol Franklin,lauren04@example.org,KN,2022-05-07,Premium,1302.05
4131,Caitlin Harris,karenparker@example.net,EC,2020-03-18,Standard,1772.47
4132,Michael James,david35@example.com,BR,2024-04-03,Basic,939.18
4133,Nicole Smith,maryfernandez@example.net,NP,2020-09-11,Standard,1924.94
4134,Michelle Rivera,qlevy@example.org,TJ,2025-02-20,Standard,1867.15
4135,Tracy Baxter,davissarah@example.net,BR,2022-01-03,Basic,1302.71
4136,Amanda Crosby,zcoleman@example.org,MX,2022-10-19,Basic,2166.44
4137,Elizabeth Thompson,santoseric@example.com,TT,2023-11-27,Premium,776.17
4138,Corey Rowland,tcarr@example.org,TL,2023-02-03,Standard,2125.71
4139,Willie Wall,wward@example.net,FM,2023-12-25,Standard,4500.52
4140,Mary Moore,jodi27@example.net,LS,2021-03-09,Basic,3993.58
4141,Lauren Peterson,brianpowell@example.com,TH,2022-06-27,Standard,4724.33
4142,Beth Hodge,srivera@example.net,JP,2020-05-14,Standard,813.36
4143,Kathryn Moore,williamlam@example.org,LC,2024-10-08,Premium,3616.37
4144,Kevin Alexander,fadams@example.org,MZ,2020-06-10,Basic,4723.85
4145,Harold Gutierrez,devin22@example.net,GB,2024-05-09,Premium,1757.69
4146,Mary Douglas,prestonsusan@example.net,KP,2022-04-27,Standard,4911.53
4147,Richard Lopez,joy57@example.com,NE,2023-05-16,Premium,2226.95
4148,Stanley Sellers,vcooper@example.org,LK,2025-03-06,Standard,3820.04
4149,Michelle Aguilar,terrybrooke@example.net,MZ,2025-09-26,Basic,4620.34
4150,Brenda Clark,susan93@example.com,AL,2024-06-19,Premium,4522.3
4151,Dominique Moore,yjohnson@example.org,TJ,2025-07-16,Premium,4890.89
4152,Jennifer Thornton,cnichols@example.org,AD,2024-08-25,Basic,4015.45
4153,Scott Walker,andreadunn@example.org,DJ,2024-01-05,Basic,4866.04
4154,Lisa Foster,opatterson@example.com,DK,2020-01-25,Standard,2069.81
4155,Jeremy Phillips,wesley65@example.com,RO,2025-08-30,Basic,3533.87
4156,Lauren Horton,richard57@example.com,FI,2020-01-03,Standard,3635.6
4157,Andrew Green PhD,carolynjones@example.com,RS,2023-07-14,Standard,4555.23
4158,Natalie Peterson,pshannon@example.net,SA,2023-08-01,Premium,4152.32
4159,Matthew Fischer,dferguson@example.org,LS,2024-06-23,Basic,3090.97
4160,Walter Owen,acombs@example.org,KW,2021-04-10,Premium,3531.45
4161,Jordan Williams Jr.,zachary40@example.org,KE,2021-08-19,Standard,3255.01
4162,Lisa Owens,williamschad@example.net,SV,2022-04-25,Basic,3159.36
4163,Amanda Clark,jonathan73@example.net,KR,2020-05-01,Basic,3294.98
4164,Ryan Mullins,lorifields@example.org,TG,2024-05-15,Basic,1791.73
4165,Brian Schmidt,hjimenez@example.org,CV,2023-08-17,Basic,2082.08
4166,Hayley Martinez,diana25@example.net,BJ,2020-08-27,Premium,4416.78
4167,Lauren Williams,carolyn09@example.com,DM,2020-08-14,Premium,281.15
4168,Roger Edwards,vhowell@example.net,AZ,2023-12-21,Standard,2010.97
4169,Raymond Wright,dshelton@example.com,NR,2024-05-15,Basic,3726.26
4170,Sandra Skinner,paula13@example.com,AM,2020-03-20,Premium,2650.3
4171,Sabrina Ruiz,amandamitchell@example.net,ME,2023-11-20,Basic,1491.25
4172,Brett Gonzalez,eugeneavila@example.net,GA,2023-11-30,Premium,2607.19
4173,Sabrina Thornton,paulreyes@example.net,DM,2023-10-20,Standard,2654.55
4174,Gregory Parker,piercedavid@example.org,CA,2025-04-06,Basic,884.13
4175,Jason Peterson,csullivan@example.com,BN,2020-06-19,Premium,4462.56
4176,Dr. Robin Hansen,kathrynbaxter@example.org,DE,2023-07-23,Basic,3003.27
4177,Mrs. Regina Nelson,wesley23@example.net,AL,2023-03-08,Premium,4177.92
4178,Jeffrey Moreno,wheelerdawn@example.com,PS,2021-04-03,Standard,3659.9
4179,Carrie Morris,zbrown@example.com,TR,2023-08-01,Basic,641.17
4180,David Cox,leslie75@example.org,MH,2025-01-17,Premium,4223.76
4181,Robert Gregory,tonyamorris@example.net,NL,2022-08-29,Standard,3172.25
4182,Laura Williams,velasquezmichael@example.org,CA,2023-12-05,Standard,706.68
4183,Jeffrey Barry,amycooper@example.com,PK,2024-11-29,Basic,4712.58
4184,Kathleen Johnson,brian68@example.org,UZ,2022-07-26,Standard,1560.01
4185,Christine Jones,jonathonmorris@example.org,EE,2023-04-08,Basic,125.55
4186,Troy Williams,julie56@example.org,FM,2024-07-21,Standard,4916.46
4187,Joshua Hernandez,cindy52@example.com,LI,2021-06-12,Basic,4946.1
4188,Evan Gilmore,jennifer82@example.com,FI,2022-09-17,Basic,3601.77
4189,Mark Brock,wanda27@example.org,MT,2023-03-19,Basic,3361.05
4190,Megan Mejia,dcarpenter@example.net,ID,2020-08-29,Basic,1245.81
4191,Catherine Mcclain,cynthiajohnson@example.net,TH,2022-11-20,Standard,1494.22
4192,Julie Todd PhD,robertdavis@example.org,CM,2022-01-24,Basic,2906.55
4193,Nathaniel Bean,ingramjennifer@example.org,ME,2024-10-11,Premium,3600.32
4194,Melissa Camacho,plopez@example.net,TT,2021-05-03,Basic,3713.81
4195,Susan Ward,micheal18@example.net,DM,2021-07-03,Premium,1706.45
4196,Stacy Hendricks,greenadam@example.org,LY,2021-11-28,Basic,1043.52
4197,Tanner Moore,ryanlee@example.net,KI,2022-05-31,Standard,2326.12
4198,William Riley,gward@example.com,SC,2025-03-23,Premium,3587.04
4199,Charles Lee,brian62@example.net,NE,2023-07-04,Standard,501.54
4200,Eduardo Weber,samuel08@example.net,EC,2025-06-10,Premium,2181.94
4201,Sarah Stephens,abigailmoody@example.net,JP,2021-04-07,Premium,2433.64
4202,Mary Long,sandersjohn@example.net,KE,2022-05-15,Standard,482.56
4203,Christopher Long,williesmith@example.org,ME,2022-04-28,Basic,2678.65
4204,Anthony Bryan,krista74@example.net,BR,2025-05-05,Basic,2838.95
4205,Zachary King,michelefrazier@example.org,BY,2023-10-16,Standard,4372.87
4206,Annette Jenkins,wreynolds@example.org,SL,2020-05-13,Basic,2544.25
4207,Elizabeth Roberts,fergusonmark@example.net,MT,2021-08-23,Standard,4982.91
4208,Heather Gallagher,schultzwilliam@example.net,NP,2020-11-29,Basic,4662.07
4209,William Perry,singhkristy@example.org,MW,2020-06-23,Standard,3685.41
4210,Kevin Walsh,qgreen@example.com,FR,2025-05-06,Standard,4136.68
4211,Ashley Carson,ivance@example.com,IT,2023-01-24,Premium,2578.35
4212,James Vasquez,luis73@example.org,BO,2020-06-08,Standard,3584.64
4213,Christopher Vega,pennyschroeder@example.net,FI,2022-08-01,Premium,4843.36
4214,Sarah Smith,mcbridedawn@example.org,LA,2022-01-29,Basic,4330.03
4215,Jose Johnson,donnajohnson@example.com,DZ,2022-10-13,Premium,3502.91
4216,Jeffery Wallace,amber33@example.net,FJ,2025-07-30,Standard,2419.44
4217,Mr. Jesse Hodges MD,jacksonsamantha@example.net,MD,2024-08-27,Basic,868.51
4218,Lauren Moore,williampowers@example.net,BN,2020-12-29,Basic,1909.73
4219,Amber Willis,dillon76@example.net,AD,2022-02-20,Premium,3047.84
4220,Jennifer Jordan,tammie50@example.com,LK,2020-09-20,Standard,640.65
4221,Diana Hull,hallcarolyn@example.org,BF,2021-05-14,Standard,2901.65
4222,Nicole Diaz,tomburke@example.org,GY,2021-06-25,Premium,2661.61
4223,Diane Williams,timothylong@example.com,GE,2023-05-14,Premium,1920.19
4224,Brittany Simon,jo03@example.org,AR,2023-07-30,Standard,1585.97
4225,Samantha Roberts,irios@example.net,CF,2023-02-19,Standard,237.09
4226,Alejandro Villegas,sharon87@example.net,CD,2020-04-12,Premium,796.49
4227,Ethan Hawkins,stevenjackson@example.org,VE,2022-01-03,Basic,2166.61
4228,David Armstrong,ashleyholt@example.com,CM,2020-04-23,Standard,4456.38
4229,Miguel Johnson,michael88@example.net,IS,2022-11-27,Premium,997.08
4230,Erin Mahoney,timothynorman@example.net,MT,2025-06-28,Basic,2495.09
4231,Jessica Robinson,xblair@example.com,PW,2022-06-06,Premium,2782.93
4232,Justin Daniels,samuelwheeler@example.net,DZ,2021-07-30,Premium,4365.09
4233,Brandi Ferguson,adam39@example.org,MM,2020-12-03,Standard,2457.76
4234,James Schroeder,timothy75@example.org,FM,2020-09-13,Standard,2872.24
4235,Dylan Hansen,robinsonjoy@example.com,FJ,2025-07-04,Standard,3928.61
4236,Julia Hernandez,wrightjohn@example.com,IQ,2022-05-27,Standard,4188.85
4237,Theresa Hall,alexanderhuber@example.com,GY,2020-12-09,Basic,750.77
4238,Michael Sweeney,boydamanda@example.com,ET,2023-08-06,Premium,2573.34
4239,Sara Hobbs,janet01@example.org,IE,2021-01-31,Standard,3832.23
4240,Sara Torres,joseph73@example.net,TD,2023-09-19,Basic,2300.47
4241,Donald Chapman,johnstonrobert@example.net,BJ,2022-09-11,Basic,1693.56
4242,Ricky Davila,bailey73@example.net,MV,2023-08-14,Basic,3356.06
4243,Mary Ayala,andrew73@example.com,SR,2020-07-25,Standard,1997.45
4244,Anne Williams,carterdaniel@example.net,SB,2025-06-03,Standard,1761.09
4245,Mario Ramirez,anthonyfoley@example.org,CA,2025-10-18,Premium,4794.59
4246,Rebecca Bryant,rpham@example.net,NO,2025-05-21,Standard,3705.97
4247,Ashlee Flores,awhite@example.org,KP,2025-09-18,Basic,533.8
4248,Dennis Trevino,tbarajas@example.com,PG,2024-07-30,Premium,3565.32
4249,Charles Murphy,jbenson@example.org,TG,2025-08-06,Basic,3187.54
4250,Laurie Wilson,nchang@example.net,SN,2025-10-23,Basic,1613.36
4251,Carmen Ray,weberrichard@example.net,SM,2023-01-19,Basic,706.53
4252,Hannah Kidd,nancy37@example.net,GT,2021-10-02,Basic,517.24
4253,Cindy Nolan,davidflores@example.net,NA,2020-05-15,Basic,2754.99
4254,Roberto Graham,jonathan14@example.net,KP,2025-10-28,Premium,4790.73
4255,Nicholas Johnson,cwood@example.org,GY,2020-01-05,Basic,1028.04
4256,Amber Henderson DVM,wallacevictoria@example.com,DJ,2024-08-23,Standard,2562.93
4257,Candace Quinn,kara42@example.com,GA,2023-07-04,Premium,689.39
4258,Kevin Washington,paulabrooks@example.net,UG,2024-06-15,Basic,980.74
4259,Jason Welch,victoria75@example.net,PL,2022-11-18,Premium,1447.32
4260,Teresa Ponce,stephaniewashington@example.org,BH,2025-01-06,Premium,1301.9
4261,William Garner,michaelklein@example.org,NR,2025-01-13,Basic,4210.7
4262,Bryan Nguyen DDS,tatedaniel@example.com,GR,2024-02-27,Basic,2276.72
4263,Victor Moore,dfinley@example.org,KE,2024-03-15,Basic,3073.59
4264,Jennifer Sanders,jmarshall@example.com,AD,2020-09-21,Standard,2985.58
4265,Sierra Johnston DDS,bgarcia@example.org,SZ,2022-08-17,Standard,4323.67
4266,Shane Juarez,yvonneellis@example.net,WS,2025-09-28,Premium,1765.79
4267,Edward Hunt,tuckerjennifer@example.com,MY,2023-08-24,Premium,2133.19
4268,Sarah Gonzales,joannacollins@example.org,MY,2020-10-23,Basic,1655.17
4269,Laura Flores MD,enelson@example.org,LT,2023-11-04,Standard,546.02
4270,Janet Mcdonald,tinawilliams@example.org,NZ,2022-07-06,Premium,2754.72
4271,Terry Flores,antonio26@example.org,GW,2023-09-21,Standard,805.77
4272,Shelby Ruiz,grimeseric@example.net,BG,2021-07-17,Standard,3864.69
4273,Janet Graham,justin05@example.org,LK,2024-11-21,Premium,1603.29
4274,Mark Pearson,rlevine@example.org,LT,2023-10-23,Standard,3425.18
4275,Vincent Mcgee,owenselizabeth@example.com,TG,2021-05-05,Premium,3110.93
4276,Walter Johnson,shawn21@example.org,MT,2025-05-02,Standard,989.14
4277,Justin Mcconnell,vphillips@example.com,CR,2024-08-26,Basic,386.66
4278,Alvin Smith,elizabeth70@example.com,DJ,2022-06-14,Standard,583.85
4279,Justin Schmidt,keith23@example.com,GQ,2023-09-26,Premium,2122.83
4280,Tracy Payne,urios@example.net,MY,2023-07-09,Standard,1363.88
4281,Danielle Jordan,reyesjacob@example.net,LY,2023-07-31,Premium,354.2
4282,Robert Lynn,xneal@example.org,TV,2020-05-17,Premium,3785.46
4283,Danielle Cook,conleygerald@example.org,IQ,2021-03-15,Basic,1258.81
4284,Sean Moreno,caldwellclaudia@example.com,NO,2024-08-03,Basic,3786.71
4285,Todd Butler,sandersfelicia@example.org,LB,2024-02-15,Standard,4751.85
4286,Sydney Carrillo,edwardthomas@example.net,IL,2020-11-21,Standard,397.1
4287,Amanda Rhodes,bairdaaron@example.com,SM,2025-06-01,Standard,2810.29
4288,Nathan Jones,bradley89@example.net,ID,2024-02-22,Premium,2472.44
4289,Tiffany Spencer,pachecopatricia@example.net,CG,2021-06-23,Standard,3204.35
4290,Danielle Luna,morrisamber@example.net,UZ,2022-12-04,Premium,1418.88
4291,Matthew Hays,paynejoseph@example.org,GM,2025-03-26,Basic,3407.98
4292,Gina Johnson,nealpatricia@example.com,MT,2021-09-11,Premium,3838.59
4293,Gloria May,lpatrick@example.net,AZ,2025-11-19,Basic,3947.55
4294,Paula Key,jenkinsrobert@example.com,NL,2023-10-22,Standard,2884.4
4295,Mark Martin,rebecca76@example.com,CV,2020-02-18,Standard,511.15
4296,Michael Acosta,randymoore@example.com,IQ,2023-01-13,Basic,2552.12
4297,Rachel Baker,carol26@example.org,TT,2023-09-24,Premium,1929.2
4298,Bob Bridges,rwood@example.com,SA,2020-11-21,Premium,3931.92
4299,Olivia Myers,gjefferson@example.net,BY,2024-04-16,Basic,4767.8
4300,Kenneth Reed,turnersara@example.net,GQ,2021-04-07,Basic,2313.54
4301,Brian Nelson,ricedouglas@example.net,MA,2024-07-09,Premium,4081.95
4302,Cheryl Barron,melaniejohnson@example.org,IR,2025-08-04,Basic,1517.32
4303,Kristen Burns,clifford26@example.org,GM,2025-05-11,Premium,102.66
4304,Robin Randolph,tracy58@example.com,CL,2024-01-06,Standard,1439.18
4305,Frank Gordon,larrybrandt@example.net,GN,2023-01-09,Standard,4213.49
4306,Tammy Pittman,wrobertson@example.net,ST,2022-03-19,Standard,4996.29
4307,Christopher Hamilton,nwatson@example.org,EE,2025-07-25,Basic,1142.5
4308,Jennifer Thomas,kgraham@example.org,GY,2022-03-22,Basic,1478.43
4309,Robert Harrison,rebeccamartinez@example.org,VA,2022-06-26,Premium,3722.0
4310,Yvonne Sanford,vconley@example.org,DK,2024-06-08,Basic,442.68
4311,Samantha Richard,millershawn@example.org,GD,2025-06-06,Premium,2036.99
4312,Justin Cox,andersonpaul@example.net,JO,2026-09-25,Premium,4169.44
4313,Jacob Lewis,mcknightmary@example.com,MC,2021-08-08,Basic,2826.75
4314,Patrick Lopez,jillmartinez@example.net,NR,2021-06-24,Standard,4403.57
4315,Tracy Gates,beasleyrobert@example.com,CH,2025-01-10,Premium,3091.18
4316,Mr. Paul Marquez,millermonique@example.com,AD,2021-07-17,Standard,4431.26
4317,Danielle Mcdonald,phillipsparks@example.net,ST,2023-04-22,Standard,3212.33
4318,Rachel Mullins,jacobfitzpatrick@example.com,CV,2022-09-06,Basic,2318.32
4319,Darrell Gilbert,josephward@example.com,QA,2020-10-18,Premium,3345.16
4320,Jesus Cox,brandon18@example.net,LY,2022-09-15,Standard,1773.99
4321,Timothy Fox,ocarney@example.net,MT,2021-02-13,Standard,4799.06
4322,Ronald Dawson,gweaver@example.com,EE,2021-02-19,Standard,177.79
4323,Paul Contreras,srivera@example.net,MD,2024-11-12,Basic,755.26
4324,Danielle Alvarado,sergio70@example.com,TR,2025-04-21,Premium,3083.06
4325,Dana Lawrence,john02@example.com,KR,2024-03-17,Premium,4517.08
4326,Michelle Padilla,svargas@example.com,AE,2022-06-11,Basic,950.33
4327,Kelly Mcguire,alewis@example.net,BR,2025-12-02,Basic,4486.81
4328,Erika Higgins,tiffany92@example.net,BI,2025-03-27,Basic,2495.99
4329,Nicole Thompson,susan01@example.net,IT,2020-09-08,Standard,2736.84
4330,Kenneth Taylor DDS,wware@example.com,TM,2022-10-06,Basic,3291.21
4331,Meghan Hudson,ospencer@example.org,CR,2025-08-29,Basic,251.64
4332,Maria Johnson,davisjonathan@example.net,NE,2020-02-14,Basic,2281.37
4333,Jennifer Flores,tracy95@example.org,ID,2024-01-03,Premium,1829.67
4334,Paige Cunningham,ogriffin@example.net,SV,2025-03-14,Standard,4154.59
4335,Jorge Smith,crystal58@example.net,RO,2025-12-11,Standard,-25.0
4336,Matthew Webb,nancy96@example.com,MG,2025-05-26,Basic,4920.6
4337,Edward Black,dodsonmichael@example.com,CM,2024-03-21,Premium,2367.19
4338,Gary White,michellescott@example.org,LR,2023-07-08,Premium,2278.43
4339,Jake West,njimenez@example.com,WS,2021-05-23,Premium,3741.41
4340,Robert Hammond,nmorris@example.net,BJ,2024-09-20,Standard,3434.72
4341,Leslie Greene,aaron71@example.net,LA,2020-01-20,Basic,1853.32
4342,Amanda Kramer,bentleyvickie@example.net,AZ,2023-10-07,Premium,4099.78
4343,James Clay,fmunoz@example.net,IR,2022-11-20,Basic,1585.57
4344,Stephanie Brady,kwilson@example.com,GT,2022-11-05,Basic,1183.62
4345,Matthew Sanchez,robinsonmichael@example.org,MW,2022-03-17,Standard,4839.75
4346,Laura Espinoza,mark76@example.com,GA,2025-07-31,Premium,1475.71
4347,Wayne Malone,stanleygregory@example.net,GR,2021-12-02,Basic,3564.14
4348,Joel Cruz,ecurry@example.org,KZ,2023-11-30,Premium,134.96
4349,Michael Kramer,dianasantiago@example.org,CD,2022-04-10,Basic,2040.82
4350,Scott Rangel,preston44@example.org,TT,2024-08-16,Standard,2888.6
4351,Fernando Soto,phillip63@example.org,BH,2025-03-15,Standard,935.34
4352,Charles Frost,howardchris@example.com,BG,2023-11-29,Premium,3333.21
4353,Patrick Choi,pittsmary@example.net,CD,2022-09-02,Basic,3393.66
4354,Helen Boyer,morganwatts@example.com,AE,2020-07-17,Basic,2869.19
4355,Danielle Perry,timothyfuller@example.org,UG,2023-10-16,Premium,2982.01
4356,Jenna Murray,cookkenneth@example.net,TV,2021-11-25,Basic,418.74
4357,Brandon White,mlynch@example.org,LR,2024-04-13,Standard,4674.46
4358,Valerie Everett,williamsdavid@example.org,GM,2021-10-02,Premium,4416.92
4359,Christy Anderson,thomasgreen@example.org,DJ,2024-08-27,Basic,3933.04
4360,Joshua Nichols,wardtimothy@example.net,CR,2020-05-20,Premium,4253.57
4361,Kelsey Thompson DDS,bryan95@example.com,GB,2024-06-13,Premium,4960.56
4362,William Diaz,ericschwartz@example.com,CO,2020-07-05,Basic,3420.9
4363,John Johnson,ylee@example.net,CZ,2024-02-22,Basic,1339.31
4364,Sheila Thompson,laurakelly@example.org,ST,2024-08-09,Basic,4427.2
4365,Kathleen Brooks,michaelwhitehead@example.net,NE,2025-02-13,Premium,4695.66
4366,Jennifer Beck,radams@example.net,ML,2021-10-20,Basic,3398.19
4367,Chris Meyer,changsandra@example.org,SY,2021-12-04,Basic,354.13
4368,Amber Payne,vstewart@example.com,MG,2025-09-10,Standard,2219.49
4369,Gina Rodriguez,floresalex@example.org,TJ,2024-07-01,Standard,1442.77
4370,Melanie Fisher,qlara@example.com,SB,2025-06-04,Basic,2639.65
4371,Jill Shepherd,ybennett@example.net,KE,2022-08-11,Standard,1871.21
4372,Timothy Young,vramos@example.net,NE,2022-05-01,Premium,4430.63
4373,John Shannon,ericgrimes@example.net,NR,2025-11-04,Premium,330.13
4374,Brian Buckley,aaron37@example.com,GA,2025-07-08,Standard,2708.81
4375,Danielle Benitez,morrisfranklin@example.net,JP,2023-04-18,Standard,125.28
4376,April Kennedy,ejohnson@example.net,TM,2020-01-20,Premium,1740.06
4377,Debra Herring,ahayes@example.com,AM,2022-07-24,Basic,4057.6
4378,Taylor Carpenter,gonzaleskenneth@example.net,HT,2023-06-07,Basic,1205.58
4379,Lucas Brewer,alexandria48@example.net,UG,2022-05-02,Basic,2176.72
4380,Matthew Cox,sanchezlauren@example.net,SO,2024-02-05,Premium,4593.28
4381,Tyler Sharp,bbrown@example.org,TM,2021-07-08,Premium,905.96
4382,David Woods,joel21@example.org,GN,2021-12-02,Standard,407.94
4383,Jill Reyes,floydsamantha@example.org,SY,2023-01-17,Basic,573.96
4384,Julie Brooks,davidlopez@example.net,BB,2024-07-14,Standard,2216.55
4385,Anthony Lawrence,justin17@example.org,MU,2023-11-01,Premium,3003.4
4386,Andrew Daniel,armstrongjoshua@example.org,JP,2021-12-06,Basic,4681.8
4387,Nancy Harrison,jacobyoung@example.org,NE,2022-06-14,Standard,1311.05
4388,Shawn Lee,not-an-email,SV,2022-01-06,Standard,1267.96
4389,Yolanda Moore,jessicawilson@example.com,AD,2023-04-01,Standard,4179.34
4390,Pamela Nguyen,jgordon@example.org,ME,2023-02-25,Standard,2646.41
4391,Mrs. Teresa Wright,lbryant@example.net,SG,2024-09-19,Premium,4723.38
4392,Sarah Jenkins,fsandoval@example.net,LR,2024-05-06,Basic,3135.88
4393,Rachel Webster,joshua50@example.com,MA,2025-07-30,Premium,3164.21
4394,Tony Kline,parksandre@example.com,VA,2020-11-03,Basic,711.65
4395,Travis Sullivan,shanemoore@example.com,MV,2021-05-21,Premium,4591.9
4396,Eric Miller,ronald11@example.com,PA,2021-06-04,Standard,1635.07
4397,Sara Bernard,zmartin@example.net,KW,2021-11-30,Basic,418.64
4398,Leslie Mathis,glambert@example.net,SC,2023-04-27,Premium,403.81
4399,Michael Hubbard DDS,diazjudith@example.com,VN,2021-10-28,Standard,368.47
4400,Joseph Harrell,arthur70@example.com,BS,2023-10-05,Basic,3168.31
4401,Jennifer Perry,calvinanderson@example.org,LB,2024-10-13,Premium,598.96
4402,Jerry Johnson,timothyblackburn@example.com,GR,2022-04-30,Premium,2840.36
4403,Kristin Moore,tiffany92@example.com,BS,2022-09-12,Standard,4264.65
4404,David Harrell,kbarker@example.org,SM,2021-05-02,Standard,569.57
4405,Jason Green,tiffanycoleman@example.net,CM,2022-03-26,Standard,1242.25
4406,Joseph Coleman,zwilliams@example.com,RO,2022-07-16,Basic,3958.63
4407,Kristy Cole,jessicamolina@example.com,JP,2022-03-24,Basic,151.97
4408,Tony Todd,qolson@example.org,MH,2020-08-08,Standard,2374.62
4409,Christopher Barker,johnsonamber@example.com,LR,2025-11-11,Standard,4411.7
4410,Grant Gordon,kristen20@example.net,AO,2023-03-04,Basic,596.26
4411,Alexis Mitchell,brian74@example.net,HN,2020-12-01,Basic,4694.17
4412,Joseph Wilson,millercynthia@example.net,MU,2020-09-13,Premium,2324.98
4413,Matthew Smith,scott50@example.org,BB,2025-10-24,Standard,2980.29
4414,Juan Johnson,davidwoods@example.com,TO,2025-03-24,Premium,603.18
4415,Matthew Collins,cindy56@example.net,MG,2023-09-26,Basic,3595.17
4416,Marie Hunter,knappjeffrey@example.net,MX,2024-06-07,Basic,3968.14
4417,Edward Taylor,kevinnguyen@example.net,CH,2021-04-07,Premium,4531.41
4418,Nicholas Young,pattonkendra@example.net,TL,2020-08-01,Premium,3223.08
4419,Mark Logan,pmorales@example.net,UZ,2021-02-07,Standard,1841.42
4420,Andrew Kelly,nelsonteresa@example.net,SY,2020-03-18,Standard,3650.65
4421,Nancy Simpson,megangarcia@example.org,LA,2025-03-16,Standard,1011.02
4422,Jeffrey Cunningham,fclark@example.org,UA,2023-06-14,Premium,4005.43
4423,James Sullivan,walkerandrew@example.net,ST,2023-01-02,Premium,725.64
4424,Meghan Dunn,brian64@example.com,IL,2021-10-06,Basic,2235.66
4425,Christian Gonzales,mooremichael@example.com,CD,2025-07-25,Basic,3796.43
4426,Jonathan Foster,kristinraymond@example.net,MH,2020-10-05,Standard,2959.96
4427,Margaret Mcmahon,cramirez@example.net,BH,2025-07-25,Basic,3899.93
4428,Lisa Hayes,pmckee@example.org,BT,2023-10-14,Premium,2400.67
4429,Anna Coleman,gerald14@example.com,PE,2024-07-19,Basic,1780.21
4430,Andrew Baker,woodrussell@example.com,LY,2020-07-10,Standard,4854.33
4431,Mackenzie Greene,srodgers@example.net,MN,2024-02-03,Basic,2973.56
4432,Sara Yates,conleysarah@example.com,TH,2021-07-16,Basic,808.54
4433,Karina Patterson,morrisonlisa@example.org,PA,2020-04-07,Premium,2584.83
4434,Frederick Martin,lisasantiago@example.org,MA,2021-06-24,Basic,4307.64
4435,Michael Collins,megan40@example.org,NZ,2024-10-22,Standard,1784.7
4436,Corey Moore,matthew18@example.org,CV,2024-02-29,Premium,3238.72
4437,Christian Davis,sheila55@example.org,AG,2024-11-25,Premium,3947.79
4438,Timothy Harrell,,MN,2023-06-15,Standard,1027.84
4439,Margaret Dixon,deborah82@example.net,AL,2022-05-30,Standard,3504.43
4440,Christian Lopez,antonio29@example.org,RW,2022-08-18,Standard,3038.84
4441,Richard Hernandez,pmoore@example.org,DE,2023-03-06,Standard,4274.84
4442,Jeremy Le,ncarter@example.com,SD,2025-04-08,Basic,4819.02
4443,Lauren Richard,not-an-email,MA,2024-10-04,Basic,1568.19
4444,Michael Cantrell,joseph93@example.org,FR,2022-09-30,Standard,895.17
4445,Stephen Moore,qortiz@example.net,UY,2022-07-02,Standard,4392.92
4446,Michael Hall,pmerritt@example.net,GE,2025-10-12,Premium,2530.06
4447,Bill Martinez,nancywebb@example.net,AL,2024-07-30,Premium,3229.96
4448,Thomas Spencer,jaimegarcia@example.com,TL,2022-01-18,Basic,1228.34
4449,Kayla Garcia,aramirez@example.org,HU,2025-08-24,Basic,1144.38
4450,Sheila Savage,vincentcopeland@example.net,VE,2022-07-16,Standard,3699.47
4451,Cory Rodriguez,kimberly39@example.com,ST,2023-11-12,Standard,4055.63
4452,David Lamb,bethany10@example.net,MT,2025-06-14,Standard,1106.05
4453,Jason White,sgomez@example.com,AZ,2024-08-24,Premium,4147.81
4454,William Thompson,larrycrane@example.net,DZ,2025-09-13,Premium,1877.8
4455,Thomas Rogers,mistyenglish@example.net,BZ,2023-08-18,Premium,1853.64
4456,Gail Moses,calvinmoreno@example.org,BO,2025-08-27,Basic,664.43
4457,Louis Perkins,fosterjenna@example.net,BI,2021-12-08,Standard,2258.0
4458,Mrs. Heather Camacho MD,xbarnes@example.org,SN,2020-03-22,Basic,2969.86
4459,Pamela Hawkins,danielwilliams@example.org,PW,2021-04-14,Standard,315.13
4460,Michael Chavez,karen90@example.org,VN,2025-11-29,Premium,1075.7
4461,Brittney Gentry,megan62@example.com,BB,2020-01-22,Standard,953.32
4462,Victoria Walls,umitchell@example.net,PE,2022-11-22,Standard,3622.3
4463,Sarah Jensen,hallsteven@example.net,CL,2023-09-28,Standard,4252.92
4464,Brittany Mueller,geraldandrews@example.net,GD,2025-05-03,Premium,974.85
4465,Dawn Rodriguez,andreasampson@example.com,RW,2021-01-17,Premium,962.78
4466,David Miller,xcobb@example.net,IQ,2024-08-15,Standard,4562.18
4467,John Soto,jilladams@example.com,GM,2022-09-22,Premium,4174.08
4468,Dr. Dana Kirby,tiffany50@example.com,LU,2022-05-25,Premium,1956.72
4469,Heather Smith,cadkins@example.net,TT,2023-04-07,Premium,1758.08
4470,Jeremy Thomas,leonkatie@example.net,MA,2020-04-28,Premium,1594.85
4471,Daniel Rodriguez,emily96@example.com,AM,2023-01-01,Premium,1911.24
4472,Jared Davis,vanessasellers@example.com,ER,2020-09-10,Standard,3338.45
4473,Carol Thompson,kbrown@example.org,BO,2020-01-16,Basic,4887.8
4474,Bianca Hughes,jerrygray@example.com,BF,2025-12-08,Basic,4420.15
4475,Cheryl Smith,cmiller@example.org,UY,2025-06-03,Basic,420.35
4476,John Rodgers,cookdaniel@example.net,DZ,2024-10-05,Premium,4425.34
4477,Benjamin Kemp,smithmaria@example.com,NG,2023-06-08,Premium,3995.0
4478,Crystal Howard,xcuevas@example.net,MN,2024-08-17,Premium,2709.52
4479,Cynthia White,allensierra@example.org,MA,2020-07-09,Basic,1933.85
4480,Kelsey Sherman,dgamble@example.com,NI,2021-02-10,Basic,2204.75
4481,Christopher Perkins,michaelgriffin@example.com,JO,2021-12-16,Basic,1298.29
4482,Andrew Ruiz,jrogers@example.org,LC,2020-06-26,Premium,3839.1
4483,Tara Boone,rbenson@example.com,DK,2022-12-22,Basic,1026.6
4484,Joseph Acevedo,moralesjessica@example.org,BZ,2022-05-12,Basic,1541.5
4485,Sean Wilson,scottjennifer@example.org,DJ,2022-11-11,Premium,1705.63
4486,Emily Diaz,tammy73@example.org,GQ,2021-10-03,Premium,3184.35
4487,Thomas Harrison,christopher06@example.com,UG,2025-08-11,Standard,4376.97
4488,Emily Brown,,AF,2021-12-04,Basic,4845.08
4489,Rebecca Fitzpatrick,fandrade@example.com,AT,2025-05-10,Standard,1125.26
4490,Shawn Wilson,shannonpatel@example.org,TL,2022-04-27,Premium,3944.86
4491,Marie Gibson,pinedatami@example.com,TZ,2025-09-17,Basic,3112.94
4492,Jennifer Smith,hudsonelizabeth@example.net,LK,2022-04-14,Premium,2592.21
4493,Carlos Ross,mckinneymorgan@example.net,CZ,2025-06-18,Basic,3780.57
4494,Jason Ramirez,kathryn24@example.net,KN,2025-02-09,Standard,2543.08
4495,Bryan Johns,sstewart@example.net,MY,2025-12-01,Standard,977.09
4496,Theodore Rice,jeremycameron@example.net,NO,2025-08-27,Basic,1932.01
4497,Beth Jones,hendersonwilliam@example.com,BG,2025-05-13,Basic,2468.16
4498,Teresa Lamb,burtonmatthew@example.org,GW,2021-05-06,Standard,2421.41
4499,Jeanne Thomas,qmitchell@example.com,ET,2021-09-03,Invalid,2064.64
4500,Travis Goodwin,beverly50@example.com,AU,2024-07-25,Basic,3283.71
4501,Donna Davis,thomaskidd@example.net,CA,2024-09-03,Premium,1175.68
4502,Donna Coleman,cynthiasherman@example.org,SB,2025-08-02,Premium,2315.19
4503,Amber Webb,rray@example.net,LI,2023-04-05,Premium,2039.91
4504,Brian Owen,traceyhill@example.net,GQ,2022-09-19,Standard,2182.61
4505,Diana Campbell,mary33@example.com,ME,2021-12-08,Standard,2899.71
4506,Dr. Selena Harrison,eblake@example.org,BY,2021-05-03,Standard,1347.19
4507,Heather Huff,mary17@example.com,BE,2023-12-27,Premium,758.22
4508,Justin Wells,barrdarrell@example.com,VU,2021-07-10,Premium,1545.74
4509,Jo Newman,gary05@example.net,KM,2022-05-21,Basic,1822.72
4510,Gregory Dorsey,wayneschmidt@example.com,ZA,2025-08-17,Basic,301.6
4511,Anthony Shah,keithsimmons@example.net,BY,2020-12-01,Basic,3143.52
4512,Derrick Burnett,fthompson@example.net,KH,2020-07-17,Standard,2310.64
4513,Kayla Patel,longlauren@example.org,CM,2025-05-08,Standard,2103.87
4514,Autumn Zuniga,carrie82@example.org,GE,2020-11-24,Standard,1653.4
4515,Gary Tucker,michaelsummers@example.net,GH,2021-06-12,Standard,221.12
4516,Peter Patterson,dthompson@example.net,CI,2023-02-11,Standard,1245.57
4517,Collin Moody,fdelgado@example.org,CV,2025-09-29,Basic,471.85
4518,Crystal Henry,hector14@example.net,CZ,2021-03-17,Premium,1543.14
4519,Andrew Wheeler,xgreen@example.net,SE,2020-01-26,Basic,2612.68
4520,Lisa Thomas,maddenelaine@example.net,CR,2022-09-24,Basic,482.98
4521,Erin Farley,boyerautumn@example.com,FM,2023-12-23,Standard,4640.37
4522,Katherine Franklin,randallpowers@example.org,RW,2025-02-01,Premium,681.08
4523,Jordan Walker,hendersonerin@example.org,CN,2021-04-06,Standard,287.58
4524,Frank Garcia,allenjared@example.org,AT,2023-07-01,Premium,1735.41
4525,Tony Rhodes,mirandasullivan@example.net,IT,2022-11-07,Basic,1713.28
4526,Robin Dawson,jacksondonald@example.net,CN,2025-09-22,Standard,3751.54
4527,Susan Grant,alexandramorris@example.net,PY,2021-02-01,Basic,4242.7
4528,Pamela Johnston,brendabass@example.org,QA,2020-05-09,Premium,3557.65
4529,Heather Humphrey,timothyjackson@example.org,CG,2020-01-27,Premium,4992.18
4530,Kristen Taylor,blackchristina@example.net,GE,2022-07-18,Basic,3725.12
4531,Marcus Jones,tkirby@example.com,LC,2022-09-05,Standard,141.82
4532,Patricia Sanchez,gonzalezdana@example.net,OM,2023-08-04,Standard,1481.04
4533,Kimberly Davis,seanlambert@example.net,IQ,2025-04-29,Standard,3937.33
4534,Jacob Parker,achase@example.org,LI,2022-05-16,Standard,4734.49
4535,Erica Harding,melissastark@example.net,RS,2025-06-25,Basic,3813.25
4536,Jorge Contreras,annettereese@example.net,LI,2020-08-09,Premium,2412.82
4537,Monica Nichols,jolson@example.org,LV,2020-05-06,Basic,4947.45
4538,Colleen Jones,ronald41@example.com,GW,2023-02-03,Premium,4340.78
4539,Raymond James,fbecker@example.org,KH,2021-04-19,Premium,1211.94
4540,Christy Whitehead,garciakristina@example.org,VC,2025-05-04,Basic,1128.39
4541,Brian Mccarty,matthew30@example.net,HN,2022-08-01,Premium,2627.54
4542,Sarah Scott,halltrevor@example.org,PT,2022-12-09,Basic,3812.34
4543,Karla Welch,anthonydavis@example.net,TT,2020-01-19,Basic,4090.55
4544,Adrian Mercer,zachary07@example.org,BY,2020-10-27,Standard,3980.38
4545,Joan Schwartz,kennethhansen@example.com,HN,2022-05-07,Standard,4244.43
4546,Tammy Brown,ilandry@example.net,HR,2020-11-19,Standard,3873.64
4547,Steven Cruz,hweber@example.org,AR,2023-08-20,Basic,2146.67
4548,Dr. Nicole Johnson,thomas90@example.org,KW,2024-11-19,Standard,2304.86
4549,Alexandra Good,carrollkaren@example.com,SR,2024-03-03,Basic,247.51
4550,Nicole Ramirez,tmurphy@example.com,CH,2025-02-26,Premium,2929.79
4551,Angela Daniel,kelly20@example.com,IL,2024-03-07,Premium,1597.3
4552,Heidi Miller,sandra56@example.com,IT,2020-05-01,Basic,147.44
4553,Amber Daniel,mlindsey@example.net,UG,2020-01-22,Basic,4188.06
4554,William Jones,michelle14@example.org,MG,2024-01-28,Standard,1204.9
4555,Jasmine Mendoza,cameronkrista@example.com,NR,2024-06-04,Standard,3460.24
4556,Abigail Williams,prestonbenjamin@example.com,LC,2022-02-26,Standard,3837.92
4557,Darlene Murray,kennethfaulkner@example.com,MG,2022-06-22,Basic,2734.26
4558,Douglas Woodard,michelefoster@example.org,KW,2021-01-08,Standard,2976.08
4559,Vincent Moreno,vmorrison@example.org,BT,2022-08-29,Basic,3948.25
4560,Michael Rodriguez,rgomez@example.net,MR,2025-12-04,Premium,853.09
4561,Isabel Rivera,parkerdaniel@example.org,OM,2020-05-11,Standard,2884.14
4562,Andrea Crawford,chengabriela@example.com,RO,2025-03-16,Basic,4577.39
4563,Mary Humphrey,garretthannah@example.org,DJ,2025-02-20,Basic,4348.03
4564,Jimmy Ruiz,michaelrichmond@example.org,NG,2024-03-14,Standard,1100.6
4565,Diana Wheeler,michael89@example.org,ID,2023-01-22,Standard,412.18
4566,Matthew Perez,delacruzmelissa@example.org,PA,2024-02-05,Standard,1022.86
4567,Patrick Becker,mmahoney@example.net,DJ,2023-10-18,Premium,1711.32
4568,Mitchell Werner,robbinsjoseph@example.com,SM,2024-09-07,Standard,3231.12
4569,Elizabeth Small,patrick84@example.com,GW,2025-06-15,Standard,556.88
4570,Brittney Goodman,pcastro@example.com,GB,2025-04-16,Premium,3406.94
4571,Mark Trujillo,klang@example.com,GA,2021-06-18,Premium,257.09
4572,David Gates,daniel18@example.com,CM,2022-09-19,Basic,3056.48
4573,Laura Parker,broman@example.com,MD,2022-07-16,Premium,1014.79
4574,Melissa Miller,guzmanpatricia@example.org,MU,2025-09-13,Premium,4565.59
4575,Kenneth Wong,danielgraham@example.net,SB,2025-01-11,Standard,1490.71
4576,Kiara Kelly,hflores@example.org,YE,2025-01-26,Premium,1526.42
4577,Morgan Lewis,qwashington@example.com,IT,2022-04-01,Basic,442.9
4578,John Summers,nelsonmichael@example.com,PT,2024-09-16,Premium,1906.4
4579,Wayne Ferrell,terrymichael@example.com,IE,2025-08-31,Premium,941.95
4580,Ronald Oliver,stephen52@example.com,MW,2023-09-15,Standard,2016.42
4581,David Knox,michael57@example.com,GB,2025-12-16,Premium,732.77
4582,Ronald Vaughn,aaronconway@example.com,AR,2024-01-14,Standard,2443.43
4583,Tiffany Deleon,umartin@example.com,CO,2025-12-30,Premium,2006.07
4584,Patricia Wells,emily87@example.org,VC,2023-03-02,Premium,736.67
4585,Sarah Boyer PhD,bmontoya@example.org,NE,2023-05-01,Premium,1617.81
4586,Kimberly French,kimberlygraham@example.com,IN,2025-07-19,Basic,3357.48
4587,Patricia Rivers,james50@example.org,RO,2023-03-31,Premium,3058.18
4588,Brian Kelly,xsimpson@example.com,KZ,2023-08-14,Standard,2978.71
4589,John Fisher,anne19@example.org,MW,2023-02-25,Basic,3612.18
4590,Lauren Smith,vlang@example.net,EE,2021-02-26,Standard,1449.66
4591,Larry Bailey,emoreno@example.net,SE,2022-01-24,Premium,4956.32
4592,Michael Smith,gonzalezkaren@example.net,KP,2020-11-06,Standard,413.45
4593,Brenda Arroyo,levans@example.com,TO,2024-12-12,Standard,3063.76
4594,Richard Hanson,arnoldchristopher@example.com,GQ,2025-02-28,Premium,-25.0
4595,Leslie Wilson,ashleyturner@example.com,BB,2023-06-18,Basic,4408.27
4596,Kimberly Tran DVM,bakerrobin@example.net,MG,2021-06-25,Standard,2367.21
4597,Charles Pacheco,annabullock@example.org,MN,2020-07-29,Premium,3712.72
4598,Jeffrey Reynolds,eric94@example.org,TH,2023-08-13,Standard,3266.87
4599,Heather Hensley,olivia88@example.com,MV,2024-01-20,Standard,1799.23
4600,Daisy Burton,brian30@example.net,EE,2021-06-14,Basic,3982.5
4601,Chad Mcguire,ejohnston@example.com,DJ,2025-03-30,Standard,3103.83
4602,Erin Gonzalez,mramos@example.org,IT,2022-02-22,Premium,2133.76
4603,Elizabeth Schroeder,hannahthomas@example.net,VC,2025-03-03,Premium,4509.83
4604,Leah Allen,michelle12@example.net,NZ,2022-10-07,Basic,2217.18
4605,Karen Jimenez,fcalhoun@example.org,KE,2022-08-27,Standard,4563.08
4606,Shane Mueller,ycline@example.com,KW,2020-02-09,Premium,3522.76
4607,Ariel Stewart,charlespalmer@example.org,AM,2021-02-04,Premium,2028.4
4608,Michael Smith,knightdennis@example.com,HU,2021-09-17,Premium,1274.51
4609,Anthony Frost,hdiaz@example.org,JP,2024-09-19,Premium,1441.5
4610,Hunter Johnson,mitchellorr@example.net,BR,2023-09-21,Basic,2734.91
4611,Frank Turner,oramos@example.org,GN,2020-03-07,Basic,4589.85
4612,Misty Baldwin,mhill@example.org,PG,2022-11-11,Basic,3660.03
4613,Rebecca Duarte,lopezdale@example.net,PA,2022-02-26,Premium,4552.81
4614,Roy Castillo,millernicole@example.org,BZ,2021-04-11,Standard,4962.71
4615,Krystal Gutierrez,wilcoxtiffany@example.net,DJ,2023-12-18,Basic,694.03
4616,Nicholas Mosley,mcgrathrobert@example.org,SL,2025-07-07,Standard,475.01
4617,Michael Simmons,pbrown@example.com,BS,2022-04-15,Premium,2571.53
4618,Glenn Bowen,maria11@example.net,LC,2025-11-08,Standard,2109.47
4619,Amanda Turner MD,julie11@example.net,LR,2025-02-12,Premium,1338.56
4620,Tonya Hess,jbrown@example.com,NA,2023-09-01,Basic,318.71
4621,Stephen Huffman,mbarajas@example.com,NI,2023-08-08,Premium,458.66
4622,Thomas Kirby,nicholas57@example.com,AG,2020-04-18,Basic,3410.55
4623,Eric Hancock,hughesnancy@example.net,AE,2025-01-08,Standard,1967.66
4624,Brian Daniel,qmorgan@example.org,SZ,2024-02-25,Basic,2056.77
4625,Mr. Ricky Evans MD,reyesmiguel@example.net,AO,2023-02-09,Premium,2043.7
4626,Megan Roy,renee08@example.org,MZ,2025-09-06,Premium,1327.97
4627,Sarah Nguyen,bakerjessica@example.org,KG,2022-12-13,Basic,4593.97
4628,Chad Dudley,katie67@example.net,AM,2025-06-08,Standard,3384.45
4629,Gregory Williams,lori37@example.net,SG,2023-03-07,Standard,2475.32
4630,Sonia Jenkins,natalie70@example.com,CV,2023-12-12,Premium,504.49
4631,Justin Wagner,edward07@example.com,KM,2021-07-12,Basic,1287.24
4632,Adam Patterson,wintersjeffrey@example.com,TR,2023-03-26,Standard,787.25
4633,Courtney Goodman,vmyers@example.org,KZ,2022-11-01,Standard,4223.66
4634,Sean Logan,benjamin76@example.org,BR,2020-04-13,Premium,4208.63
4635,Hannah Nixon,smithshane@example.com,TG,2024-02-15,Basic,592.52
4636,Valerie Cox,ogarcia@example.com,RO,2021-07-02,Standard,708.34
4637,Jeffrey Anderson,munozerik@example.org,TG,2022-11-22,Basic,2015.16
4638,Sean Green,sampsonbrittany@example.org,CG,2024-07-22,Premium,3389.82
4639,Christopher Cox,mnichols@example.com,PL,2022-03-04,Premium,3419.18
4640,Michael Woodard,jacksonkaylee@example.com,UA,2025-06-20,Premium,2259.22
4641,Dustin Marshall,igarza@example.net,AT,2023-07-03,Premium,1161.69
4642,Carmen Campos,brucerobinson@example.org,CH,2020-07-17,Premium,4474.17
4643,Amanda Howard,connermelissa@example.net,DO,2020-02-01,Basic,1159.22
4644,Jennifer Allen,pereznathan@example.com,VN,2024-04-21,Invalid,334.0
4645,Ashley Martinez,wnolan@example.org,NZ,2022-02-09,Basic,4076.41
4646,Kenneth Liu,amber63@example.com,BF,2024-03-25,Basic,3346.45
4647,William Bennett,jlopez@example.org,VN,2020-10-17,Basic,4495.35
4648,Donald Williams,hughesjoseph@example.net,OM,2020-11-20,Standard,3482.7
4649,Sabrina Short,ipruitt@example.org,ZW,2023-05-10,Standard,356.83
4650,Nicole Hendrix,kimmarcus@example.com,SG,2025-05-01,Premium,338.46
4651,Tonya York,stephanieavila@example.com,NR,2021-09-21,Standard,3858.86
4652,Emily Santos,ismith@example.net,MC,2020-05-15,Premium,1935.76
4653,Stacy Reyes,thomashanson@example.org,JM,2025-02-11,Premium,1079.93
4654,Vanessa Reid,julie30@example.com,PW,2021-09-11,Premium,2166.25
4655,Joseph Johnson PhD,hbaker@example.org,AF,2020-02-02,Premium,1751.87
4656,Erica Mccoy,princedavid@example.net,ST,2024-02-11,Premium,3431.8
4657,John Evans,rebeccaromero@example.org,SR,2025-07-25,Premium,1180.78
4658,Mr. Christopher Martin,kristen72@example.com,KW,2021-09-11,Premium,4004.93
4659,Michael Hayden,charles50@example.org,ET,2021-05-05,Basic,922.63
4660,Bobby Owen,xchambers@example.com,AL,2021-12-22,Premium,315.66
4661,William Dean,wileycynthia@example.org,SG,2024-04-25,Basic,627.65
4662,Samantha Garcia,faulknersharon@example.org,SA,2020-02-23,Standard,1681.13
4663,Vanessa Moss,carlos69@example.net,GH,2021-07-19,Basic,1028.78
4664,Kaitlyn Graves,kristenreyes@example.net,TV,2021-04-18,Premium,4678.2
4665,John Carr,bradleyedward@example.com,EE,2021-08-04,Standard,4700.72
4666,Jaime Williams,zgonzalez@example.org,OM,2025-02-07,Premium,1238.8
4667,Robert Martinez,tharris@example.net,BT,2020-06-26,Premium,1847.22
4668,William Jones,patriciaprice@example.com,ET,2020-10-26,Premium,173.47
4669,Jeffrey Gregory,christophertorres@example.net,KW,2022-08-01,Basic,1649.58
4670,Rebecca Watson,harnold@example.com,AU,2024-02-27,Standard,1142.56
4671,Wendy Hendricks,yhaynes@example.net,CD,2024-07-10,Premium,423.48
4672,Lauren Rich,johnnunez@example.org,CN,2023-03-16,Standard,3284.73
4673,Robert Clark,heatherwarren@example.org,CA,2021-03-10,Standard,315.3
4674,Randy Nguyen,tylergreen@example.org,KR,2023-12-20,Premium,2114.37
4675,Sydney Hickman,drobertson@example.org,SB,2021-06-21,Basic,2547.92
4676,Oscar Marshall,mgross@example.com,NP,2023-11-30,Premium,3591.4
4677,A,dlee@example.net,SL,2021-03-19,Basic,940.15
4678,Colton Dickerson,mjohnson@example.net,SR,2025-11-08,Premium,3039.35
4679,Anthony Mcdaniel,cory62@example.org,AD,2021-01-06,Basic,3511.95
4680,Sherri Douglas,zfranco@example.com,SM,2023-05-19,Basic,4630.31
4681,Kathy Santos,kstephens@example.com,AG,2025-08-09,Basic,751.36
4682,Stephanie Castaneda,hutchinsonerik@example.net,BE,2020-01-31,Premium,3213.23
4683,Jaclyn Stephens,nicholas80@example.com,ST,2021-11-13,Basic,1658.04
4684,Linda Moore,craig99@example.com,UY,2024-08-27,Basic,2462.44
4685,Andrew Brown,josephhardy@example.net,ST,2022-08-28,Standard,186.48
4686,Nicholas Scott,cpierce@example.com,SN,2025-06-25,Basic,2299.67
4687,Steven Flores,dhardin@example.net,ZW,2021-06-24,Basic,3238.9
4688,Brett Jones,hendersonroberto@example.net,NI,2020-10-23,Premium,2566.76
4689,Mark Henson,treid@example.org,DZ,2021-10-14,Basic,4943.07
4690,Mr. Ryan Lewis MD,janice37@example.org,CN,2020-02-23,Premium,203.95
4691,Kelly Crawford,victoria15@example.com,RU,2022-07-05,Premium,1613.36
4692,Cynthia Gross,jennifercampbell@example.org,CL,2023-03-30,Basic,2199.64
4693,Jasmine Taylor,rwheeler@example.net,ID,2025-01-16,Premium,3136.85
4694,Kathleen Stephens,zperez@example.org,MH,2021-06-23,Premium,774.02
4695,Jennifer Taylor,mallory78@example.com,VC,2023-11-23,Standard,1553.41
4696,Adam Wilson,acole@example.com,CU,2025-06-28,Premium,1941.16
4697,Karla Bates,icooper@example.com,LV,2020-09-13,Basic,285.74
4698,Dennis Hart,lmorales@example.net,EE,2023-12-25,Basic,3030.57
4699,Joel Taylor,rkennedy@example.org,NR,2023-06-08,Standard,3722.35
4700,William Green,zacharygonzales@example.org,TH,2023-12-30,Standard,757.91
4701,Colleen Young,lindaflowers@example.net,GB,2022-06-11,Standard,3253.65
4702,Christopher Lucas,rodney86@example.org,TM,2023-08-20,Premium,2652.28
4703,Brandon Perez,rwatson@example.net,TG,2022-06-22,Standard,3275.43
4704,Christina Pearson,mccarthymarissa@example.net,DK,2020-04-23,Standard,3777.7
4705,Mr. Aaron Ross,blairedgar@example.com,NG,2022-06-18,Premium,4249.98
4706,Mallory Johnson,mjones@example.org,TN,2025-03-03,Standard,1779.37
4707,Anthony Rodriguez,qkelly@example.net,LI,2025-06-10,Premium,2742.63
4708,Taylor Wright,davisnicole@example.com,MZ,2021-11-07,Basic,4943.04
4709,Katherine Evans,lindasmith@example.net,KW,2020-10-12,Basic,3511.76
4710,Gina Leonard,mparks@example.org,SB,2021-01-31,Premium,3079.51
4711,Brian Braun,lori69@example.org,BD,2024-08-22,Standard,2655.21
4712,Joseph Contreras,linlisa@example.org,GH,2024-06-30,Premium,2267.57
4713,Mark Howard,russellgregory@example.com,NL,2024-01-05,Premium,416.62
4714,Eric Johnston,kathryn65@example.org,NR,2025-06-12,Standard,442.93
4715,Amy Flores,justinoneal@example.net,IN,2024-01-16,Premium,355.32
4716,Alexis Romero DDS,james88@example.net,SB,2020-06-23,Premium,4697.55
4717,Stephanie Snyder,anne20@example.com,RS,2022-01-22,Premium,549.62
4718,Frank Rivers,kathrynwilliams@example.org,MZ,2020-06-01,Basic,2789.35
4719,David Kent,courtneydavies@example.net,SA,2025-07-16,Premium,1257.92
4720,Mason Mitchell,kimberlyhester@example.net,ME,2022-09-30,Premium,2188.58
4721,Kelly Fry,usteele@example.com,KN,2021-11-08,Standard,1626.17
4722,Stephanie Hahn MD,nball@example.com,CZ,2020-04-27,Basic,1067.93
4723,Renee Clark,curtis06@example.com,YE,2024-09-20,Standard,964.53
4724,Angela Johnson,shansen@example.org,VE,2025-05-21,Premium,1585.19
4725,Danielle Gray,david28@example.org,NO,2023-01-17,Basic,2296.53
4726,Larry Montes,poncemichelle@example.org,JM,2022-02-17,Basic,1086.86
4727,Gordon Cox,wardmelinda@example.net,CH,2023-02-03,Standard,492.08
4728,William Mcclain,susan23@example.com,GA,2021-07-25,Standard,2051.4
4729,Mitchell Mcdonald,palmerandrew@example.net,GM,2025-07-06,Premium,2406.5
4730,Leslie Bishop,john78@example.net,TD,2020-06-04,Standard,2575.93
4731,Lisa Newton,wendychandler@example.org,DE,2025-06-30,Basic,2223.81
4732,Brian Jones,jparker@example.org,KM,2023-02-19,Premium,4116.06
4733,Dennis Simpson,katrinareid@example.com,BF,2023-01-24,Standard,197.07
4734,Alfred Johnson,stacey06@example.org,MV,2022-12-04,Standard,2194.25
4735,Jared Huynh,davidcook@example.org,AD,2024-01-05,Premium,3818.41
4736,Joseph Scott MD,ypalmer@example.net,BA,2025-09-29,Standard,3016.4
4737,Kelly Simpson,frank39@example.net,VU,2021-06-13,Premium,2808.98
4738,Jasmine Trujillo,michael41@example.net,TZ,2022-08-10,Premium,1360.73
4739,Jonathon Cox,alisonross@example.org,CH,2023-04-09,Standard,1598.65
4740,Robert Bell,carrie95@example.org,RO,2023-08-17,Standard,1938.22
4741,Robert Guerra,xrosario@example.net,LS,2025-07-27,Basic,2456.14
4742,Daniel Cherry,xandrews@example.org,BN,2024-05-28,Standard,769.62
4743,Edwin Simpson,nhobbs@example.com,AE,2024-10-03,Standard,1059.01
4744,Isaac Williams,langlaurie@example.org,DO,2020-07-26,Premium,120.48
4745,Matthew Wise,pamela87@example.org,AF,2022-12-28,Basic,3678.81
4746,Terri Perez,baxterkristen@example.org,BY,2022-02-08,Standard,2508.12
4747,Steven Eaton,nandersen@example.org,ZA,2023-09-07,Standard,4707.4
4748,Susan Sutton,ymitchell@example.com,ER,2023-05-03,Basic,1928.41
4749,Megan Alvarez,christopherburgess@example.com,DK,2021-01-27,Standard,1608.27
4750,Christine Vasquez,wallacesean@example.org,ES,2024-01-04,Basic,449.05
4751,Elizabeth Valdez,lisa19@example.net,TM,2020-07-31,Premium,4963.12
4752,Wayne Andrews,qthompson@example.net,FR,2022-04-02,Premium,1985.65
4753,Kenneth Randolph,katiegriffin@example.net,BO,2023-04-26,Basic,895.58
4754,Thomas Wade,arice@example.net,PA,2025-01-22,Standard,4789.77
4755,Stephanie Moore,lucasdavid@example.org,FI,2020-05-08,Basic,1808.04
4756,Jodi Osborn,gkelly@example.com,IT,2020-07-15,Basic,2494.25
4757,Jeffrey Buck,ushaffer@example.com,LA,2024-12-20,Basic,1904.08
4758,Brandon Cook,jimmy01@example.org,ER,2022-04-04,Premium,3289.44
4759,Jesse Benson,pwood@example.com,ML,2022-05-09,Standard,3704.75
4760,Molly Matthews,tcastillo@example.org,BH,2024-06-22,Premium,2440.86
4761,Frederick Smith,johnbrown@example.com,NP,2022-01-09,Standard,3191.67
4762,Eric Washington,shieldsmary@example.com,LT,2024-07-24,Basic,238.45
4763,Julie Huff,morriskimberly@example.com,DM,2021-04-27,Basic,3262.13
4764,John Rice,mhernandez@example.org,TR,2023-04-05,Standard,3066.63
4765,Guy Brown,garrisonbrent@example.com,CM,2024-10-25,Basic,822.1
4766,Jeffrey Berg,riverabrian@example.org,CL,2022-05-20,Premium,3050.53
4767,Margaret Becker,rlynch@example.org,CA,2022-10-05,Basic,4223.43
4768,Jennifer Johnson,jnunez@example.com,IR,2023-07-26,Premium,671.98
4769,Sharon Hernandez,andrewcaldwell@example.com,SR,2023-09-11,Premium,3257.55
4770,Jodi Hart,jonathanrobinson@example.com,VU,2023-02-06,Standard,2048.57
4771,Jenna Parks,sergioking@example.net,ER,2022-06-02,Basic,4873.31
4772,Shane Landry,ubrown@example.com,RU,2025-08-18,Premium,2640.83
4773,Heather Wilson,melissapham@example.org,MV,2024-11-19,Premium,4392.43
4774,Matthew Jones,patrick81@example.com,AM,2022-09-18,Premium,4165.77
4775,Catherine Carter,mparker@example.net,CL,2023-03-19,Standard,3490.0
4776,Jason Nguyen,elizabeth23@example.net,CD,2023-11-04,Basic,4841.65
4777,Margaret Harrison,hogandavid@example.net,VA,2022-03-29,Basic,4444.59
4778,Nicholas Fletcher,zroman@example.org,AR,2020-05-17,Basic,1609.1
4779,Anthony Reynolds,juan40@example.com,KZ,2021-08-27,Standard,3787.07
4780,Brett Hodges,rebecca78@example.net,BW,2024-10-30,Basic,4360.15
4781,Vanessa Dean,ryanwilkinson@example.net,BF,2025-12-30,Premium,3217.28
4782,Wendy Bernard,davidsonmargaret@example.net,BN,2020-02-16,Standard,4089.72
4783,Elizabeth Miller,ypitts@example.org,CA,2025-05-09,Standard,3768.78
4784,Christian Lynch,taraortiz@example.com,BE,2022-11-10,Basic,2050.05
4785,Patrick Manning,angela40@example.com,VU,2023-05-05,Standard,131.46
4786,Mr. William Morris,athompson@example.org,HT,2023-11-19,Premium,4100.31
4787,Austin Hartman,wdavis@example.net,TH,2020-05-08,Premium,574.67
4788,Christian Collins,cynthia76@example.com,KH,2023-08-27,Basic,2147.41
4789,Leslie Cameron,howardcox@example.net,TO,2025-10-03,Standard,3307.15
4790,Scott Pacheco,jasonrandolph@example.org,CY,2020-03-24,Basic,2211.65
4791,Melissa Wells,barbara26@example.net,EC,2022-08-28,Premium,1935.79
4792,Heather Wood,heatherscott@example.org,BW,2021-05-29,Basic,758.23
4793,Autumn Edwards,thomas94@example.org,GQ,2021-06-12,Standard,991.72
4794,Ashley Dean,toni32@example.org,PW,2025-10-16,Premium,2308.24
4795,Cindy Simpson,fordphyllis@example.com,CZ,2022-03-03,Premium,1009.63
4796,Bridget Young,codyharris@example.com,SZ,2024-02-02,Premium,3774.59
4797,Jessica Hahn,andreahenry@example.org,MR,2022-11-23,Premium,1370.82
4798,David Vazquez,jennifer04@example.net,DO,2020-02-11,Standard,2259.58
4799,John Shelton,aprillopez@example.net,LY,2023-09-05,Basic,635.06
4800,Laura Dillon,bjohnson@example.org,ZM,2023-02-16,Basic,914.02
4801,Tiffany Ramsey,dsmith@example.com,MH,2023-11-02,Standard,519.96
4802,Brandy Thomas,sharonbeck@example.com,PK,2023-03-25,Premium,1456.13
4803,Bradley Gonzalez,cynthiacole@example.org,GM,2022-03-28,Standard,245.37
4804,Sandra Baxter,vwoods@example.com,MC,2025-01-04,Premium,2441.7
4805,Jennifer Fitzgerald,youngscott@example.net,TZ,2023-04-08,Basic,3826.61
4806,Andre Lamb,john28@example.net,SY,2023-03-22,Premium,399.18
4807,Christopher Hernandez,traceymelton@example.com,LS,2024-06-06,Premium,3360.08
4808,Sarah Malone,yconner@example.com,JO,2022-09-19,Premium,574.53
4809,Garrett Reyes,ericweaver@example.net,GA,2021-12-28,Basic,3979.75
4810,Sandra Rhodes,briannamcdaniel@example.com,CM,2024-09-15,Standard,3054.63
4811,Benjamin Byrd,uwilliams@example.com,TN,2021-04-04,Standard,4667.43
4812,Lisa Baker,johnsonpatrick@example.net,FR,2026-09-25,Standard,3808.87
4813,Charles James,ssmith@example.org,RU,2023-02-10,Basic,2204.32
4814,Rebecca Rodriguez,sanchezdebra@example.net,AL,2023-01-15,Standard,3441.11
4815,Marisa Santos,udurham@example.net,AU,2022-02-28,Standard,4997.28
4816,Eric Taylor,gary88@example.net,TV,2024-02-13,Premium,4710.86
4817,Megan Harding,hfarmer@example.org,BW,2024-01-19,Basic,2052.51
4818,Brett Larson,robinharris@example.com,AR,2025-04-21,Basic,380.48
4819,Kayla Romero,tina84@example.com,IR,2021-06-19,Standard,4378.08
4820,Brandy Rodriguez,glenntrevino@example.net,KN,2021-04-03,Premium,115.11
4821,Jason Shields DDS,kimberlyjones@example.net,BO,2022-12-19,Basic,2068.86
4822,Rebecca Hall,holly09@example.com,TN,2024-02-07,Premium,225.83
4823,Raymond Hunt,gregory81@example.net,PS,2025-10-23,Premium,4358.13
4824,Joseph Burgess,steven91@example.net,MD,2025-10-06,Standard,4760.2
4825,Christopher Hughes,aparker@example.org,BG,2025-05-05,Premium,1905.31
4826,Casey Burns,westkaren@example.com,EE,2020-10-14,Basic,3462.31
4827,Kathleen Edwards,salasamanda@example.net,DM,2024-03-20,Standard,2623.08
4828,Scott Wilson,david72@example.com,BT,2020-02-22,Basic,1020.88
4829,Alexandra Cooper,villaandrew@example.org,PK,2023-04-27,Basic,4791.98
4830,Norma Brown,kdillon@example.org,FI,2023-08-11,Standard,181.49
4831,Daniel Cole,thompsonmelissa@example.net,TJ,2023-04-05,Standard,4379.83
4832,Kyle Smith,paul61@example.net,GW,2025-04-28,Basic,1695.07
4833,John Thomas,omoore@example.net,JM,2024-11-22,Standard,1244.44
4834,Laura Arnold,nfitzgerald@example.net,LA,2022-03-09,Standard,2060.81
4835,David Clark,rodriguezrichard@example.org,NL,2025-04-28,Basic,3990.41
4836,Amanda Cameron,nicholas17@example.org,AZ,2020-10-16,Standard,2196.79
4837,Benjamin Daniel,craig32@example.org,UA,2025-04-08,Standard,4935.67
4838,Sean Villa,kellysmith@example.com,BW,2022-05-17,Basic,4535.49
4839,Keith Frazier,progers@example.net,BE,2023-10-29,Basic,1985.81
4840,Matthew Holmes,timothy33@example.net,BZ,2021-05-02,Basic,1055.88
4841,Alicia Smith,curtis26@example.com,ML,2023-07-12,Premium,4362.31
4842,Jessica Allen,adamsmichael@example.org,GR,2020-04-05,Basic,3945.82
4843,Sue Wood,william46@example.net,JO,2023-06-19,Basic,2572.72
4844,Jonathan Farmer,taylorgary@example.org,MT,2023-11-09,Premium,2539.83
4845,Joseph Velazquez,sullivanalfred@example.net,CG,2025-11-11,Premium,1576.61
4846,Amanda Costa,ellisonjulia@example.org,MW,2025-02-08,Basic,4981.89
4847,Mark Lang,richard62@example.net,CY,2024-11-20,Standard,923.46
4848,Lori Campbell,jessicacraig@example.com,NO,2024-01-15,Standard,4779.75
4849,Mallory Decker,kmueller@example.org,CV,2023-03-24,Standard,3346.95
4850,Wayne Peters,bmiller@example.org,MV,2025-04-30,Premium,1292.44
4851,Duane Bennett,christopher42@example.net,KN,2024-09-11,Premium,3790.94
4852,Michael Perkins,vpace@example.org,BI,2025-02-28,Basic,3529.55
4853,Jacob Smith,williamscourtney@example.org,NP,2025-03-07,Premium,2230.98
4854,John Dickson,qpruitt@example.org,PE,2024-04-24,Basic,243.19
4855,Christina Soto,finleychelsey@example.net,SK,2024-02-16,Standard,4522.98
4856,Anthony Boyd,jenna47@example.org,CZ,2025-08-22,Standard,1179.84
4857,Jeffrey Rodriguez,muelleralexander@example.org,ML,2025-01-05,Standard,3363.07
4858,Thomas Guerrero,lopezjulia@example.com,NL,2021-01-07,Basic,703.18
4859,Alfred Johnston,sara75@example.com,GD,2021-02-12,Premium,4621.41
4860,William Cole,bellandrea@example.net,DM,2020-03-10,Basic,3654.53
4861,Louis Lewis,gmontgomery@example.org,PS,2023-04-28,Premium,3998.15
4862,Tiffany Martin,wpearson@example.com,CD,2025-07-02,Standard,4372.51
4863,Ryan Reyes,aramirez@example.com,MT,2020-10-26,Basic,3855.05
4864,Heather Jackson,peterssandra@example.org,CH,2021-07-23,Basic,416.87
4865,Yvonne Bender,lauraclayton@example.net,TT,2024-01-30,Standard,1947.35
4866,Stephen Gilmore,xavierwilson@example.org,SK,2023-05-22,Basic,3740.54
4867,Ronnie King,marcuscook@example.org,HU,2022-01-24,Basic,1970.09
4868,Sheila Weaver,krogers@example.org,SO,2021-02-10,Basic,3946.9
4869,Ryan Conner,maxwelljacob@example.org,UY,2024-07-28,Standard,4061.39
4870,Sarah Morgan,arellanotracy@example.org,ES,2024-08-17,Premium,1369.56
4871,Anthony Hoffman,andrew67@example.com,MZ,2024-01-09,Standard,529.63
4872,Shelby Perkins,navarromark@example.com,BZ,2023-07-22,Premium,1767.17
4873,Hector Washington,michael40@example.com,UA,2023-06-21,Basic,4692.33
4874,Stacy Wright DDS,jruiz@example.net,KP,2025-08-29,Basic,4715.84
4875,Tammy Stewart,robert69@example.com,US,2021-06-22,Basic,1901.91
4876,Kristine White,tperez@example.com,GM,2025-06-27,Standard,4774.94
4877,Darryl Avila,ericawalters@example.org,TO,2021-01-01,Basic,3710.9
4878,Jason Hubbard,bradshawjoseph@example.net,HT,2023-12-31,Standard,403.24
4879,Jerry Holmes,edwardray@example.net,PA,2021-11-06,Basic,1030.3
4880,Angelica Schultz,wjohnson@example.net,YE,2022-04-22,Standard,4901.26
4881,Ricky Moore,jacob36@example.net,GY,2020-07-09,Standard,3879.28
4882,Cindy Wright,jonestara@example.net,IN,2022-08-25,Basic,4676.23
4883,Gregory Craig,ballardkara@example.org,NG,2021-02-26,Premium,2646.78
4884,Zachary Murray,anthonyharris@example.com,SO,2020-09-29,Basic,2994.8
4885,Crystal Cooper,ramireztamara@example.com,NI,2022-11-20,Premium,2037.03
4886,Timothy Lee,osbornewilliam@example.com,UA,2025-03-22,Basic,4276.57
4887,John Barber,gardnerdeborah@example.net,IQ,2021-01-20,Standard,809.03
4888,Caleb Payne,thomas16@example.com,NR,2021-05-04,Standard,4202.36
4889,Amber Byrd,penny89@example.org,GB,2020-01-22,Standard,3431.91
4890,Duane Morales,angelacasey@example.com,BI,2025-09-12,Premium,3047.18
4891,James Pennington,zrobinson@example.com,FR,2022-10-20,Premium,3760.59
4892,Melissa Black,shannonanderson@example.org,TZ,2020-06-20,Basic,268.28
4893,Whitney Torres,santosaaron@example.net,SL,2024-06-05,Standard,1613.57
4894,Keith Pena,amitchell@example.com,TT,2024-09-20,Basic,704.97
4895,Justin Dickson,harrisjesus@example.net,PY,2021-02-09,Basic,2912.46
4896,Candace Freeman,grantmichael@example.org,KM,2023-11-22,Basic,4160.57
4897,Jonathan Wright,christophersanders@example.org,NE,2023-06-23,Standard,1528.33
4898,Jonathan Jones,dmalone@example.com,AL,2020-04-22,Standard,388.18
4899,Kyle Smith Jr.,alyssa10@example.com,X1!,2020-12-04,Standard,848.24
4900,Jennifer Herrera,amandacaldwell@example.com,VA,2020-03-07,Basic,1132.0
4901,Kimberly Bullock,shellycowan@example.net,DE,2023-10-20,Basic,4678.72
4902,Rachel Lucas,hillashley@example.org,UA,2025-10-16,Premium,3532.0
4903,Jennifer Black,johnlevy@example.org,BB,2021-11-24,Premium,4623.47
4904,Robin Perry,petersonlauren@example.net,GB,2022-08-19,Premium,4298.22
4905,Ruth Price DDS,sheltonjoshua@example.com,AZ,2020-12-15,Basic,2019.86
4906,William Allison,scottsamuel@example.org,AZ,2025-12-19,Basic,4570.64
4907,Jason Mitchell,vparker@example.com,ER,2025-12-02,Premium,4956.21
4908,Matthew Hawkins,castillojeffrey@example.org,PG,2021-04-14,Basic,2022.2
4909,Michael Mccann,cherylsantos@example.com,DZ,2022-10-03,Standard,3421.7
4910,Justin Heath,simmonskendra@example.com,BO,2020-05-25,Standard,3812.8
4911,Danielle Robinson,tsullivan@example.org,GQ,2024-03-09,Standard,451.93
4912,Sandra Butler,escobarwilliam@example.com,GN,2021-06-24,Basic,1486.9
4913,Miguel Small,anna94@example.com,SD,2022-01-20,Basic,4623.01
4914,William Mcfarland,scottcollins@example.net,DM,2021-05-27,Basic,4295.64
4915,Virginia Johnson,josephnguyen@example.org,MG,2021-02-20,Standard,576.87
4916,Martin Moore,lburnett@example.net,LT,2024-12-29,Standard,3786.11
4917,Kimberly Jones,ublake@example.org,HT,2024-09-25,Basic,4342.69
4918,Phillip Chapman,walkerlaura@example.net,AT,2022-08-18,Premium,4264.07
4919,Brandon Moore DDS,huntnicholas@example.com,CL,2021-10-28,Basic,1589.96
4920,Samuel Mendez,ahardin@example.com,RS,2020-02-03,Basic,902.1
4921,Richard Gregory,davidtorres@example.org,GD,2024-06-23,Premium,2265.23
4922,Earl Howard,jonesshelby@example.com,PE,2022-10-28,Standard,1526.3
4923,Eric Gray,angelakaufman@example.net,TL,2022-03-09,Premium,1127.86
4924,April Peterson,savagematthew@example.com,QA,2022-12-21,Basic,1058.71
4925,Pamela Massey,williamsrichard@example.org,AE,2021-04-05,Basic,144.75
4926,Bruce Johns,kellerjames@example.org,OM,2022-08-03,Basic,4295.09
4927,Michael Carter,nicholas79@example.org,SE,2022-04-09,Premium,3423.76
4928,Peter Kemp,cdelacruz@example.com,PK,2020-07-04,Premium,1945.12
4929,Deborah Floyd,rhawkins@example.org,NI,2021-12-29,Standard,3429.28
4930,Seth Payne,cathy96@example.net,MZ,2020-02-16,Premium,4637.33
4931,Michael Wyatt,palmerkatherine@example.net,TH,2022-04-06,Premium,1842.36
4932,Mark Lee,sharonfox@example.com,LT,2020-03-20,Standard,980.2
4933,Jeanette Velez,michellesalazar@example.org,DJ,2020-08-18,Premium,675.0
4934,Christine Johnson,kelly12@example.org,FJ,2023-12-06,Basic,3285.48
4935,Erica Guerra,gillespiethomas@example.com,MZ,2021-08-24,Basic,2225.73
4936,Nicole Washington,briandavidson@example.com,MG,2022-04-28,Premium,3172.17
4937,Christina Wolfe,daniel04@example.org,GW,2022-09-05,Standard,1300.5
4938,Troy Barajas,linda32@example.net,CO,2022-05-24,Premium,1280.19
4939,Karen Mcdonald,vruiz@example.com,TV,2021-08-17,Standard,1583.18
4940,Amanda Jacobs,joseph02@example.net,MA,2025-11-21,Basic,4777.32
4941,Stephanie Harris,nicholaschapman@example.com,TO,2023-09-30,Basic,3751.48
4942,Michael Hughes,katie86@example.net,UY,2021-09-02,Basic,4956.7
4943,Seth Stone,oholmes@example.net,BR,2025-12-09,Basic,3326.74
4944,Joshua Allen,reeserachel@example.com,VA,2025-12-02,Standard,4337.99
4945,Eddie Owens,stephenchavez@example.com,KG,2020-04-25,Basic,1972.29
4946,Karen Jenkins,guzmanjohnny@example.net,DK,2021-08-20,Basic,3300.66
4947,Anthony Stewart,wigginsjohn@example.org,ID,2023-04-19,Standard,156.85
4948,Jerry Jackson,perezrobert@example.net,UZ,2022-04-16,Premium,504.92
4949,Alicia Pearson,amanda77@example.org,WS,2024-02-19,Standard,3242.91
4950,Corey Valdez,maryburke@example.org,LI,2022-10-26,Basic,1202.18
4951,Sara Conrad,tholt@example.net,MX,2022-05-12,Basic,2907.61
4952,William Strickland,stonehoward@example.com,ES,2024-11-19,Basic,2449.54
4953,Kelsey Jones,lauracannon@example.com,GE,2022-08-21,Basic,3752.26
4954,Adam Gonzalez,randerson@example.net,SI,2024-09-29,Basic,987.37
4955,David Sanders,ashley70@example.com,GR,2022-07-12,Standard,4999.78
4956,Tyler Wright,tammy54@example.org,CO,2022-05-13,Basic,2224.92
4957,Christopher Stein,abbottjackie@example.net,VE,2020-08-26,Basic,713.66
4958,Jordan Patel,clarkebridget@example.org,MH,2021-06-30,Standard,411.14
4959,Alexander Schultz,nwarren@example.com,US,2021-06-23,Basic,1005.96
4960,Lindsay Mcdowell,christopherescobar@example.org,KG,2020-03-27,Basic,196.76
4961,Troy Reilly,smurphy@example.com,MD,2020-02-01,Basic,4105.57
4962,Joseph Cherry,pearsongreg@example.com,ZA,2024-10-22,Basic,2493.96
4963,Sarah Brock,,KR,2025-09-23,Basic,4202.01
4964,Juan Scott,seth61@example.com,VC,2025-06-04,Basic,3597.37
4965,Kenneth Guerra,brian64@example.org,AL,2024-01-04,Basic,708.04
4966,Amy Curtis,qbarron@example.org,DZ,2021-04-13,Premium,4831.84
4967,Christy Walters,xwood@example.com,NP,2022-06-12,Premium,985.25
4968,Matthew Brown,joan67@example.net,EC,2024-06-26,Basic,3506.56
4969,Anthony Salas,janicedixon@example.net,CI,2022-08-12,Premium,2818.14
4970,Samantha Hendrix,nancy42@example.com,ZM,2025-05-09,Standard,702.92
4971,Beth Duke,pdrake@example.org,SB,2024-04-15,Premium,2917.9
4972,Sara Wright,tanya75@example.org,HN,2024-02-28,Basic,889.93
4973,Andrew Chambers,shawjill@example.org,MR,2024-06-07,Basic,1358.13
4974,Tracy Santiago,changemily@example.com,IQ,2024-03-11,Premium,514.59
4975,Carlos Morales,stanleydeanna@example.org,X1!,2022-07-04,Premium,2580.13
4976,Hannah Vargas,daniellemoore@example.org,AD,2023-09-29,Standard,4834.75
4977,Don Parker,joseph28@example.org,FM,2021-05-23,Premium,2172.95
4978,Amy Fritz,danielkelly@example.org,PW,2021-12-03,Basic,100.42
4979,Spencer Peterson,bonniesweeney@example.org,PS,2023-05-12,Standard,326.21
4980,Mackenzie Dougherty,nicholethomas@example.com,KZ,2021-08-18,Basic,4532.64
4981,Michelle Ayers,gfuentes@example.com,UZ,2022-03-09,Standard,3329.87
4982,Gregory Glass,marypatrick@example.net,HN,2022-12-26,Standard,785.29
4983,Christine Johnson,christopher88@example.net,MH,2023-08-12,Standard,3506.0
4984,Kiara Lopez,sheltonariel@example.com,EG,2024-07-27,Basic,4562.84
4985,Dana Griffin,alexandernash@example.net,UY,2024-05-09,Standard,3070.24
4986,Lynn Chapman,richard07@example.com,LV,2023-05-17,Basic,1128.21
4987,Francisco Francis,nsmith@example.org,PE,2025-03-19,Premium,3346.82
4988,Margaret West,dcarson@example.net,TG,2020-08-05,Premium,1261.79
4989,Amanda Peterson,brandonmorales@example.net,BE,2025-03-22,Premium,794.17
4990,Mrs. Alisha Ross,samantha47@example.com,ET,2025-04-26,Premium,4791.37
4991,Edward Bauer,alexander73@example.net,BZ,2023-09-07,Basic,2805.15
4992,Joshua Weber,martinezhenry@example.org,TW,2023-06-11,Basic,1859.42
4993,Lisa Waller,mosschristine@example.net,ID,2022-05-21,Premium,3672.61
4994,Angela Fowler,aperry@example.com,RO,2025-07-25,Standard,464.36
4995,Michael Robinson,scottfisher@example.org,ME,2020-05-25,Standard,1377.3
4996,Ashley Cohen,alexandersmith@example.net,MV,2024-03-29,Basic,4527.93
4997,Connie Davis,veronicadonovan@example.org,SA,2020-06-24,Standard,2334.73
4998,Janet Gray,jason08@example.com,AR,2021-10-08,Standard,3414.98
4999,Scott Young,nhenry@example.org,KG,2024-10-25,Basic,801.9
5000,Victoria Wells,jameskrystal@example.org,NR,2022-04-16,Premium,445.73
5001,Katherine Chavez,charlesmartinez@example.org,BB,2022-09-22,Basic,1420.06
5002,Lawrence Gordon,thomas80@example.net,CA,2020-05-11,Basic,3514.33
5003,Nicholas Saunders,steven65@example.net,ZM,2023-12-06,Premium,3600.78
5004,Joanna Smith,lindawalker@example.net,PL,2022-03-22,Basic,3320.86
5005,Kevin Luna,kayla91@example.org,TV,2025-03-22,Basic,3064.23
5006,Lauren Garrett,imoreno@example.net,MZ,2024-07-25,Standard,4125.68
5007,Andrew Smith,mary34@example.org,AR,2021-11-20,Standard,4963.0
5008,Carrie Cobb,smitheric@example.com,MG,2021-07-31,Standard,1956.82
5009,Dale Fletcher,yballard@example.net,BT,2022-01-09,Basic,1312.74
5010,Charles Miller,jnash@example.net,FR,2025-09-09,Standard,710.64
5011,Hannah Martin,lsolis@example.com,GR,2020-04-25,Premium,3451.5
5012,Kimberly Meadows,angela08@example.net,SG,2024-02-10,Standard,423.2
5013,Angela Martin,wayne44@example.net,HT,2024-04-12,Basic,535.97
5014,Miss Peggy Livingston,christopheranderson@example.org,ME,2020-05-11,Standard,3912.55
5015,Justin Yoder,bkidd@example.org,MN,2022-06-05,Premium,4357.39
5016,Timothy Webb,awilson@example.com,AF,2020-10-08,Premium,1440.87
5017,Kelly Hamilton,tgay@example.org,JP,2025-08-12,Premium,1948.06
5018,Shaun Larsen,vdunn@example.org,X1!,2022-11-01,Premium,1955.3
5019,Grace Stewart,ischaefer@example.net,TN,2022-10-19,Premium,3935.39
5020,John Molina DDS,christopher60@example.org,RS,2023-11-03,Premium,961.08
5021,Danielle Castillo,garciaerica@example.org,VE,2020-12-18,Basic,4390.01
5022,Amy Gonzales,bellwendy@example.org,VN,2022-02-12,Basic,4124.58
5023,Michael Mclaughlin,jeffreysantos@example.com,RW,2023-08-29,Standard,568.15
5024,Jennifer Miles,danielle95@example.net,LA,2020-11-26,Standard,3532.23
5025,Robert Wagner,christopher29@example.net,AM,2023-10-10,Standard,2802.56
5026,Pamela Miller,qsanders@example.org,AR,2022-08-09,Basic,585.42
5027,Amy David,josegonzalez@example.net,GA,2025-10-27,Premium,936.66
5028,Joseph Schwartz,oramos@example.org,JM,2022-06-11,Standard,985.3
5029,Michael Davis,jford@example.org,SO,2022-12-03,Basic,3421.28
5030,Alex Russell,mturner@example.net,FR,2022-12-11,Basic,2803.19
5031,Monica Mills,munozstephanie@example.org,TV,2020-11-02,Standard,2436.62
5032,Michael Castro,hawkinsmichael@example.net,DE,2025-02-02,Premium,1369.4
5033,Taylor Walker,matthewdavis@example.net,TJ,2022-04-07,Basic,2616.47
5034,James Adams,lauren97@example.net,ID,2025-06-20,Premium,3322.06
5035,Mrs. Michelle Atkinson,kevinkirk@example.com,SI,2021-07-26,Premium,1956.12
5036,Ashley Watkins,woodscharles@example.org,HU,2024-10-15,Basic,1410.11
5037,Lori Phillips,dawn05@example.org,YE,2022-03-25,Basic,3232.05
5038,Jessica Vega,washingtonrobert@example.net,PK,2020-02-20,Standard,3566.76
5039,Joshua Wright,stephenwilliams@example.net,GW,2023-02-08,Premium,3423.25
5040,Kimberly Walsh,samanthacox@example.com,TW,2021-03-06,Standard,3563.26
5041,Shane Alvarado,lindsay41@example.com,NO,2023-03-31,Premium,2250.9
5042,Jason Aguirre,garciakathy@example.net,CD,2024-03-14,Standard,4012.5
5043,Michael Ford,ashleyguerrero@example.org,ZM,2020-03-12,Basic,1505.42
5044,Sabrina Young,april48@example.net,AG,2021-01-06,Standard,2650.91
5045,John Taylor,spetty@example.org,LI,2024-01-17,Basic,4418.8
5046,Gina Carey,whitakercody@example.com,JM,2022-04-23,Premium,1595.42
5047,Terri Smith,sandovalanthony@example.net,UG,2021-08-17,Premium,4742.53
5048,Mark Atkins,maria99@example.com,LR,2024-05-26,Standard,3875.83
5049,Christopher Cunningham,ufisher@example.org,NI,2023-05-02,Premium,3209.92
5050,Tracy Warren,johnjohns@example.com,NL,2023-11-03,Premium,3676.77
5051,William Spencer,bethany01@example.net,TG,2021-01-25,Premium,909.05
5052,David Smith,stephenhernandez@example.com,SL,2023-01-25,Premium,514.47
5053,Rachel Rios,brentcampos@example.org,AG,2024-05-31,Standard,2815.38
5054,Scott Brown,kduncan@example.org,GA,2022-09-22,Standard,4060.9
5055,Jamie Holland,danieladams@example.com,MC,2025-03-27,Premium,4814.62
5056,Kristina Griffin,shawnanderson@example.net,DM,2020-05-28,Standard,3417.46
5057,Elizabeth Underwood,eileenortiz@example.com,SO,2024-12-27,Basic,768.5
5058,Kevin Warner,lgonzalez@example.net,SR,2024-08-11,Standard,2623.56
5059,Lisa Bell,browndonald@example.net,GT,2022-12-03,Basic,4451.59
5060,Samuel Gordon,jbruce@example.net,CF,2025-08-21,Basic,710.99
5061,Daniel Black,claychristopher@example.net,AR,2021-04-29,Premium,3119.8
5062,Kristen Diaz,wolfeedward@example.com,BT,2022-02-06,Basic,135.72
5063,Maureen Brown,caleb79@example.com,YE,2021-08-18,Standard,3542.7
5064,Chelsea Larson,hillmelissa@example.net,BR,2023-12-14,Basic,1790.8
5065,Lisa Martinez,williamrogers@example.net,KI,2024-11-08,Basic,3339.75
5066,Mr. Andrew Williams,roberttran@example.net,MY,2023-03-20,Basic,3451.98
5067,Alison Mcclure,vanessaclayton@example.net,DZ,2022-01-29,Premium,3076.13
5068,Robert Miller,nmitchell@example.net,TL,2023-12-21,Premium,3405.16
5069,Michael Sandoval,markvang@example.net,PS,2025-12-18,Basic,4528.61
5070,Kathryn Park,roger90@example.org,CA,2022-03-29,Premium,468.1
5071,Ashley Deleon,rvincent@example.net,ER,2022-01-13,Premium,2617.05
5072,Melinda Glover,smithteresa@example.com,CI,2021-10-04,Premium,2171.34
5073,Steven West,kyleadams@example.com,BE,2023-06-07,Standard,935.37
5074,Vernon Norris,marypatel@example.com,JO,2023-09-23,Premium,1756.0
5075,Steven Brown,mathewanderson@example.net,UY,2022-09-30,Basic,1323.85
5076,Shannon Craig,moranmaria@example.org,IQ,2020-03-05,Basic,4268.81
5077,Randy Miller,wilkinspamela@example.org,BD,2023-11-05,Premium,1521.32
5078,Alan Norman,dhutchinson@example.org,GH,2024-01-25,Standard,1538.37
5079,Wendy Hampton,sarahsweeney@example.com,LY,2025-11-26,Premium,110.95
5080,Howard Taylor,ygrant@example.net,ML,2025-09-28,Basic,2887.33
5081,Pamela Adams,qwarren@example.com,KR,2020-02-23,Premium,4622.98
5082,Ashley Williams,thompsonmichael@example.com,BA,2025-03-31,Basic,2626.09
5083,Cynthia Wallace,derek48@example.com,JO,2021-08-03,Premium,4683.53
5084,Bryan Lyons,austin63@example.org,RO,2022-09-24,Basic,4256.92
5085,Frances Rodriguez,millsbrittany@example.net,CL,2020-03-29,Premium,1843.15
5086,Savannah Cox,mark42@example.org,TR,2021-03-09,Basic,2355.73
5087,Connor Wilkerson,keithgilbert@example.net,PK,2023-02-23,Standard,1834.07
5088,Michelle Miller,valenciajennifer@example.com,PA,2025-01-30,Premium,1813.64
5089,Todd Lee,gallegosamy@example.org,UA,2024-03-07,Basic,1012.17
5090,Jessica Cooley,gabrielleberry@example.com,PW,2023-02-12,Standard,143.43
5091,Tracy Torres,hmyers@example.net,TV,2021-07-08,Standard,2511.03
5092,Angela Welch,haynesalicia@example.com,PK,2021-04-10,Premium,2692.57
5093,Emily Craig,jaime96@example.net,LB,2022-04-19,Premium,2112.52
5094,Michael Hood,bowmananthony@example.com,FI,2020-12-22,Standard,133.86
5095,Jason Wood,ievans@example.net,SN,2023-12-24,Basic,1325.66
5096,George Richardson,uhenderson@example.com,TM,2024-07-06,Standard,2037.26
5097,Christopher Black,austinstone@example.com,GE,2025-03-23,Standard,1886.03
5098,Melissa Bailey,daniel34@example.com,TV,2020-08-27,Premium,2728.49
5099,Robert Steele,oconnellherbert@example.com,LB,2024-04-19,Standard,632.61
5100,Brian Reyes,lisamarshall@example.org,LT,2025-01-07,Standard,3315.77
5101,Linda Robertson,fharris@example.net,BG,2020-08-12,Standard,892.99
5102,David Orr,andersonjulia@example.org,MU,2020-12-03,Standard,3760.75
5103,Kari Hall,joshua34@example.net,NI,2020-01-07,Premium,1860.26
5104,Tracy Burgess,johnrichardson@example.com,BN,2020-01-05,Basic,1072.48
5105,Leslie Kelley,kjohnson@example.com,CZ,2024-04-05,Premium,1496.01
5106,Sherri Adams,staceydickerson@example.org,PY,2020-07-26,Premium,2033.28
5107,James Romero,bakerjulie@example.net,KR,2020-10-13,Basic,1722.95
5108,Anthony Stephenson,lynnfrey@example.com,JO,2023-03-20,Premium,885.53
5109,Christopher Johnson,sara53@example.org,NA,2023-12-06,Premium,4747.04
5110,Wendy Salazar,adamsdiana@example.net,CR,2025-05-14,Basic,4916.35
5111,Carmen Adams,xjohnson@example.com,TJ,2022-11-02,Premium,2163.37
5112,Miss Colleen Diaz,richard85@example.net,TH,2024-10-07,Basic,2528.28
5113,Kristie Andrade,yphillips@example.com,TT,2020-05-18,Basic,3600.17
5114,Gregory Ward,margaretrandall@example.net,AD,2023-05-13,Standard,3780.34
5115,Tracy Sullivan,rsmith@example.com,AG,2022-10-06,Standard,2559.11
5116,Terry Johnson,aaguirre@example.com,NG,2021-10-28,Basic,4231.01
5117,Richard Black,brewermarcus@example.com,UA,2024-01-28,Standard,743.95
5118,Michelle Anderson,garywhite@example.com,GY,2022-12-24,Premium,3984.29
5119,Michael Andrews,serranomelissa@example.com,BZ,2020-02-09,Premium,862.16
5120,Peter Morgan,gilllaura@example.org,KI,2024-06-07,Basic,166.88
5121,Anthony Huff,jrodriguez@example.org,DJ,2025-11-21,Basic,1258.87
5122,Sydney Wolf,aaron24@example.com,KG,2023-04-28,Basic,4166.2
5123,Kristopher Jackson,andrewhall@example.org,ME,2020-10-25,Standard,4884.55
5124,Connor West,amypowers@example.com,HR,2020-05-02,Basic,139.34
5125,Kevin Freeman,kleinjesus@example.org,PS,2021-05-31,Standard,1518.39
5126,James Fields,lbright@example.net,IT,2020-12-20,Standard,504.81
5127,Denise Moss,xmitchell@example.net,GB,2025-05-13,Standard,1313.96
5128,Sheena Ellis,jason14@example.org,TG,2025-10-18,Premium,3673.32
5129,Amanda Brown,paulayoung@example.org,CN,2021-02-18,Premium,1322.39
5130,Bryan Montes,uharrison@example.org,NL,2022-11-28,Premium,4334.42
5131,Suzanne Gonzalez,brianacarter@example.net,SV,2020-05-30,Basic,1312.04
5132,Jerry Gibson,hayleylee@example.net,DE,2023-04-09,Standard,1072.22
5133,Kirk Martin,sophiadickerson@example.org,SK,2020-05-20,Basic,3935.31
5134,Jonathan Reilly,jenniferrobinson@example.net,AT,2024-04-28,Premium,3535.61
5135,Mr. Kevin Thornton,richgrace@example.com,KG,2022-04-23,Basic,3094.39
5136,Tim Lopez,johnathanwood@example.com,GQ,2020-06-12,Premium,4963.5
5137,Maria Walker,rebeccaterry@example.com,AU,2020-02-27,Basic,3181.65
5138,Melissa Austin,jamesbest@example.com,CG,2021-09-04,Premium,1223.98
5139,Glenn Fuentes,jaredboyd@example.net,BA,2022-02-11,Premium,2066.29
5140,Marcus Simon,petersonkathryn@example.net,DZ,2025-08-28,Standard,4952.95
5141,John Hudson,hicksvickie@example.com,QA,2024-06-19,Premium,2188.88
5142,Michael Lee,olsonanita@example.org,TH,2020-10-09,Basic,1078.25
5143,Kathryn Evans,umitchell@example.net,GB,2022-08-12,Premium,1963.73
5144,Annette Kelley,stephanie65@example.org,TH,2022-02-06,Basic,1601.59
5145,Chad Roberson,qrichard@example.org,AE,2023-10-29,Basic,4902.61
5146,Megan Wood,patricia11@example.net,TL,2021-01-13,Premium,1747.27
5147,Isabel Rodgers,denisegood@example.org,NO,2020-05-16,Standard,400.61
5148,Steven Romero,stephanie59@example.com,KI,2023-12-16,Standard,3254.98
5149,Jeff Adams,megan53@example.net,DE,2022-11-26,Standard,639.27
5150,Samuel Oconnor,tiffanywalters@example.com,GN,2020-02-21,Standard,1474.72
5151,Max Kline,timothyreed@example.net,IQ,2021-10-15,Standard,3586.77
5152,Lee Rogers,pferguson@example.org,VN,2021-02-20,Premium,1667.22
5153,Cynthia Donaldson,burgessjacob@example.com,DK,2025-06-24,Premium,990.58
5154,Desiree Wallace,ddunn@example.com,OM,2024-06-04,Premium,355.44
5155,Donna Martin,oburton@example.org,PT,2023-11-26,Basic,1676.03
5156,Julia Miller,dennisjessica@example.org,CR,2025-11-23,Standard,2413.09
5157,Donna Wise,peter42@example.org,CG,2021-10-06,Basic,593.73
5158,Dr. Matthew Johnson,breanna00@example.com,DO,2024-06-06,Premium,1336.09
5159,Monique Shaffer,yvettecampbell@example.net,GE,2024-03-10,Standard,1881.55
5160,Donna Beasley,andersonbrian@example.org,SV,2020-02-05,Standard,646.49
5161,Christine Johnson,mitchell03@example.org,MM,2025-01-30,Basic,166.94
5162,Krista Williams,bsmith@example.com,MK,2024-05-13,Basic,3875.27
5163,Derek Perez,cookandrew@example.com,CL,2023-11-19,Premium,1722.94
5164,Jimmy Williams,calvinosborne@example.net,MW,2021-08-05,Basic,4069.17
5165,Barbara Miller,uthompson@example.com,BY,2020-09-08,Basic,3916.16
5166,Lisa Baker,longdeborah@example.com,LR,2021-07-15,Basic,3063.1
5167,Michael Porter,michael10@example.com,FR,2020-01-23,Premium,3286.22
5168,Charles Gonzales,jessica84@example.com,RS,2022-12-29,Premium,2963.2
5169,Alejandro Holmes,singhroy@example.net,CN,2024-06-26,Premium,4447.25
5170,Robin Russell,powerssandra@example.net,LK,2021-11-26,Premium,3184.84
5171,Rachael Whitaker,raymondjanet@example.com,BH,2023-12-05,Basic,689.74
5172,Melanie Wilson,hdavid@example.net,CR,2020-02-26,Basic,4844.82
5173,Maria Black,tmathews@example.net,BO,2023-12-20,Basic,4105.3
5174,Stephanie Dean,joseph34@example.net,LS,2022-01-04,Premium,3552.83
5175,Jeffery Newman,tsanchez@example.com,YE,2024-12-03,Premium,466.91
5176,Jeffrey Ramirez,kochbenjamin@example.org,DO,2023-07-28,Basic,3133.15
5177,Melissa Mcdonald,jacob67@example.com,SB,2023-05-24,Standard,3654.22
5178,James Ellis,smithaaron@example.net,CR,2023-09-15,Premium,2714.43
5179,Leonard Walker,christopher33@example.net,BY,2021-07-04,Premium,314.67
5180,Christopher Hoffman,laceycruz@example.net,MW,2025-12-16,Premium,2149.24
5181,Jeremy Villegas,brittanycoffey@example.net,CI,2023-11-09,Basic,1337.37
5182,Ryan Morales,btapia@example.org,BT,2024-01-28,Basic,4878.12
5183,Devin Nunez,newtonhenry@example.net,SV,2025-02-07,Standard,2297.56
5184,Steven Robinson,hsmith@example.com,GT,2025-09-03,Basic,675.4
5185,Robert Larson,bradley66@example.net,SA,2025-04-29,Standard,431.77
5186,Gina Smith,wongmatthew@example.org,GD,2022-07-27,Standard,2666.44
5187,Amanda Garrett,michaelholt@example.net,PS,2023-08-26,Basic,3975.34
5188,William Richmond,treilly@example.org,TV,2023-01-11,Premium,3035.85
5189,Austin Martinez,robertlong@example.com,AL,2023-06-11,Basic,4840.69
5190,Nicole Silva,alexanderchristopher@example.org,ZM,2024-03-11,Standard,322.68
5191,Stephanie Carr,robertboyd@example.net,AL,2023-01-10,Basic,397.89
5192,Anna Ramos,dicksonkatie@example.com,OM,2021-06-03,Basic,1031.94
5193,Michael Contreras,ramirezmargaret@example.com,BA,2021-12-30,Standard,2525.63
5194,Ashley Cardenas,deanna22@example.net,LI,2025-03-22,Basic,4364.25
5195,Samantha Long,staceybrown@example.com,SA,2020-04-24,Premium,911.04
5196,Samuel Khan,nlynn@example.com,BO,2021-09-29,Basic,1982.34
5197,Matthew Pollard,mmitchell@example.org,SB,2025-04-30,Standard,2064.16
5198,Anthony Gardner,clarkamber@example.org,CI,2020-01-03,Standard,1113.93
5199,Rebekah Smith,melaniescott@example.org,NA,2020-01-07,Premium,884.01
5200,Allison Marshall,ipadilla@example.com,CI,2020-01-22,Premium,3001.35
5201,Justin Jimenez,rgreen@example.net,BE,2025-04-26,Premium,4407.86
5202,Donna Powers,brobbins@example.net,CV,2021-09-07,Basic,2331.66
5203,John Larsen,ganderson@example.org,LV,2020-10-01,Basic,3630.84
5204,Shannon Johnson,lsmith@example.net,CF,2021-08-11,Standard,1586.71
5205,Heather Rivera,rebeccazimmerman@example.net,LB,2021-10-24,Premium,1552.18
5206,Jennifer Wright,melissabarnett@example.com,IS,2022-04-19,Standard,2805.54
5207,Tracey Patel,jesuscarter@example.com,NG,2026-09-25,Premium,1197.25
5208,Elizabeth Walker,elizabethtate@example.org,MT,2020-07-03,Basic,1267.26
5209,Lisa Singleton,samuel37@example.net,KP,2024-08-16,Premium,3234.12
5210,Ashley Espinoza,hector90@example.org,DJ,2022-08-28,Standard,4643.51
5211,Maria Medina,eric34@example.com,RS,2021-09-17,Standard,4379.58
5212,Benjamin Bray,danielolsen@example.com,NA,2025-09-13,Premium,3247.82
5213,Tara Ortiz,smithsonia@example.com,LB,2024-05-29,Premium,4948.73
5214,Kathryn Moore,david56@example.com,TG,2023-01-12,Premium,2719.52
5215,Kristin Rivera,burtonkevin@example.com,YE,2020-10-13,Premium,3278.36
5216,Sierra Pierce,alisonstein@example.net,ID,2022-01-07,Basic,3065.28
5217,Jean Campos,duartekelly@example.net,MX,2022-04-06,Standard,1690.35
5218,Michael Leon,isaacpeters@example.org,BO,2025-12-23,Basic,4431.53
5219,Alison Smith,williamsonlaura@example.net,SL,2022-01-24,Standard,3638.19
5220,Terri Jones,robertsonkathy@example.org,GY,2024-03-04,Standard,4501.85
5221,Fernando White,carriebrewer@example.com,LY,2025-07-30,Standard,1690.71
5222,Daniel Osborne,torrestravis@example.net,KP,2021-08-21,Premium,3167.18
5223,Jimmy Melendez,aliciaanderson@example.org,UG,2020-11-13,Premium,4137.27
5224,Marie Lang,cromero@example.com,LT,2022-02-18,Premium,3679.34
5225,Frank Bonilla,timothy60@example.net,GN,2022-01-01,Standard,966.0
5226,Daniel Price,henry47@example.com,BS,2022-05-09,Premium,2733.2
5227,Anna Hamilton,edwardstewart@example.com,KN,2025-12-20,Basic,621.57
5228,Stanley Norton,susanbaker@example.org,NI,2020-05-21,Basic,3471.77
5229,Jeremy Martin,vmaldonado@example.com,PY,2021-10-23,Basic,1360.99
5230,Andrea Harrell,fjohnson@example.net,IE,2021-03-20,Basic,3208.1
5231,Elizabeth Villanueva,brownjessica@example.org,LR,2024-08-05,Basic,1110.18
5232,Christina Sweeney,sara62@example.com,SK,2022-06-22,Standard,1181.13
5233,Kristin Woods,amurphy@example.org,GR,2021-06-30,Standard,1099.2
5234,Pamela Campbell MD,shannonhopkins@example.org,CN,2021-10-14,Basic,4057.89
5235,Jennifer Kelly,lmaynard@example.net,GR,2023-03-10,Standard,862.64
5236,Ivan White,kathleen54@example.org,HT,2025-06-23,Premium,3676.08
5237,Tracy Avila,cassidyward@example.com,LS,2024-09-02,Standard,1906.34
5238,Lori Jackson,chasejose@example.org,LS,2021-06-02,Standard,559.09
5239,Sean Howard,cherylgood@example.net,AG,2021-07-17,Premium,2351.01
5240,Mary Cruz,marybrown@example.org,SE,2020-05-29,Premium,1025.41
5241,Bridget Harrell,wbrown@example.net,SI,2023-03-29,Standard,4722.44
5242,Mariah Adams,andersonbrandy@example.net,HR,2021-05-26,Premium,3273.06
5243,Kimberly Collins,lindabrown@example.net,IL,2022-10-18,Premium,1619.79
5244,Adrienne Hale,opark@example.net,LC,2024-12-01,Premium,4105.75
5245,Amber Joseph,qgonzalez@example.net,EC,2025-09-29,Basic,3078.33
5246,Robert Garcia,sean73@example.com,SO,2022-12-04,Premium,803.26
5247,Barbara Ware,calvinburns@example.com,PY,2020-07-05,Standard,1301.74
5248,Joseph Simpson,carterholly@example.org,BO,2025-01-24,Basic,4854.89
5249,Jennifer Perry,colemanlance@example.net,HR,2023-06-01,Premium,3649.1
5250,Kelly Ray,zmendoza@example.org,LK,2022-05-20,Premium,3661.15
5251,Eric Hudson,davidsnyder@example.net,TG,2020-06-15,Premium,3056.14
5252,Michael Garcia,rdavis@example.net,TL,2022-07-17,Standard,1981.55
5253,Charles Bryant,heather35@example.org,UG,2023-06-04,Premium,4150.16
5254,Mrs. Lisa Carter,walkerscott@example.com,LV,2023-01-06,Basic,4679.92
5255,Karen Wiggins PhD,reedleroy@example.org,EG,2021-08-13,Premium,1316.88
5256,Samantha Cook,mdavis@example.org,PG,2025-09-09,Premium,1411.52
5257,John Simmons,margaretwilson@example.org,MX,2024-12-07,Basic,3038.22
5258,David Gonzalez,kpreston@example.com,LI,2025-05-29,Premium,4792.33
5259,Tonya Sanchez,lisadavis@example.org,DK,2025-12-04,Premium,2757.61
5260,Jamie Murphy,carterbrianna@example.net,MK,2022-01-09,Standard,4278.33
5261,Nicole Ruiz,codyballard@example.org,ML,2025-02-03,Premium,1091.38
5262,Beth Arnold,blakenolan@example.org,LS,2022-07-28,Standard,3822.39
5263,Thomas Lee,ngolden@example.net,SG,2021-11-02,Standard,4095.78
5264,Mrs. Kathryn Young,tonya44@example.net,SD,2024-02-13,Standard,1725.61
5265,Jared Blevins,kristenvillarreal@example.org,TM,2025-04-04,Premium,1294.66
5266,Robert Mueller,donald94@example.org,VE,2020-11-01,Basic,3491.0
5267,Billy Mendez,josephbaker@example.org,BA,2023-08-29,Basic,2763.7
5268,Amber Guzman,kweaver@example.org,TR,2024-07-25,Premium,4142.13
5269,John Golden,taylorandrew@example.net,CZ,2023-06-22,Premium,2768.75
5270,Cheryl Sherman,garciapamela@example.net,GD,2024-05-03,Premium,2606.56
5271,Teresa Henry,jmiller@example.org,RS,2025-11-09,Standard,794.99
5272,Andrew Young,jessica00@example.com,KZ,2023-10-08,Premium,217.6
5273,Jason Smith,davidbooth@example.com,GH,2025-11-23,Standard,1988.38
5274,Thomas Snyder,jacobmoss@example.org,CL,2025-07-03,Standard,3311.29
5275,Kenneth Harvey,beckyblake@example.com,UG,2025-06-16,Premium,4616.29
5276,James Esparza,guzmancarl@example.com,JP,2024-05-30,Basic,1985.24
5277,Emily Lyons,andrewrandall@example.com,TO,2020-05-24,Basic,4131.65
5278,Rachel Johnson,wuvalerie@example.com,SK,2021-10-25,Premium,2509.92
5279,Gina Hendrix,veronicabutler@example.net,MV,2020-01-30,Premium,1200.16
5280,Helen Kirk,dianajacobson@example.com,GE,2021-10-01,Standard,1850.81
5281,Kevin Johnson,watsonmatthew@example.net,AT,2020-10-03,Basic,1735.25
5282,Ray Sanford,sarabyrd@example.net,ST,2022-02-25,Standard,4624.27
5283,Tracy Wilkins,linkevin@example.net,SA,2024-06-13,Premium,4488.37
5284,Juan Haynes,michael16@example.net,ES,2020-04-04,Basic,840.4
5285,Amanda Cook,rsherman@example.com,BZ,2021-04-05,Standard,2699.36
5286,Christine Gonzalez,simsjimmy@example.net,TT,2020-06-25,Basic,988.69
5287,Randy Jimenez,webererika@example.com,DE,2020-06-10,Standard,836.08
5288,Sandra Rhodes,tschmidt@example.org,IL,2020-06-07,Basic,3467.09
5289,David Lawrence,barajaszachary@example.net,SM,2024-03-02,Basic,4106.06
5290,Raymond French,timothy39@example.net,ST,2023-07-10,Standard,4389.47
5291,Daniel Ruiz,hernandezmicheal@example.net,TH,2020-04-08,Standard,4589.55
5292,Elizabeth Kelly,bryantabigail@example.net,BO,2022-06-16,Basic,1908.65
5293,Alex Watkins,glassalexis@example.org,CH,2024-10-27,Standard,4072.53
5294,Michael Mckinney,snyderarthur@example.org,IS,2020-06-06,Basic,4013.55
5295,Nicholas Rodriguez,evelynortega@example.net,CA,2023-02-01,Premium,4322.4
5296,Diane Nguyen,mark39@example.com,CY,2020-01-19,Premium,3911.14
5297,Blake Adams,elizabethmoran@example.net,ES,2021-12-09,Premium,1669.25
5298,Amy Pruitt,salazardonna@example.org,LT,2025-11-11,Standard,2288.81
5299,Jon Reynolds,davismelissa@example.net,HT,2020-11-15,Standard,4091.78
5300,Amanda Sullivan,sarah26@example.org,CO,2020-12-11,Premium,2931.43
5301,Jennifer Klein,zachary00@example.org,BI,2020-09-27,Basic,1464.53
5302,William Johnson,ygibson@example.com,MN,2020-12-26,Premium,1682.96
5303,John Sanchez,amyholland@example.org,MW,2023-10-02,Premium,991.17
5304,David Campbell,gregorywagner@example.net,RU,2023-01-11,Standard,1827.78
5305,Amy Jarvis,cooperchristina@example.org,VE,2021-08-01,Standard,2176.78
5306,Tracy Martin,grahamjesse@example.org,LS,2024-07-30,Basic,4866.96
5307,Brady Graves MD,hmitchell@example.org,MR,2025-09-18,Basic,3988.16
5308,Susan Figueroa,brooksmatthew@example.net,KR,2023-07-01,Standard,777.28
5309,Rachel Jackson,oscott@example.com,CU,2023-07-23,Basic,4615.86
5310,Mr. Eric Baker,qhowe@example.org,TN,2020-10-28,Standard,2151.43
5311,Alison Moore,schneiderstephen@example.org,MV,2023-03-17,Standard,2739.86
5312,Matthew Ball,antoniogarrett@example.com,SI,2021-11-19,Standard,2709.12
5313,Mrs. Donna Benjamin,xtaylor@example.org,BH,2024-07-08,Premium,1984.67
5314,Diana Jones,smithdaniel@example.org,JM,2021-04-24,Basic,3603.11
5315,Cathy Campbell,gmay@example.net,GD,2022-07-18,Basic,2931.59
5316,Gabriella Odonnell,joannesnow@example.com,AR,2020-03-01,Basic,4075.33
5317,Anthony Torres,pross@example.com,VA,2025-08-26,Premium,3545.16
5318,Taylor Dominguez,richard96@example.net,KP,2023-07-02,Premium,1872.38
5319,Alan West,nhartman@example.net,MU,2020-06-19,Premium,4970.14
5320,Michelle Lee,chunter@example.com,CG,2022-09-16,Premium,1875.75
5321,Diane Edwards,cynthia20@example.org,BI,2025-06-18,Standard,4792.32
5322,Sandra Olsen,oconnordouglas@example.net,MN,2020-11-11,Premium,391.93
5323,Cynthia Robbins,jasonarnold@example.com,HT,2025-08-03,Standard,1868.21
5324,William Jones,nrodgers@example.net,PW,2021-04-09,Premium,1544.02
5325,Shawn Perkins,freemandaniel@example.net,VC,2021-11-04,Premium,4192.74
5326,Rebecca Wilson,dgardner@example.org,GY,2023-06-24,Basic,4861.92
5327,Kathleen Morris,shari86@example.org,EG,2023-07-01,Standard,1288.24
5328,Jamie Thompson,matthew88@example.net,JO,2022-05-31,Premium,373.74
5329,Sarah Griffin,steven87@example.com,AR,2024-04-07,Premium,674.46
5330,Matthew Stevens,jonestheresa@example.com,SM,2023-02-11,Basic,3549.42
5331,Anthony Moore,xbryan@example.net,UY,2021-07-19,Standard,3692.1
5332,Timothy Alexander,richardpatterson@example.org,JO,2021-07-13,Basic,4828.07
5333,Rachel Navarro,wilsonalexandria@example.com,BJ,2021-11-09,Standard,365.01
5334,Michelle Newman,madison74@example.net,NI,2023-02-26,Premium,3347.46
5335,Dorothy Graves,skemp@example.org,BA,2022-08-17,Premium,2436.45
5336,Jose Pratt,stewarttyler@example.com,CL,2023-10-21,Basic,4365.34
5337,Destiny Saunders,matthew79@example.com,DZ,2024-11-30,Premium,819.74
5338,Lindsay Ball,pbarry@example.org,KR,2024-11-03,Premium,487.07
5339,Wayne Johnson,jonesjames@example.com,CA,2023-10-14,Premium,161.14
5340,Gregory Thompson,autumnspencer@example.com,PE,2020-11-27,Standard,833.61
5341,Jacob Peterson,markmassey@example.com,PW,2024-02-22,Premium,2401.85
5342,Jessica Moore,jparker@example.net,IR,2021-09-24,Premium,3765.72
5343,Jonathan Taylor,andrewmartinez@example.com,BN,2021-04-18,Basic,4748.95
5344,Kenneth Williams,nicholasmoore@example.org,LA,2020-01-08,Standard,2116.46
5345,Joel Williams,ohayes@example.com,DO,2020-08-22,Standard,2275.47
5346,David Martin,navarromatthew@example.net,VU,2022-03-30,Basic,3506.71
5347,James Smith,bobby96@example.net,CI,2021-03-03,Standard,645.21
5348,Gabriella Weaver,joseph52@example.org,MY,2024-01-14,Premium,4417.67
5349,Andrea Whitehead,mcbridelaura@example.net,DO,2021-07-01,Premium,3060.45
5350,Katherine Francis,brian62@example.org,ER,2020-03-13,Premium,2566.15
5351,Michael Greer,david67@example.net,EE,2020-07-30,Premium,2042.31
5352,George Jordan,christophernelson@example.org,IR,2025-05-05,Standard,3431.53
5353,Jon Williams,jay07@example.com,DO,2025-05-23,Standard,2815.36
5354,Dawn Velazquez,rita93@example.net,MZ,2020-12-29,Standard,4603.84
5355,Joshua Sanders,tuckerphilip@example.net,BA,2022-12-02,Basic,1599.57
5356,Joanna Lewis,wilsonbryce@example.org,AU,2022-10-29,Premium,2175.98
5357,Timothy Hernandez,alyssadiaz@example.org,CY,2023-12-01,Premium,1431.96
5358,Andrew Mitchell MD,sandersjohn@example.org,IN,2021-04-05,Premium,2655.36
5359,Jennifer Wright,ramirezdaniel@example.net,DO,2021-09-02,Premium,3741.36
5360,Patrick Nguyen,david93@example.org,KM,2022-07-05,Standard,3133.31
5361,Carlos Barron,ellen16@example.net,CH,2023-07-12,Premium,2022.23
5362,Michael Jones,tammymathews@example.net,PS,2024-07-18,Basic,4882.34
5363,Deborah Miller PhD,james70@example.org,VN,2023-11-21,Basic,4224.39
5364,Shawn Rivera,manuelosborne@example.org,GW,2023-12-17,Basic,2395.34
5365,Veronica Hill,kelsey60@example.com,SO,2025-09-10,Standard,3298.23
5366,Shelia Miller,pruittluke@example.com,ES,2024-07-23,Standard,4153.54
5367,Megan Washington,hodgeschase@example.com,SE,2021-05-30,Premium,367.89
5368,Lance Jackson,lwhite@example.org,NA,2022-01-07,Standard,3268.57
5369,Pamela Anderson,sandrawright@example.com,BN,2023-07-31,Premium,1422.61
5370,Scott Levy,zmiller@example.com,GD,2026-09-25,Premium,481.26
5371,David Mcintyre,mary83@example.com,NR,2022-11-27,Basic,3916.11
5372,Cindy Osborn,brandon33@example.com,SE,2020-01-31,Standard,237.44
5373,Ashley Whitaker,melissaperry@example.com,MU,2021-04-22,Standard,897.53
5374,Tony Olson,robert30@example.org,BE,2023-11-12,Premium,420.06
5375,Zachary Smith,heatherhopkins@example.org,IT,2021-02-12,Basic,153.79
5376,Christopher Johnson,shaunmiller@example.org,KZ,2022-10-27,Standard,1019.94
5377,Donna Holloway,ocarey@example.net,EC,2020-09-01,Premium,3228.11
5378,Virginia Warner,morgan54@example.org,SB,2023-10-14,Premium,1277.64
5379,Beth Sanchez,shelbysimon@example.net,GH,2024-12-08,Premium,4885.65
5380,Michael Thompson,caseychristina@example.com,VA,2020-11-05,Basic,319.89
5381,Mary Mora,lawrencewilliam@example.org,US,2023-01-05,Standard,323.84
5382,Deborah Weber,phillipthompson@example.org,IQ,2023-03-16,Standard,556.73
5383,Cameron Webb,derek73@example.org,FM,2024-08-30,Standard,141.55
5384,Cassie Huang,mcbridewendy@example.org,CY,2024-03-21,Standard,3783.23
5385,Jenna Grimes,kimberlylopez@example.com,ID,2021-12-02,Standard,2551.06
5386,Maurice Morgan,hendersonamy@example.org,KE,2022-03-03,Standard,3784.03
5387,Sherry Walker,usimmons@example.org,LK,2024-12-30,Basic,1843.6
5388,Erica Hernandez,tfoster@example.com,BI,2025-09-13,Premium,3543.02
5389,Brady Gaines,dominiquechavez@example.org,LK,2025-11-08,Premium,1723.46
5390,Anita Baker,xrivera@example.org,NG,2023-06-10,Basic,2567.53
5391,Michael Hodge,wendy16@example.com,LK,2025-08-15,Basic,4056.72
5392,Heather Harvey,davidcandice@example.com,TV,2025-03-21,Premium,216.06
5393,Clinton Gonzalez,tonya99@example.com,LA,2022-08-28,Standard,2437.07
5394,Jerry Smith,not-an-email,UZ,2020-08-16,Premium,1521.58
5395,Jeffrey Wilson,rharrison@example.net,IR,2020-08-14,Premium,3443.63
5396,Scott Frazier,tammyrodriguez@example.net,UA,2020-11-20,Premium,4437.5
5397,Jose Barnett,rangeljonathan@example.org,CA,2025-01-17,Premium,4768.81
5398,Matthew Garza,amber85@example.org,SD,2022-09-21,Premium,4433.57
5399,John Johnson,jared51@example.org,LB,2024-05-30,Basic,3305.68
5400,Victoria Fletcher,camerongonzales@example.org,UY,2023-11-25,Basic,889.13
5401,Amy Cooke,sarahgonzalez@example.com,IL,2024-01-16,Basic,2629.87
5402,Ian Green,johnfowler@example.net,DM,2022-09-04,Basic,3082.82
5403,Robert Stephens,hannahthomas@example.com,SR,2021-12-10,Basic,4658.11
5404,Leslie Swanson,kendra02@example.net,KI,2020-10-18,Standard,2292.65
5405,Justin Berry,avilaelizabeth@example.net,BS,2022-01-29,Premium,1761.2
5406,Todd Carlson,danielturner@example.org,ZA,2022-07-25,Standard,3155.01
5407,Daniel Holmes,orodriguez@example.com,PT,2022-07-05,Standard,296.06
5408,Angela Garcia,floresjohn@example.com,KZ,2024-02-25,Basic,3893.46
5409,Rebecca Guerra,iharrison@example.com,ME,2020-02-13,Standard,1271.64
5410,Larry Rocha,sylvia12@example.org,PH,2021-07-22,Basic,3073.7
5411,Linda Chase,chowell@example.org,UG,2024-09-25,Premium,2877.81
5412,Dr. Denise Spencer,chloebrown@example.org,KH,2022-07-22,Standard,577.29
5413,Timothy Chen,julia86@example.net,IL,2022-04-06,Premium,798.85
5414,Stephen Stephenson,daniellecooper@example.org,PG,2022-12-12,Standard,2780.97
5415,Aaron Myers,hamiltonkenneth@example.org,SR,2025-11-05,Premium,2544.67
5416,Denise Perez,ymartinez@example.com,LU,2025-01-26,Standard,1637.22
5417,Robert Chen,christopher25@example.net,GB,2021-09-08,Standard,891.22
5418,Craig Byrd,robinsonmark@example.com,DK,2020-05-15,Standard,2924.91
5419,Cheryl Shepard,christinefrey@example.com,SG,2023-01-16,Standard,537.22
5420,Elizabeth Mahoney,christina19@example.com,PT,2021-04-18,Premium,3582.21
5421,Kayla Myers,donaldmarquez@example.net,IR,2022-06-15,Standard,1363.93
5422,Christina Sullivan,ddavis@example.org,NZ,2021-05-11,Standard,4894.57
5423,Mark Harper,michael39@example.com,MN,2022-03-23,Standard,3286.43
5424,Keith Gilbert,catherinemedina@example.org,BH,2024-11-02,Premium,4705.16
5425,Michele Meyer,heather41@example.com,TT,2023-08-22,Basic,2492.47
5426,Lisa Gaines,collinsashlee@example.org,IN,2021-03-23,Standard,4309.12
5427,David Bowen,rileysteven@example.com,CY,2020-12-14,Standard,2104.26
5428,Troy Ward,antonio05@example.org,CH,2021-11-13,Basic,4593.99
5429,Mr. William Tyler,michealmccall@example.com,MU,2024-01-07,Premium,2260.06
5430,Crystal Oconnell,mhudson@example.com,LI,2025-08-08,Basic,4239.69
5431,Lauren Foster,katie19@example.com,AO,2020-06-17,Standard,1931.05
5432,Tracy Ramirez,ugarcia@example.org,IR,2022-12-04,Basic,2124.65
5433,Kathryn Palmer,donaldmatthews@example.com,BT,2020-09-16,Standard,1387.85
5434,Allen White,bradley14@example.com,IE,2024-07-16,Basic,309.11
5435,Jill Jensen,ericksonyvette@example.com,CN,2025-06-01,Basic,379.59
5436,Melissa Johnson,scooper@example.com,KW,2021-06-11,Premium,3528.75
5437,Diane Summers,jamesmorrow@example.org,ZW,2022-04-05,Basic,138.92
5438,Stacey Delacruz,,JP,2023-05-07,Premium,1524.24
5439,Kristin Phillips,blakehenderson@example.org,NA,2023-05-15,Premium,2893.66
5440,Mary Stevenson,harrisdanielle@example.net,HN,2023-12-21,Premium,1192.95
5441,Timothy Sanford,ostevenson@example.org,GA,2025-03-30,Standard,3378.84
5442,Cynthia Potter,kruegerjade@example.com,CG,2021-09-15,Standard,2382.8
5443,Sandra Garcia,christopherreyes@example.org,NZ,2023-04-13,Basic,2722.07
5444,Tonya Jones,omurray@example.net,SK,2023-12-28,Standard,634.68
5445,Robert Johnson,mooremolly@example.net,TH,2020-09-05,Premium,3685.71
5446,Kenneth Castillo,townsenddonald@example.net,MK,2021-06-12,Standard,3864.26
5447,Cynthia Howard,joseph11@example.net,TD,2022-09-12,Premium,2067.45
5448,Theodore Hayes,alexandrawright@example.net,ME,2024-02-02,Premium,1654.7
5449,Alan Moore,tammy20@example.org,BN,2022-05-09,Basic,2482.85
5450,Bernard Flores,guzmanandrew@example.org,VU,2022-11-06,Basic,3732.3
5451,Brenda Jacobson,christinayoung@example.net,BT,2024-01-18,Premium,1464.04
5452,Karen Robinson,seancordova@example.com,GM,2020-02-23,Premium,2770.9
5453,Michael Trevino,barbara68@example.net,TR,2025-09-08,Standard,813.02
5454,Justin Kelley,jocelyn01@example.org,KZ,2024-03-23,Premium,1668.91
5455,Miss Stephanie Middleton,erika44@example.net,KR,2025-07-14,Premium,4940.27
5456,Jeremy Brown,lindseymadison@example.net,PT,2022-12-12,Standard,405.76
5457,Chad Garcia,nbryant@example.net,BF,2020-01-31,Standard,3968.84
5458,Nicole Burton,audreyjohnson@example.org,EE,2020-10-20,Standard,1145.76
5459,Nathaniel Hall,wanderson@example.org,BG,2020-01-14,Premium,4353.3
5460,Sierra Gibson,lisa75@example.com,CI,2025-12-03,Basic,2172.31
5461,Anthony Brown,pcarrillo@example.net,GH,2020-12-07,Standard,3214.87
5462,Christopher Bailey,bhughes@example.net,VU,2021-03-31,Premium,794.52
5463,Christopher Mitchell,coreyclark@example.com,MM,2023-09-01,Standard,2084.84
5464,Kristina Fowler,suzanne56@example.org,BI,2023-06-18,Standard,4381.5
5465,Timothy Nguyen,silvajessica@example.com,KG,2023-06-24,Standard,4369.32
5466,Jacob Clark,mpatterson@example.com,PS,2020-06-13,Basic,1149.11
5467,Samantha Bailey,xmcconnell@example.net,MH,2023-05-02,Standard,1001.98
5468,Whitney Kim,rachel57@example.com,RS,2023-04-05,Premium,552.96
5469,Jason Diaz,fostercarol@example.net,NG,2020-01-10,Standard,1775.89
5470,Andrea Brooks,edwardsderrick@example.com,NG,2025-07-16,Standard,906.21
5471,Shane Coleman,fbernard@example.net,MK,2023-01-07,Standard,4715.51
5472,Amber Frank,arussell@example.net,YE,2020-04-11,Standard,2429.95
5473,Rachael Poole,anthony41@example.com,CV,2022-05-03,Basic,3940.9
5474,Scott Soto,anthonymendez@example.org,LT,2024-07-29,Basic,2240.24
5475,Reginald Walker,thompsonlisa@example.net,JM,2021-01-17,Basic,2894.55
5476,Veronica Koch,rachaelgray@example.com,WS,2021-08-04,Premium,2848.45
5477,Kayla Baker,umccoy@example.net,BY,2020-07-29,Basic,1072.94
5478,Erin Wood,jessicapayne@example.org,ZM,2020-10-15,Basic,3373.02
5479,Jonathan Guerrero,hamiltonmichael@example.com,KH,2025-12-08,Basic,808.62
5480,Briana Pierce,upearson@example.org,X1!,2023-11-20,Basic,4933.2
5481,Amanda Kelley,wcontreras@example.net,PK,2025-12-12,Basic,3739.9
5482,Bobby English,ballen@example.org,TM,2021-06-30,Basic,3692.32
5483,Tanya Brown,campbellwanda@example.com,UY,2023-04-04,Premium,837.48
5484,Ashley Pena,bryan59@example.com,MM,2024-07-05,Standard,4675.72
5485,Thomas Gay,caroline42@example.org,AM,2024-08-28,Standard,4335.08
5486,Michael Stein,walterjacob@example.net,NE,2024-04-17,Premium,3980.88
5487,Sandra Payne,markjohnson@example.com,KR,2021-12-03,Basic,2091.29
5488,Barbara Williams MD,mary70@example.com,TT,2020-09-18,Basic,3639.2
5489,Alyssa Mathews,qdavis@example.com,TZ,2025-12-20,Standard,4722.29
5490,Jacob Garcia,kristin83@example.com,US,2021-08-26,Premium,3208.04
5491,Heather Gallegos,toddmclaughlin@example.net,NE,2021-11-17,Basic,4850.34
5492,Stacey Perry,hooverpaul@example.net,SV,2023-07-01,Premium,278.78
5493,Jessica Smith,tylermartinez@example.org,DO,2025-05-06,Basic,4897.26
5494,Billy Taylor,michael96@example.net,CG,2024-04-08,Standard,3512.59
5495,Christine Green,nicole85@example.net,HR,2022-01-02,Premium,3044.62
5496,Ian Delacruz,brittany13@example.net,SR,2022-07-16,Premium,1805.62
5497,Kendra Harrell,hoffmanchristopher@example.net,FM,2024-05-30,Premium,4861.55
5498,Barbara Hall,qbishop@example.org,GE,2025-02-16,Basic,4780.01
5499,Christopher Miller,dsmith@example.org,CY,2021-03-18,Standard,4087.52
5500,Mr. David Reese,nmalone@example.net,BB,2022-12-08,Premium,1579.53
5501,Cheryl Meza,jillrivas@example.org,EG,2025-01-18,Standard,2560.22
5502,Joseph Hopkins,michellerodriguez@example.com,SG,2025-04-10,Premium,3526.65
5503,Annette Gilmore,thomas04@example.org,SV,2024-08-27,Basic,4995.34
5504,Leslie Smith PhD,williammartin@example.com,BY,2025-03-21,Standard,2110.9
5505,Kimberly Harrington,melissaglover@example.org,SA,2022-12-28,Standard,4158.11
5506,David Walker,francojoanne@example.com,TO,2022-12-14,Standard,2663.53
5507,Margaret Jimenez,johnreed@example.org,HT,2021-01-08,Standard,655.56
5508,Christopher Miller,melissa97@example.net,NL,2022-06-14,Premium,2348.24
5509,Mrs. Angela Cruz MD,butlerbradley@example.org,CD,2023-04-26,Standard,966.79
5510,Jim Hampton,ureynolds@example.net,ZW,2024-12-09,Basic,897.02
5511,Jasmine Clayton,darrenhorton@example.net,LT,2022-01-10,Standard,1969.66
5512,Ashley Nelson,sweaver@example.net,LR,2020-04-06,Basic,3473.9
5513,Justin Wilkinson,,MK,2020-02-29,Standard,3207.13
5514,Lauren Moss,staylor@example.com,CY,2021-08-18,Basic,3139.84
5515,Donna King,victoria17@example.com,NG,2023-12-14,Premium,4977.28
5516,Aaron Baker,snguyen@example.com,IL,2021-05-20,Premium,539.23
5517,Heidi Collins,yatesjocelyn@example.org,LB,2021-10-30,Premium,3119.68
5518,Nicole Ferguson,uevans@example.org,TJ,2020-10-21,Standard,608.01
5519,Danielle Zavala,shebert@example.org,BO,2023-08-30,Basic,3783.46
5520,Courtney Kim,hpeterson@example.org,VE,2021-06-04,Basic,588.54
5521,Dr. Casey Waters,xrojas@example.com,CZ,2021-04-15,Standard,2566.47
5522,Zachary Arellano,moranmelissa@example.net,GE,2020-12-23,Premium,3371.78
5523,Dwayne Taylor,theresafoley@example.org,BD,2021-08-25,Standard,1138.17
5524,Linda Reed,rwilliams@example.org,NP,2022-09-01,Standard,2802.78
5525,Thomas Munoz,nhurley@example.org,MR,2021-06-01,Premium,1058.25
5526,Kiara Moon MD,rdiaz@example.net,EE,2020-12-15,Standard,4757.7
5527,Caitlin Miller,lauren51@example.net,BH,2025-10-24,Standard,4841.32
5528,Jordan Mccarthy,roserhonda@example.net,VN,2023-05-04,Standard,2123.38
5529,Kathleen Oneal,justindeleon@example.org,NG,2021-08-15,Basic,3548.79
5530,Thomas Mcgee,matthew43@example.org,JM,2021-07-13,Basic,2039.46
5531,Brett Larson,colleennelson@example.net,GQ,2023-05-20,Standard,3932.76
5532,Charles Rowe,glennchloe@example.org,KZ,2025-08-29,Basic,1489.66
5533,Courtney Bennett,denniswong@example.org,KM,2024-06-10,Basic,1396.05
5534,Kathleen Yu,jonathan83@example.net,LK,2023-02-04,Standard,3399.17
5535,Dr. Bradley Stein,tyler89@example.com,US,2020-03-03,Premium,4510.92
5536,Eric Rodriguez,thomasmartin@example.com,JP,2025-11-27,Standard,260.11
5537,Zachary Alexander,kellylisa@example.net,GE,2023-11-28,Premium,851.54
5538,Krystal Snyder,daniel65@example.org,CD,2020-07-05,Standard,4219.77
5539,Jaime Phillips,waltonsteven@example.com,BH,2025-04-10,Basic,4118.17
5540,Courtney Price,megan51@example.org,AU,2020-09-13,Basic,1655.61
5541,Jason Medina,pcallahan@example.net,PY,2020-02-12,Premium,4799.89
5542,Devin Yates,mcgeeamy@example.com,SC,2025-12-17,Standard,1284.97
5543,Scott Frost,thompsonlinda@example.net,DJ,2020-06-12,Standard,1044.04
5544,Samuel Stanton,marcia12@example.net,HR,2021-02-24,Basic,2027.26
5545,Seth Friedman,brownoscar@example.org,OM,2023-02-16,Premium,4026.53
5546,Richard Nunez,ericamoore@example.org,TR,2020-02-23,Basic,2202.6
5547,Steve Long,troy31@example.com,UY,2020-12-15,Basic,2013.02
5548,Steven Farley,clarkmatthew@example.com,AE,2020-07-21,Basic,951.21
5549,Caitlin Velazquez,qmoore@example.com,NO,2025-07-20,Standard,2634.66
5550,Ryan Jackson,fprice@example.com,BA,2022-09-17,Standard,1231.75
5551,Robert Carney,sheila24@example.net,TW,2022-08-22,Basic,4025.74
5552,Kyle Simmons,michaelmunoz@example.net,BF,2021-01-09,Basic,680.03
5553,Bradley Wilkinson,pwilliams@example.org,JP,2022-04-02,Basic,3942.98
5554,Lisa Gaines,cesarpatterson@example.org,MG,2025-02-06,Basic,4591.66
5555,Stephen Knight,jacob11@example.net,DZ,2022-04-12,Basic,879.36
5556,Diana White,davisandrew@example.net,IL,2024-05-20,Standard,1098.44
5557,Lisa Mccormick,bmonroe@example.net,SG,2021-04-13,Premium,225.64
5558,Nicole Stafford,ronaldflores@example.net,TJ,2021-06-11,Premium,3181.58
5559,Joann Cunningham,wgreen@example.net,JP,2022-09-09,Basic,849.94
5560,Maria Brown,jason82@example.com,LR,2025-07-13,Basic,3567.12
5561,William Mercado,bryan78@example.net,NR,2022-06-03,Premium,2901.79
5562,Mr. Evan Brown,cookadam@example.com,OM,2025-06-11,Premium,3737.46
5563,Stacey Green,rodriguezstephanie@example.net,GN,2023-02-18,Premium,4918.73
5564,Regina Gutierrez,brewerdawn@example.net,UA,2024-01-28,Basic,3194.36
5565,Daniel Yoder,wileyjennifer@example.net,VU,2020-12-04,Standard,1014.12
5566,Logan Cruz,charles87@example.com,PG,2025-10-07,Basic,4499.76
5567,Christopher Hart,nicholaswalker@example.net,AO,2020-05-01,Standard,1049.76
5568,Jason Tyler,howelltimothy@example.net,TM,2020-05-22,Premium,3658.93
5569,Andrea Brown,hsnyder@example.org,MW,2024-12-26,Standard,3874.92
5570,Brittany Blair,bill17@example.org,ET,2023-05-30,Basic,353.57
5571,Tiffany Washington,qgarcia@example.com,PK,2025-04-22,Premium,4681.38
5572,Karen Wolfe,orobinson@example.org,NI,2023-07-19,Basic,213.39
5573,Jillian Lynch,dcollins@example.org,BD,2024-10-23,Basic,4348.0
5574,Lee Pearson,not-an-email,UG,2020-02-05,Premium,2349.73
5575,Jose Anderson,ejames@example.net,AG,2024-02-18,Basic,701.15
5576,Thomas Hartman,fwilliams@example.org,AO,2022-04-08,Premium,1484.07
5577,Nicole Anderson,jacksonrandy@example.org,VE,2020-08-07,Premium,554.61
5578,Patrick Martinez,juarezpatricia@example.org,ES,2020-04-01,Standard,4238.66
5579,Derrick Chapman,pattonruth@example.com,VE,2022-04-09,Premium,2014.92
5580,Austin Roberson,campbellkevin@example.org,NO,2023-02-09,Standard,3997.66
5581,Chase Hernandez,bradleyjonathan@example.org,UA,2021-05-17,Standard,460.52
5582,Jasmin Reynolds,danielvillanueva@example.com,AO,2025-08-14,Basic,473.93
5583,Gabriel Nash,cstewart@example.org,MA,2025-03-15,Basic,2157.54
5584,Stephanie Miller,ruthbass@example.com,ZW,2021-08-26,Standard,3204.4
5585,John Reed,aaron24@example.org,ID,2023-02-24,Standard,4061.89
5586,Daniel Hanna,jeremykeller@example.net,LI,2023-11-27,Premium,1563.9
5587,Tommy Anthony,ericmoore@example.com,BW,2021-09-21,Premium,3332.37
5588,Marcia Smith,osbornerobert@example.com,ES,2024-02-21,Basic,3072.61
5589,Eric Wilkerson,williamburns@example.org,SB,2024-09-17,Premium,674.31
5590,Amanda Flowers,cheryl30@example.net,TT,2025-06-21,Standard,4969.32
5591,Sean Todd,ythompson@example.org,ZM,2025-06-26,Standard,4975.09
5592,Lisa Hamilton,megan91@example.net,BB,2020-12-09,Basic,2777.77
5593,Barbara Perry,michelle58@example.com,ES,2021-07-17,Premium,2656.57
5594,John Love,sanchezlisa@example.net,PG,2021-10-29,Standard,4640.26
5595,Christopher Shaw,cynthiathompson@example.com,GM,2020-08-31,Premium,3069.94
5596,Carrie Mcdonald,usimmons@example.com,TW,2020-11-15,Basic,212.89
5597,Bethany Callahan,tina45@example.net,IS,2024-05-26,Basic,3828.71
5598,Nicholas Cortez,dawnatkinson@example.org,MV,2023-11-19,Premium,4347.68
5599,Stephanie Elliott,rachel38@example.net,EC,2022-06-29,Premium,4503.0
5600,William Torres,jennifer35@example.com,NI,2025-11-24,Premium,1704.94
5601,Casey Juarez,xcabrera@example.com,SV,2023-02-01,Premium,508.87
5602,Madison Beck,maureenmendez@example.org,CG,2022-03-18,Basic,4705.26
5603,Julie Sanders,mcculloughemily@example.com,AG,2021-03-18,Standard,1440.97
5604,Brandon Schaefer,kaitlyn81@example.net,MU,2020-08-05,Premium,4770.82
5605,Hayden Lynch,anawilson@example.net,PL,2025-01-09,Standard,3569.61
5606,Gail Ray,bennettrachel@example.com,DZ,2025-04-01,Basic,1542.17
5607,Jeffrey Newton,davidlang@example.org,AZ,2022-03-09,Basic,4064.16
5608,Sandra Brown,kenneth00@example.org,PK,2023-12-07,Standard,2612.02
5609,Adrian Brooks,jknight@example.com,BA,2022-12-05,Standard,4619.51
5610,Adam Chen,patrickgonzalez@example.org,MX,2022-06-24,Standard,947.5
5611,Darrell Davidson,parkerchristian@example.org,PK,2024-11-09,Basic,4245.58
5612,Kathryn Castaneda,rriddle@example.org,IQ,2022-01-14,Basic,1477.31
5613,Jessica Woodard,brittanyjohnson@example.com,SV,2025-02-06,Standard,604.18
5614,James Rodriguez,williamharris@example.net,SD,2025-12-19,Basic,1626.77
5615,Jonathan Erickson,hannahbarber@example.com,KR,2025-03-25,Premium,4773.43
5616,Duane Wells,angelasilva@example.com,LU,2025-03-25,Standard,2224.01
5617,Leah Owen,denisecook@example.net,PK,2020-10-19,Standard,2176.31
5618,Leah White,matthew40@example.net,CF,2025-06-22,Basic,1431.2
5619,Alex Rodriguez,wwilson@example.com,PE,2025-08-16,Standard,3152.26
5620,Jacqueline Knight,griffithscott@example.net,ST,2023-02-28,Basic,1976.92
5621,Vanessa Jordan,melissalewis@example.net,LU,2022-04-13,Premium,2879.0
5622,Monica Smith,destinyrojas@example.org,UG,2024-10-21,Standard,4499.68
5623,Sharon Wood,shawnshort@example.net,AE,2022-01-03,Premium,2302.08
5624,Ian Collins,hroman@example.org,BY,2021-04-23,Premium,4794.68
5625,Jeremy Martinez,elizabethdiaz@example.org,NG,2024-06-05,Standard,2975.66
5626,Justin Thompson,christopher69@example.com,KR,2020-11-07,Standard,3059.02
5627,Joshua Jones DVM,mariosutton@example.net,GM,2021-04-27,Basic,4756.85
5628,Kayla Silva,sloankrista@example.com,SO,2022-02-02,Basic,1826.04
5629,Carrie Hamilton,blewis@example.com,FJ,2025-05-18,Premium,661.78
5630,Caleb Miller,aarongreene@example.org,SY,2024-01-15,Standard,2204.0
5631,Miranda Alvarez,eric77@example.com,CA,2022-07-10,Premium,1852.95
5632,Jeremiah Taylor,vcallahan@example.com,AZ,2021-11-20,Premium,1154.4
5633,Kevin Sutton,wendypayne@example.net,MY,2024-12-16,Standard,1922.62
5634,Denise Miller,lorraine33@example.org,BS,2023-02-08,Standard,699.29
5635,Mark Weaver,tamara26@example.net,CN,2020-07-09,Standard,3472.63
5636,Mitchell Douglas,baldwinkaren@example.com,HU,2020-08-05,Basic,1711.46
5637,Nancy Pierce,duanehopkins@example.com,MH,2021-01-06,Standard,2880.6
5638,Steven Copeland,laurenrobertson@example.com,BR,2022-05-24,Standard,4503.85
5639,Dylan Morris,kyle30@example.org,PL,2023-11-20,Basic,424.55
5640,Robin Hines,erojas@example.com,CM,2023-11-15,Standard,3048.83
5641,Jason Randall,mindy83@example.org,MZ,2023-11-21,Basic,1165.57
5642,Stacey Walker,janicegonzalez@example.com,PH,2021-06-19,Basic,1462.44
5643,Jonathan James,chavezbrian@example.com,AO,2024-05-28,Basic,4736.73
5644,Jessica Williams MD,andrew52@example.com,BR,2022-09-27,Basic,466.64
5645,Luis Watson,derekhines@example.com,SB,2025-09-09,Basic,2166.58
5646,Michael Brown,alexis43@example.net,NZ,2021-08-17,Standard,1657.14
5647,Christine Aguilar,awilliams@example.org,TG,2023-02-14,Standard,1070.94
5648,Steven Freeman,hchen@example.net,CM,2023-12-17,Premium,4033.35
5649,Lauren Davidson,gmiller@example.net,UA,2023-07-21,Standard,329.28
5650,Ryan Rodriguez,ihutchinson@example.org,NG,2023-06-15,Standard,2164.06
5651,Joseph Jones,stephen01@example.net,AU,2021-12-29,Premium,2318.65
5652,Jeffrey Wilkinson,davidanderson@example.net,BT,2025-10-15,Basic,1701.69
5653,Lisa Jackson,meadowsvalerie@example.com,NZ,2022-01-01,Standard,1258.47
5654,Katherine Burns,harrismegan@example.com,JP,2022-01-08,Premium,1496.68
5655,Gabriel Reeves,brhodes@example.org,LY,2023-06-01,Basic,3938.2
5656,John Hopkins,davisapril@example.org,LI,2022-01-20,Basic,4940.98
5657,Lori Morgan,hlewis@example.com,DO,2022-08-16,Standard,1493.39
5658,Darlene Steele,fjackson@example.net,FI,2022-10-24,Standard,281.34
5659,Gene Lopez,richard74@example.net,NI,2021-09-21,Basic,4598.37
5660,Jessica Griffin,ronnie54@example.net,ID,2025-01-26,Premium,1753.21
5661,Ryan Wyatt,not-an-email,EE,2023-03-26,Premium,440.33
5662,Gary Nguyen,rmullen@example.org,MG,2020-08-19,Premium,4166.27
5663,Gina Clark,ibrooks@example.net,HR,2020-05-07,Standard,3643.94
5664,Lisa Gillespie,amymccormick@example.com,QA,2022-06-29,Standard,1654.23
5665,Eric Martin,daniellestone@example.net,DZ,2025-04-22,Standard,2061.69
5666,Anita Coleman,iwilcox@example.net,ZA,2021-06-29,Basic,3895.61
5667,Terry Fisher,wrichardson@example.org,LC,2024-05-07,Standard,3100.37
5668,Sabrina Welch,patriciahall@example.com,OM,2024-08-21,Standard,1562.37
5669,Mr. Ryan Johnson,james71@example.net,CG,2025-02-16,Standard,2517.35
5670,Mrs. Alexandria Lambert,austin35@example.net,TW,2023-02-12,Invalid,4839.05
5671,Michael Calhoun,ugonzalez@example.org,BF,2023-01-24,Premium,4231.07
5672,Jessica Foster,gpark@example.net,IQ,2021-04-07,Basic,603.44
5673,Kathleen Bullock,gfox@example.com,MG,2022-11-06,Premium,334.39
5674,Molly Harvey,steven97@example.org,BZ,2025-02-13,Premium,779.8
5675,Judith Hayden,robert90@example.com,TZ,2021-10-02,Standard,4320.8
5676,Rebecca Fowler,cole83@example.org,SA,2024-04-01,Basic,2234.84
5677,Jenna Gates,dustin03@example.org,MV,2024-01-09,Premium,531.28
5678,Martin Ferrell,ruth41@example.org,IR,2025-08-20,Basic,4521.15
5679,Jeremy Russell,murillojeffrey@example.com,EE,2024-07-11,Standard,4099.12
5680,James Kim,jennifermccoy@example.net,NI,2025-01-12,Basic,4948.87
5681,Andre Nelson,karinagarza@example.org,KI,2025-03-05,Basic,4353.27
5682,Tyler Daniels,sjones@example.net,PE,2024-08-20,Standard,4428.26
5683,Brian Fields,matthewwelch@example.com,GB,2022-06-19,Premium,642.94
5684,Darrell Rosales,joyce83@example.net,KI,2020-05-29,Standard,467.71
5685,Laura Willis,john12@example.org,AU,2023-05-08,Standard,3470.82
5686,Thomas Collins,dillonjoshua@example.net,PG,2023-02-12,Standard,1422.57
5687,David Wilkerson,nsharp@example.org,GA,2020-03-11,Premium,4631.81
5688,Emily Carter,gmartinez@example.net,RO,2021-10-16,Basic,2357.4
5689,Ryan Malone,qjacobs@example.net,ZA,2025-03-23,Premium,1664.73
5690,Tonya May,coreyochoa@example.com,CR,2025-09-07,Premium,3789.87
5691,Randall Miller,patricia75@example.org,ES,2022-12-22,Standard,3220.83
5692,Jennifer Miller,joshuabrown@example.net,IS,2025-08-06,Basic,699.63
5693,Lisa Barnes,christopher66@example.org,RO,2023-07-09,Basic,1278.56
5694,Anthony Coleman,bmaxwell@example.org,GH,2020-07-20,Standard,3340.22
5695,Paul Ford,emartinez@example.net,UA,2022-08-25,Standard,1677.37
5696,Michael Wiggins,vasquezjennifer@example.com,AD,2023-06-04,Basic,2465.26
5697,Katherine Smith,georgegonzales@example.com,DK,2023-12-29,Premium,1392.68
5698,Clayton Wagner,stacy00@example.org,UZ,2024-06-01,Standard,3585.77
5699,Nicole Fisher,rodney59@example.com,LK,2023-04-09,Standard,2836.72
5700,Savannah Perry,carolyn87@example.net,IR,2023-07-31,Premium,3331.46
5701,Christopher Clark,garretttran@example.com,SC,2023-08-12,Basic,4293.73
5702,Christine Richardson,yschmidt@example.com,LR,2022-10-28,Basic,482.28
5703,Jasmine Nguyen,carpenterjorge@example.com,JO,2022-11-26,Standard,395.31
5704,Ashley Anderson,michaelstevens@example.org,IL,2021-03-25,Premium,3385.44
5705,James Goodwin,jessica09@example.com,KW,2020-06-15,Standard,4110.71
5706,Maria Hall,kayla26@example.com,EE,2022-03-21,Premium,2489.46
5707,Katherine Patterson,tinahernandez@example.net,SC,2020-11-14,Standard,1122.44
5708,Amy Thomas,alicia86@example.com,CG,2020-05-10,Basic,3831.85
5709,Cynthia Morrison,msalazar@example.org,KM,2023-10-10,Basic,4306.45
5710,Margaret Campos,johngonzalez@example.org,SL,2025-03-28,Standard,3571.71
5711,Jose Arnold,yboyd@example.net,CZ,2022-09-04,Basic,854.59
5712,Jermaine Grant,grasmussen@example.com,MG,2022-01-26,Basic,617.74
5713,Gary Henry,timothyproctor@example.org,ES,2021-01-30,Premium,1172.05
5714,Kevin Mills,qmcmahon@example.net,NA,2023-10-16,Standard,1989.32
5715,Daniel Roberts,brian67@example.org,WS,2020-03-07,Standard,4352.51
5716,Jessica Nichols,colescott@example.net,PA,2020-12-03,Basic,1094.8
5717,Jennifer Ramos,jacquelineolson@example.net,BJ,2024-11-02,Standard,1020.97
5718,Matthew Kim,ymason@example.net,TN,2025-11-24,Standard,2173.16
5719,Daniel Tucker,barnetteric@example.com,CU,2021-05-13,Basic,1605.02
5720,David Hernandez,yjimenez@example.com,CD,2022-04-29,Basic,3277.08
5721,Larry Mendez,fwebster@example.org,CV,2023-03-03,Premium,2358.68
5722,David Diaz,dwhite@example.com,GA,2023-06-25,Premium,3750.63
5723,Ralph Morton,austin72@example.net,GD,2023-08-06,Premium,181.28
5724,Katie Joseph,alicia00@example.net,VU,2024-03-28,Standard,1016.45
5725,Jessica Lam,kristendaugherty@example.net,KW,2024-11-13,Premium,2433.58
5726,Amy Adams,collinskarla@example.net,GR,2024-02-20,Basic,2317.94
5727,Jade Perez,stephanie53@example.com,KE,2022-01-25,Standard,679.8
5728,Mike Freeman,jbryant@example.org,CV,2023-09-17,Basic,511.93
5729,Terry Cross,avilamario@example.org,GW,2024-03-08,Standard,1139.12
5730,Jonathan Taylor,judy76@example.net,PW,2025-09-12,Standard,2560.73
5731,Melissa Sanchez,princedaniel@example.com,GY,2024-07-31,Basic,1735.32
5732,Kristopher Smith,eblack@example.org,PS,2025-03-23,Standard,1435.69
5733,Glenn Smith,powellmichele@example.net,LA,2025-09-26,Premium,340.76
5734,Joseph Ho,michelleenglish@example.org,CV,2020-06-26,Standard,3686.81
5735,Henry Graham,jasonmartinez@example.com,CH,2025-03-13,Standard,1050.26
5736,Mrs. Pamela Lopez,diana76@example.net,US,2025-10-31,Premium,2073.19
5737,Cynthia Miller,lsilva@example.org,RO,2021-03-12,Basic,1452.04
5738,Megan Graham,jeanette06@example.org,NG,2020-01-30,Basic,2518.72
5739,Amy Taylor,tcarter@example.net,KH,2025-06-02,Standard,635.0
5740,Connor Johnson,mlane@example.org,SM,2020-09-04,Premium,3267.09
5741,Carlos Alexander,ktaylor@example.org,AF,2020-11-14,Premium,1175.94
5742,Dustin Ward,shawbrandon@example.com,BF,2024-09-06,Premium,4485.79
5743,Brian Davis,sbrown@example.net,ST,2023-05-11,Basic,1404.27
5744,Ms. Erika Austin DDS,joseph09@example.org,ST,2022-02-14,Premium,2707.45
5745,Heather Parker,deanjacob@example.com,BA,2025-08-29,Standard,1209.68
5746,Troy King,etorres@example.org,LU,2025-01-24,Basic,3527.61
5747,Alexander Hartman,bassphilip@example.org,TV,2022-05-24,Standard,2020.35
5748,Mark Savage,alex12@example.net,RS,2023-11-22,Premium,1177.45
5749,Jason Fuller,dreynolds@example.com,AT,2021-04-29,Basic,1414.51
5750,Sandra Phelps,heather65@example.com,SO,2025-11-27,Premium,938.04
5751,Robert Berry,brandymcintosh@example.com,RU,2025-05-06,Premium,1803.4
5752,Shawn Bridges,bushmark@example.org,BS,2021-08-07,Standard,3558.68
5753,Lacey Reilly,bmorton@example.net,CM,2024-02-29,Standard,3696.02
5754,Terry Nelson,blankenshipkayla@example.com,ER,2020-02-28,Premium,1006.89
5755,Carol Garcia,andersondeborah@example.net,CR,2021-07-04,Basic,3148.38
5756,Willie Frederick,pattonstacy@example.org,AF,2021-05-28,Basic,1596.09
5757,Mrs. Yesenia Wood,johnferguson@example.org,GE,2023-09-03,Basic,1269.24
5758,Craig Macias,jbaker@example.com,NI,2021-11-07,Standard,3439.07
5759,Susan Long,adkinssusan@example.net,BB,2021-12-01,Premium,1017.99
5760,Susan Johnston,samantha38@example.org,LR,2020-03-09,Standard,794.98
5761,Steven Durham,joseph85@example.com,SR,2022-10-24,Premium,3363.55
5762,Tonya Gibson,christine14@example.net,SK,2020-08-21,Standard,1736.87
5763,Michael Cameron,friedmanjoseph@example.com,BW,2025-03-24,Premium,4874.42
5764,Glenda Rodriguez,johnsonmikayla@example.com,MM,2025-04-30,Premium,936.55
5765,James Patterson,kelly55@example.org,ZW,2022-06-28,Premium,3010.63
5766,Timothy Crawford,nward@example.com,VN,2024-02-09,Standard,2957.48
5767,Darryl Campbell,jessepham@example.org,NP,2023-08-06,Standard,4378.77
5768,William Dixon,christina18@example.net,MX,2021-01-31,Standard,635.99
5769,Christopher Black,vrobinson@example.net,BH,2020-07-30,Premium,2879.61
5770,Christina Barrett,sotochris@example.org,LY,2023-12-15,Standard,4193.26
5771,Theresa Mosley,toddroberts@example.org,KG,2022-08-02,Basic,2565.42
5772,Laura Lee,not-an-email,AE,2021-11-03,Premium,3898.76
5773,Angela Hale,kgrant@example.com,SK,2020-08-29,Premium,1592.55
5774,Kelly Meza,doris13@example.net,MA,2023-04-11,Basic,1744.82
5775,Melanie Torres,rparker@example.org,PG,2024-07-04,Standard,3700.59
5776,Kenneth Barnes,vreed@example.com,RU,2021-03-03,Basic,1360.96
5777,Amy Martinez,joycebaker@example.com,CM,2023-07-16,Standard,1342.33
5778,Eugene Cook,richardsstacy@example.org,JP,2020-07-08,Standard,166.45
5779,Kayla Reynolds,amy01@example.com,BT,2020-08-16,Standard,1575.56
5780,Ronnie Contreras,catherine14@example.com,LR,2024-01-09,Standard,4467.72
5781,Michael Bailey,andrewfuentes@example.com,VA,2021-04-10,Basic,4299.09
5782,Michael Gray,victoria57@example.org,ET,2020-07-28,Basic,2473.34
5783,Kelly Smith,harrischarles@example.com,SD,2022-11-07,Standard,3460.34
5784,Katelyn Berry,qday@example.com,LY,2020-05-30,Basic,3235.02
5785,Annette Aguilar,mark38@example.com,GH,2020-08-10,Premium,4895.32
5786,Shane Thompson,esimmons@example.net,BE,2022-04-20,Premium,3330.9
5787,Joseph Dyer,tcarey@example.net,CU,2023-03-18,Premium,1850.25
5788,Veronica Pearson,morrowcassandra@example.com,AM,2025-02-21,Premium,1297.4
5789,Janice King,youngelizabeth@example.com,SV,2024-09-21,Basic,3509.45
5790,Nathaniel Craig,huntmary@example.com,HT,2020-01-06,Standard,1861.16
5791,Johnny Holloway,jennifertaylor@example.com,EG,2021-04-07,Basic,537.44
5792,Courtney Simmons,brian32@example.net,MV,2020-12-30,Standard,3229.8
5793,Anthony Marshall,jason22@example.com,TW,2025-05-05,Standard,4398.01
5794,Debbie Harris,michelle97@example.org,KP,2024-12-11,Basic,2770.09
5795,Michael Reed,aphillips@example.org,ZW,2025-01-22,Standard,4937.93
5796,Alexander Hoffman,qmoore@example.org,ME,2022-04-12,Invalid,957.27
5797,Michael Wilson,ycarter@example.org,UZ,2021-11-19,Basic,1809.34
5798,Curtis Richardson,jennifer25@example.com,EC,2023-09-09,Standard,2016.03
5799,Cameron Goodwin,garymeyer@example.org,ML,2022-07-26,Standard,4731.81
5800,Lisa Medina,sandra45@example.net,TM,2025-02-07,Standard,1615.68
5801,Martin Ramirez,mmorris@example.com,VU,2021-01-01,Premium,2939.63
5802,Jacob Garcia,wanda38@example.org,NP,2022-09-02,Basic,1782.04
5803,Raymond Brown,mosschristian@example.org,YE,2022-12-10,Basic,702.51
5804,Philip Graves,nkelly@example.net,KZ,2020-06-05,Standard,2876.65
5805,Eric Mclaughlin,makaylarogers@example.net,PS,2024-09-16,Standard,1513.2
5806,Donna Hunter,christineblackwell@example.org,TJ,2021-12-27,Premium,2544.74
5807,Jacob Mitchell,hansonjames@example.com,FM,2024-02-27,Basic,820.94
5808,Carrie Brown,henryerin@example.com,MU,2021-06-29,Basic,836.12
5809,Teresa Reynolds,teresascott@example.org,MK,2022-07-09,Standard,3156.6
5810,Steven Smith,beckchase@example.org,AO,2022-11-08,Basic,896.77
5811,Michelle Clark,susan12@example.org,NI,2020-12-21,Standard,1512.47
5812,Connor Peters,corey22@example.com,HT,2023-07-30,Standard,176.4
5813,Zachary Anderson,joseph37@example.org,LU,2023-10-07,Premium,1164.89
5814,Caleb Williamson,cstephens@example.com,SY,2023-11-16,Basic,704.84
5815,Ronald Miller,fowlerkathleen@example.org,GE,2022-12-31,Standard,1598.53
5816,Charlotte Escobar,wlee@example.com,NI,2021-01-26,Standard,1826.05
5817,Corey Hughes,christopherwalter@example.com,PA,2023-08-31,Premium,344.52
5818,Christopher Warner,gomezmatthew@example.org,PH,2020-06-30,Premium,1816.07
5819,Monica Kim,crystalsmith@example.org,GM,2025-10-19,Standard,3947.79
5820,William Aguilar,deankathleen@example.net,NR,2021-12-23,Basic,3360.1
5821,Linda Watson,bdominguez@example.com,TN,2023-01-19,Basic,859.68
5822,Lisa Robinson,lutzwhitney@example.org,YE,2025-12-11,Premium,3594.67
5823,Sabrina Fleming,paul23@example.net,BS,2023-05-29,Premium,4979.98
5824,Amanda Roberts,matthew75@example.net,PS,2023-08-04,Premium,2217.05
5825,Thomas Chavez,james27@example.org,CO,2022-05-18,Premium,1524.93
5826,Lindsey Ortiz,zmason@example.net,MN,2023-01-10,Premium,2418.57
5827,Debra Jones,emartin@example.org,LC,2024-11-17,Standard,1318.77
5828,Scott Webster,jaclyn47@example.org,VE,2024-01-10,Basic,3221.52
5829,Melinda Roberts,christianmorgan@example.com,SA,2025-08-10,Standard,2055.66
5830,Daniel Brown,stevenberry@example.org,TH,2020-05-25,Premium,4475.86
5831,Laura Rivera,mbishop@example.org,LS,2025-07-10,Standard,3025.49
5832,David Martin,greenjoshua@example.com,DM,2025-03-16,Premium,2863.15
5833,Michael Sanford,iwilliams@example.net,PS,2024-06-13,Basic,4392.07
5834,Kayla Arnold,brandon99@example.net,CI,2020-01-11,Basic,781.96
5835,Elizabeth Garcia,howardbrian@example.com,AL,2021-11-25,Premium,1325.1
5836,Megan Mendoza,jennifer96@example.org,NI,2023-12-28,Standard,2815.99
5837,Carolyn Jenkins,staylor@example.com,FM,2021-07-11,Standard,1594.48
5838,Sharon Mitchell,carolramsey@example.org,JP,2021-04-25,Standard,2876.66
5839,Troy Chavez,devon39@example.net,ME,2020-10-04,Basic,2359.66
5840,Jennifer Curtis,shannonli@example.com,SC,2024-12-07,Premium,1942.23
5841,Brent Holland,martinkristopher@example.com,MW,2025-02-18,Standard,570.61
5842,Christopher Wang,jacobstracy@example.org,AG,2020-09-26,Basic,2265.32
5843,Laurie Smith,wcraig@example.org,LA,2023-08-25,Standard,2568.69
5844,John Banks,davidbrown@example.net,MG,2021-11-28,Basic,3591.73
5845,Kyle Smith,pwilliams@example.org,PT,2025-05-15,Standard,1835.55
5846,Krista White,james17@example.org,AZ,2024-07-30,Standard,2160.48
5847,David Johnson,saralopez@example.com,TR,2024-02-09,Standard,2360.29
5848,Jeremy King,leerebecca@example.org,BZ,2025-06-22,Basic,229.47
5849,Kathy Bishop,eric66@example.org,BT,2022-02-20,Standard,533.3
5850,Alicia Gilmore,sheadawn@example.net,KR,2022-03-17,Premium,3114.52
5851,Billy Nicholson,james66@example.com,BT,2024-02-23,Standard,3954.5
5852,Stephen Mccarthy,christopher45@example.org,ER,2021-03-29,Basic,2609.81
5853,Christy Keith,mariahhunt@example.com,RS,2023-02-02,Premium,3142.36
5854,Jillian Salazar,jennifercarlson@example.com,MH,2021-02-13,Basic,4401.25
5855,Joshua Murillo,michaelwilson@example.net,SB,2025-11-02,Premium,3801.14
5856,Elizabeth Blevins,christopher31@example.com,IT,2020-01-01,Standard,717.09
5857,William Shaw,stephensonshaun@example.com,AL,2020-03-30,Basic,129.17
5858,Jonathan Smith,debraduncan@example.com,CA,2020-08-22,Basic,2355.08
5859,Beth Fry,aharris@example.com,DM,2025-03-11,Premium,514.83
5860,Benjamin Pruitt,qvalentine@example.net,KW,2022-10-14,Standard,4166.48
5861,John Hicks,bcarr@example.com,KM,2025-08-24,Basic,624.54
5862,Scott Lopez,afletcher@example.org,FM,2021-10-31,Basic,577.26
5863,John Hampton,lisagallegos@example.org,DO,2021-05-24,Standard,2870.67
5864,Scott Martinez,mjones@example.com,VU,2023-11-05,Basic,1723.41
5865,Barbara Navarro,roberto16@example.net,BB,2020-07-25,Premium,695.07
5866,Lauren Nguyen,raymondfuentes@example.net,ER,2024-10-10,Basic,3404.62
5867,Judy Edwards,xjones@example.org,GB,2025-01-15,Basic,3613.06
5868,Janet Chambers,christina93@example.org,ES,2020-01-24,Basic,1104.82
5869,Kelsey Williams,laura06@example.net,AL,2022-01-09,Premium,2854.04
5870,Sherry Walker,udoyle@example.net,BN,2021-02-22,Standard,768.37
5871,John Johnson,rebeccamarks@example.net,ML,2020-06-20,Basic,3234.37
5872,Michaela Hoover,brittanymoore@example.org,PL,2023-10-30,Premium,1574.37
5873,Richard Sanchez,jeffreyjohnston@example.net,GQ,2020-11-30,Standard,3623.8
5874,Bryan Allen,ehines@example.org,SR,2022-02-26,Premium,4047.52
5875,Christopher Arnold,cprice@example.net,DJ,2024-12-09,Basic,3470.1
5876,Juan Carter,brittanyreyes@example.com,LS,2021-06-22,Premium,429.0
5877,David Hicks,stephen30@example.com,DE,2020-08-15,Premium,3058.57
5878,Austin Lowe,lisa91@example.net,SD,2024-12-01,Premium,2647.13
5879,Christopher Lawrence,brownalejandro@example.org,SI,2024-03-20,Premium,1101.04
5880,Colleen Wilson,rachel98@example.org,TW,2021-08-18,Standard,220.82
5881,Mackenzie Garza,patriciasmith@example.com,AD,2025-12-08,Basic,2274.7
5882,Diana Chung,parrishjustin@example.org,OM,2025-12-28,Premium,4637.62
5883,Carol Hansen,thomasabigail@example.net,IN,2020-07-31,Standard,2082.33
5884,Richard Miller,rvargas@example.com,EE,2024-07-27,Premium,4119.33
5885,Patrick Wang,blackburndiana@example.com,HT,2021-08-21,Basic,1375.33
5886,Christina Smith,timothy41@example.org,HN,2020-10-17,Basic,3438.47
5887,Casey Farrell,carolyn15@example.org,ML,2022-11-08,Basic,3124.08
5888,Christine Bell,fyoung@example.net,BN,2025-08-02,Standard,816.61
5889,Douglas Frank,gjenkins@example.com,QA,2025-12-16,Premium,1005.56
5890,Michael Harvey,parsonspaige@example.net,CF,2020-08-21,Basic,3321.58
5891,Raymond Bradshaw,gina18@example.com,SL,2020-08-09,Premium,2606.42
5892,Tony Davis,mwilliams@example.net,MN,2020-06-26,Basic,2778.74
5893,Richard Bonilla,williamsmith@example.com,BE,2021-07-01,Standard,2454.29
5894,Melissa Rogers,lisaross@example.com,MY,2023-03-24,Standard,3370.92
5895,James Aguilar,orice@example.net,TH,2020-04-17,Basic,2515.52
5896,Raymond Tyler,gardnermelissa@example.org,SN,2021-08-24,Basic,1448.39
5897,Dr. Paul Bailey Jr.,thomas08@example.org,ER,2021-05-17,Standard,3518.5
5898,Brandon Wilson,terrymary@example.org,KR,2025-12-26,Premium,2373.42
5899,Sandra Turner,andrewwolf@example.com,MU,2023-10-10,Standard,826.02
5900,Leah Thomas,anna34@example.net,GB,2023-05-27,Standard,2339.7
5901,Brandon Hayes,johnward@example.org,IL,2020-02-04,Basic,2008.2
5902,Melvin Gonzalez,lewisscott@example.com,MW,2020-08-15,Basic,1583.53
5903,Michael Rodriguez,rhawkins@example.com,KR,2020-06-03,Basic,3287.07
5904,Susan Flynn,velazquezalexa@example.org,SM,2024-10-10,Basic,3137.39
5905,Sandra Jones,nicholsaudrey@example.net,CU,2021-11-09,Premium,4549.73
5906,Steven Brown,scott47@example.com,DO,2021-05-10,Standard,4817.7
5907,Kenneth Castaneda,thernandez@example.net,BO,2020-06-30,Standard,4423.88
5908,Tracy Silva,stephanie72@example.org,BJ,2022-06-13,Standard,1456.83
5909,Jeffrey Hale,hhenderson@example.com,HN,2025-05-13,Premium,1852.96
5910,Michael Leon,meganpalmer@example.com,ZA,2024-11-26,Basic,1132.82
5911,Amber Brock,xwilliams@example.net,PH,2024-04-25,Basic,2672.77
5912,Caitlin Butler,yali@example.net,IT,2020-07-12,Basic,407.55
5913,James Barnes,rogerskendra@example.org,BS,2020-08-08,Basic,841.87
5914,Timothy Smith,schwartzconnie@example.net,FI,2024-12-06,Basic,3624.12
5915,Katherine Lawrence,lindahenson@example.org,ML,2024-08-03,Standard,2351.46
5916,Gregory Fisher,anthony33@example.com,UZ,2024-04-29,Premium,1463.87
5917,Deanna Williams,bjones@example.net,PS,2024-10-14,Basic,1584.36
5918,Natalie Lee,fuentesjames@example.org,DK,2024-01-06,Standard,434.23
5919,Sarah Fernandez,davidparrish@example.net,FM,2023-07-22,Basic,2470.35
5920,Colleen Aguilar,alecsmith@example.org,BE,2020-01-08,Standard,3068.62
5921,Sheri Cooper,martha90@example.org,KI,2021-06-25,Premium,2922.59
5922,Gary Smith,shannon70@example.net,SZ,2020-04-02,Basic,3899.45
5923,Lisa Bishop,evelynmurray@example.net,TM,2024-11-24,Basic,1370.21
5924,James Trevino,blackjames@example.net,NL,2020-01-16,Basic,1687.98
5925,Kimberly James,awillis@example.org,NG,2025-04-14,Basic,1805.67
5926,Jeremy Levy,gibsonjenna@example.com,ER,2024-03-14,Basic,4166.44
5927,Melanie Mann,haleydean@example.com,IR,2023-08-02,Premium,320.15
5928,Julia Fernandez,powersjoseph@example.net,CU,2024-03-29,Basic,879.98
5929,Rebecca Goodwin,cjohnson@example.net,PW,2021-07-18,Premium,3359.78
5930,Frank Martin,megan81@example.net,CH,2022-01-10,Standard,4677.75
5931,Shelly Petty,lramos@example.net,MN,2025-09-17,Standard,1685.93
5932,Stephen Rodriguez,aliciabrown@example.com,VC,2025-03-07,Premium,4908.51
5933,Alison Allen,jason28@example.net,BO,2020-06-25,Basic,3998.46
5934,Edward Thompson,rpatel@example.net,FJ,2025-08-11,Premium,4508.99
5935,Tammy Lopez,ealvarado@example.org,HT,2024-10-08,Premium,3668.0
5936,Alexandra Torres,kyle84@example.org,PS,2020-04-13,Standard,3803.49
5937,Paul Mercer,kenneth96@example.net,NL,2021-01-26,Standard,4619.64
5938,Mitchell Lopez,aknight@example.net,VN,2020-08-10,Premium,3098.33
5939,Laura Davidson,randy61@example.com,AM,2020-06-15,Premium,283.35
5940,Brandon Williams,richard25@example.com,MD,2023-07-31,Basic,457.12
5941,William Barber,thomasanthony@example.com,PS,2022-05-21,Standard,3072.01
5942,Michele Brooks,brockkathy@example.com,IS,2025-06-28,Premium,4625.4
5943,Ryan Mack,blakesolomon@example.net,PE,2020-06-10,Standard,627.54
5944,Jeffrey Pham DVM,andrewwilson@example.com,SR,2025-05-17,Standard,1950.38
5945,Kristina Elliott,floresstephen@example.org,CH,2023-05-30,Basic,2911.52
5946,James Figueroa,qlopez@example.org,DE,2021-05-11,Premium,1059.02
5947,William Lee,jeremyowens@example.com,MM,2025-05-06,Standard,2243.82
5948,Thomas Walls,ugrimes@example.org,ER,2022-07-10,Standard,1204.93
5949,Elaine Campbell,jbanks@example.net,SE,2021-08-30,Basic,894.24
5950,Stacy Alexander,soneill@example.com,LY,2025-10-31,Basic,4062.49
5951,Jessica Watson,michael92@example.com,CU,2023-03-06,Premium,521.49
5952,James Maldonado,christopher52@example.org,TL,2022-09-09,Premium,3182.67
5953,Christine Rodriguez,zcastillo@example.org,IL,2026-09-25,Basic,571.41
5954,Dustin Barrera,calexander@example.com,FJ,2025-12-17,Premium,4069.04
5955,Angela Novak,leealexandria@example.com,EE,2023-07-03,Premium,1861.85
5956,Tiffany Schmitt,gcontreras@example.net,SV,2022-12-25,Standard,2884.65
5957,Rachel Cross,stephanierivera@example.net,AT,2022-04-17,Premium,1769.49
5958,Julie Faulkner,ethompson@example.com,GE,2023-12-27,Basic,3676.89
5959,Brandon Griffith,kelsey53@example.org,CO,2021-07-27,Basic,3246.94
5960,Megan Hall,courtneyshaw@example.com,VU,2020-05-19,Standard,1031.67
5961,Monique Guerrero,gedwards@example.net,ID,2020-04-12,Premium,2894.81
5962,Anthony Kramer,xsmith@example.net,MG,2022-08-14,Standard,2554.17
5963,Julie Rodriguez,mike22@example.com,KP,2023-05-26,Standard,3130.55
5964,Zachary Frye,matthew95@example.net,RU,2020-06-19,Basic,4281.77
5965,Tracy Gonzalez,danny83@example.org,AF,2023-05-14,Premium,2250.5
5966,Robert Ford,millerdenise@example.net,BE,2025-08-23,Basic,1942.98
5967,Donald Stone,not-an-email,PA,2020-05-11,Premium,2888.85
5968,Scott Ward,rwright@example.net,GM,2025-11-03,Premium,3933.7
5969,Stephen Jones,virginiamccarthy@example.org,SY,2020-11-23,Standard,594.47
5970,Jennifer Carpenter,cindy35@example.net,SG,2024-10-01,Standard,1229.81
5971,Jean Black,kclark@example.com,KW,2023-11-05,Basic,2748.64
5972,Jessica Wells,stevengarrett@example.com,KG,2023-01-23,Premium,1197.7
5973,Destiny Elliott,guzmannoah@example.org,TO,2022-05-09,Standard,4619.14
5974,Valerie Velasquez,sandrasimmons@example.com,WS,2021-10-12,Standard,2013.09
5975,Kim Knight,rthompson@example.com,PS,2025-11-27,Invalid,432.97
5976,Tracy Miller,laura09@example.org,PK,2021-10-20,Premium,4843.76
5977,Keith Williams,jenningsdouglas@example.org,EG,2021-10-31,Premium,2718.68
5978,Matthew Huerta,christian68@example.com,AU,2025-09-29,Premium,4280.66
5979,Michelle Caldwell,wendyfreeman@example.org,SO,2021-12-12,Basic,2550.23
5980,John Jones,potterjamie@example.org,RS,2025-02-26,Standard,3131.36
5981,Dustin Brennan,john67@example.com,SN,2022-08-02,Basic,3517.84
5982,Mark Jones,montoyaveronica@example.org,GM,2021-11-09,Premium,2955.59
5983,Mary Gomez,john67@example.org,BG,2025-11-26,Standard,3300.84
5984,Kimberly Jones,rmcclure@example.com,UY,2024-06-24,Premium,1756.42
5985,Charles Nelson,buckerin@example.org,CZ,2025-10-03,Standard,1082.51
5986,Dr. Kathryn Stone,hannahsmith@example.net,CL,2022-02-18,Premium,782.51
5987,Reginald Rivera,alvaradoshannon@example.org,PK,2021-08-08,Basic,4102.14
5988,Megan Kaufman,meaganevans@example.net,LV,2022-12-27,Standard,4628.45
5989,Julie Valdez,ojones@example.org,MR,2021-10-20,Basic,4570.37
5990,Jennifer Fox,rclark@example.org,CO,2024-11-05,Premium,1254.52
5991,Edward Guzman,kmercado@example.com,NP,2021-10-15,Premium,4047.74
5992,Daniel Garcia,mcbridealexis@example.com,TH,2023-03-03,Basic,4531.19
5993,Karen Gray,heatherwells@example.org,ER,2024-01-28,Basic,4191.52
5994,Christopher Torres,reesegilbert@example.net,OM,2022-12-11,Premium,1794.64
5995,Kelli Skinner,burnsryan@example.com,LK,2024-11-18,Premium,4754.55
5996,Elizabeth Brandt,graycolleen@example.com,TT,2025-05-05,Basic,3722.52
5997,Nicholas Mccoy,ralvarado@example.org,CH,2024-04-05,Premium,4448.84
5998,Haley Thomas,kristina21@example.org,CL,2023-12-21,Standard,4738.34
5999,Kaitlyn Parks DVM,medinadonald@example.org,BG,2025-04-17,Standard,3644.32
6000,Christopher Weaver,barbarahoward@example.org,SM,2022-02-25,Premium,274.44
6001,Jeff Jones,awilson@example.org,JO,2023-06-05,Basic,1203.7
6002,Deborah Owens,penny91@example.org,RU,2022-10-27,Standard,2214.43
6003,James Nguyen,orobertson@example.net,SC,2021-02-23,Standard,3929.56
6004,Peggy White,not-an-email,BF,2022-03-10,Premium,205.07
6005,Seth Smith,davidford@example.org,FM,2020-12-02,Premium,229.13
6006,Ryan Hill,guerrerosherry@example.net,IE,2024-03-02,Premium,2717.51
6007,Emily Merritt,yherrera@example.com,MY,2024-08-31,Standard,3441.51
6008,Monique King,ramirezjennifer@example.com,AG,2024-08-21,Basic,188.66
6009,Sara Hood,lewisshelley@example.com,IN,2020-02-08,Standard,355.49
6010,Katherine Davis,zallen@example.org,ET,2021-02-23,Standard,3507.66
6011,Ryan David,jeffreysimmons@example.org,BA,2025-10-01,Standard,3536.56
6012,Christine Young,bradley54@example.org,PW,2024-05-19,Basic,775.08
6013,Joshua Fisher,smiller@example.net,BE,2022-12-17,Standard,678.16
6014,Linda Phelps,morenopatrick@example.net,ES,2020-03-19,Basic,4914.42
6015,Cynthia Lewis,susanromero@example.net,BS,2021-08-10,Standard,1823.77
6016,Wesley May,ostuart@example.org,LB,2021-09-16,Standard,2238.97
6017,Gregory Fox,gordonmitchell@example.com,PK,2025-10-26,Premium,1267.03
6018,Christy Hicks,jillarnold@example.org,RW,2021-12-20,Premium,2984.23
6019,Diana Scott,allen38@example.org,HN,2020-04-28,Premium,2124.02
6020,Susan Evans,dunnkyle@example.net,GR,2023-01-14,Basic,2883.44
6021,Douglas Morris,jonesmichelle@example.com,HU,2020-12-18,Premium,4378.95
6022,Mary Jones,zward@example.org,LY,2021-05-15,Premium,4081.85
6023,Krystal Miller,flane@example.net,AZ,2021-10-07,Premium,377.61
6024,Carmen Wong,xedwards@example.net,US,2023-03-16,Standard,984.91
6025,April Neal,darrell69@example.com,AG,2023-08-19,Premium,1639.22
6026,Jamie Randall,wilkinsmichele@example.org,SY,2023-08-31,Basic,3310.52
6027,Michelle Benitez,wayne43@example.com,TJ,2023-06-18,Premium,4990.64
6028,Johnny Walker,hannahgonzalez@example.com,TT,2024-11-07,Premium,3070.01
6029,Kathryn Vargas,blackrichard@example.net,PY,2025-03-09,Standard,3322.16
6030,Jeffrey Wright,donna96@example.com,TL,2021-12-01,Basic,476.34
6031,Jason Wilcox,matthewcooper@example.org,BF,2024-02-07,Standard,4698.01
6032,Hannah Brown,orichardson@example.org,IE,2020-01-24,Premium,2525.15
6033,Michelle Atkins,megan48@example.net,GY,2024-06-19,Basic,4085.78
6034,Sandra Leach,khardy@example.com,PA,2025-07-11,Premium,2273.36
6035,Anthony Aguilar,devinbernard@example.org,TH,2023-01-13,Standard,4712.99
6036,Angelica Mccann,hwade@example.org,GR,2020-07-13,Basic,1534.15
6037,Victor Henry,samueljimenez@example.com,PH,2021-09-15,Basic,1296.61
6038,John Austin,danielle00@example.org,AT,2024-07-16,Standard,1662.41
6039,Ann Allen,jenniferhill@example.net,TZ,2024-07-04,Basic,2566.88
6040,Angela Barber,marytownsend@example.net,DK,2020-02-10,Premium,1798.51
6041,Kristin Barber,carpentersteven@example.com,CY,2020-08-26,Standard,3556.96
6042,Jerome Fisher,marcus18@example.net,SZ,2021-08-07,Basic,2482.42
6043,Justin Preston,rebecca83@example.org,MY,2025-04-16,Premium,1097.42
6044,Jessica Freeman,ariascrystal@example.net,CA,2025-08-30,Premium,4222.98
6045,Zachary Wilson,heidilynch@example.org,SE,2021-09-30,Basic,1229.63
6046,Joseph Anderson,hbailey@example.net,PW,2024-09-23,Basic,2809.53
6047,Lauren Stephens,taylorrichard@example.net,VE,2023-03-17,Premium,1924.71
6048,Ryan Anthony,jessicaspence@example.com,GQ,2023-06-25,Premium,275.75
6049,Robin Coleman,ykelly@example.com,SO,2020-02-28,Premium,3521.88
6050,Kyle Ramos,caroline77@example.com,RO,2024-05-25,Basic,3844.54
6051,Renee Hunter,barreralouis@example.net,NG,2021-04-13,Premium,204.32
6052,Nicholas Deleon,marywalker@example.org,IT,2023-02-23,Premium,1424.46
6053,Brandon Beck,ryanhart@example.com,LU,2022-10-21,Basic,1982.47
6054,Matthew Stephens,jose60@example.net,CH,2022-09-10,Premium,392.63
6055,William Cooley,derekwright@example.org,DZ,2024-07-12,Basic,1981.29
6056,Melanie Silva,birdtonya@example.net,DJ,2021-12-29,Premium,4327.59
6057,Felicia Walton,wsanders@example.org,BG,2023-07-13,Standard,2275.7
6058,Kathleen Sutton,lgeorge@example.net,BJ,2023-01-26,Premium,1108.08
6059,Rachel Smith,jacobbates@example.org,LY,2024-12-29,Premium,3333.64
6060,Eric Weber,dcollins@example.org,DZ,2024-06-11,Basic,356.07
6061,Kimberly Sanders,rodriguezscott@example.org,KE,2023-04-11,Standard,253.4
6062,Sandra Bennett,james50@example.net,ID,2023-08-28,Standard,4692.4
6063,Lynn Chan,lmaynard@example.com,AG,2020-08-16,Basic,3796.94
6064,Justin Vasquez,zamorajohn@example.org,MR,2023-01-12,Standard,4621.22
6065,Jerry Brown,dixondavid@example.org,AF,2025-03-31,Standard,4070.19
6066,Leonard Pham,jenniferwilliams@example.org,SI,2021-08-09,Basic,1161.07
6067,Mary Johnson,christiangarcia@example.net,TV,2025-03-13,Premium,1770.63
6068,Andrew Ellison,orodriguez@example.org,PY,2023-11-20,Basic,2226.97
6069,William Nolan,rhonda46@example.com,MM,2021-06-05,Standard,3934.8
6070,William Mullen,sarahpeterson@example.net,BO,2021-10-19,Basic,3786.76
6071,Elizabeth Harvey MD,bsullivan@example.net,FJ,2022-06-28,Premium,2811.14
6072,Jason Parker,dcook@example.com,KE,2022-04-16,Basic,4669.12
6073,Steven Stewart,brownashley@example.com,MM,2021-07-27,Standard,4306.72
6074,Alejandro Long,zaustin@example.net,GD,2021-05-21,Basic,2371.16
6075,Annette Mathis,caleb52@example.com,IS,2022-11-17,Basic,3624.18
6076,Randy Brown,jason09@example.org,SV,2023-04-14,Basic,1374.49
6077,Nancy Jones,benjamin63@example.net,DE,2021-08-04,Standard,2389.93
6078,Nicholas Cox,duanebryant@example.org,AU,2023-08-09,Premium,746.18
6079,Ashley Thompson,tiffany38@example.com,TW,2021-10-17,Premium,1475.43
6080,Leonard Garcia,deborahcox@example.net,BY,2022-10-31,Basic,4759.74
6081,Cynthia Lowe,donnameyers@example.com,CN,2025-12-17,Premium,4994.15
6082,Brandi Tran MD,rodriguezheather@example.net,DO,2021-11-27,Basic,1549.54
6083,Natalie Taylor,aaronjohnson@example.org,GY,2024-03-31,Basic,2033.55
6084,Daniel Mclean,josephwilson@example.com,TO,2024-07-19,Basic,1443.92
6085,Bryan Espinoza,nsmith@example.org,BY,2020-07-14,Standard,3330.23
6086,Suzanne Hernandez,sonyawarner@example.net,CM,2022-10-31,Basic,4070.27
6087,Daniel Bullock,michaeljackson@example.net,PK,2021-06-29,Basic,160.46
6088,Vicki Wolfe,wisejennifer@example.net,AT,2024-04-25,Standard,2885.36
6089,Ricky Ortega,avilaroy@example.org,SN,2023-06-12,Standard,4196.4
6090,Angela Santos,justin82@example.org,MZ,2023-12-30,Premium,2274.66
6091,John Lewis,scastaneda@example.net,MC,2021-03-02,Premium,2255.56
6092,Margaret Gonzales,donaldmoran@example.org,CU,2025-10-05,Standard,281.32
6093,Scott Gonzalez,philipreese@example.org,LV,2025-09-29,Standard,2453.02
6094,Zachary Peck,ipugh@example.com,QA,2021-07-04,Basic,1167.43
6095,David Campbell,ramoslarry@example.com,IQ,2022-01-30,Premium,2939.89
6096,Kevin Contreras,hughesmarc@example.com,GM,2020-06-19,Premium,1454.58
6097,Carl Evans,elizabeth34@example.net,MR,2021-01-21,Basic,2802.09
6098,Jackie Ellison,zwebb@example.com,SA,2020-09-17,Premium,2258.15
6099,Barbara Morris,bjohnson@example.com,EE,2020-10-25,Standard,3853.29
6100,Ashley Patterson,jacobturner@example.net,PE,2022-01-28,Standard,1371.75
6101,Lonnie Mitchell,hmartin@example.com,TV,2022-08-29,Standard,723.39
6102,Gregory Frost,adamwalton@example.net,CR,2025-10-18,Basic,955.03
6103,Kristin Williams,andrewwells@example.net,AF,2024-05-14,Basic,3314.29
6104,Catherine Bolton,michaelsims@example.org,KH,2023-07-25,Premium,660.79
6105,Pamela Gonzalez,erika79@example.org,GH,2024-03-21,Premium,1002.85
6106,Sean Carpenter,jacksonchristopher@example.org,GQ,2020-04-18,Basic,4316.79
6107,Kyle Middleton,meganmonroe@example.net,TO,2025-06-24,Basic,1654.94
6108,Danielle Mccormick,sarah26@example.org,HT,2024-12-19,Basic,3615.05
6109,Anthony Smith,cwells@example.org,HT,2021-01-25,Premium,4763.35
6110,Katherine Buchanan,kempamber@example.org,KE,2022-11-20,Standard,4878.88
6111,Stephanie Hart,lydia20@example.net,LR,2022-04-15,Premium,3424.1
6112,Richard Taylor,,TO,2020-09-13,Standard,2748.16
6113,Tracy Roberts,samantha17@example.org,MR,2023-07-02,Premium,3042.84
6114,Cynthia Phillips,iwright@example.net,LY,2025-12-14,Standard,634.9
6115,Paula Fischer,lesliejohnston@example.net,IT,2023-09-06,Basic,2274.68
6116,Peter Hale,qweaver@example.com,YE,2023-02-15,Basic,479.51
6117,William Cooley,lisadennis@example.net,FM,2022-12-10,Premium,1696.37
6118,Marc Clay,linda19@example.com,OM,2024-07-28,Standard,4162.78
6119,Amber Mcdonald,greenechristopher@example.net,MA,2024-01-11,Basic,2138.25
6120,Jacob Robinson,ravenhanson@example.org,YE,2024-06-19,Basic,2189.73
6121,Derek Rosario,watsonamanda@example.net,ST,2025-08-07,Standard,801.09
6122,David Noble,elizabeth87@example.org,MT,2023-11-15,Standard,3074.14
6123,Charles Valenzuela,rodriguezrachel@example.net,PS,2020-08-28,Standard,1741.43
6124,Lisa Harper,hansonjessica@example.com,LR,2022-12-31,Standard,4497.22
6125,John Hall,jhenderson@example.org,IT,2024-01-11,Standard,2406.36
6126,Jerry Baker,gravesashley@example.org,CI,2021-05-03,Standard,3147.39
6127,Jason Peters,joshuanelson@example.org,MV,2024-12-14,Premium,1904.68
6128,Thomas Morrow,christopher89@example.net,KM,2022-01-31,Standard,4658.51
6129,Katelyn Valdez,michele17@example.net,CG,2023-01-02,Basic,225.12
6130,Jennifer Grant,staffordrachel@example.com,MM,2022-01-28,Basic,1136.25
6131,Tyler Harris,christina08@example.org,UZ,2023-08-12,Standard,2602.9
6132,Aaron Willis,faustin@example.net,SO,2025-04-08,Basic,2590.09
6133,Wesley Jacobson,sandersbrianna@example.org,MW,2024-03-17,Basic,3592.92
6134,Philip Huff,jasminegriffin@example.org,LU,2024-10-17,Premium,1956.31
6135,Alyssa Potts,andrew10@example.com,PE,2023-05-20,Basic,259.74
6136,Jessica Bennett,smithlinda@example.com,UY,2020-08-29,Basic,835.37
6137,Kimberly Murphy,rroberts@example.com,FM,2020-12-21,Basic,484.38
6138,Linda Miller,mindy66@example.net,VC,2022-02-21,Premium,4797.26
6139,Tracey Scott,gmoses@example.org,NG,2021-12-28,Premium,2870.47
6140,Becky Harrison,tholder@example.net,SV,2023-02-07,Basic,3188.59
6141,Kyle Williams,andrewburton@example.net,CL,2021-06-06,Basic,2148.59
6142,David Higgins,matthew88@example.org,BS,2022-10-14,Basic,694.09
6143,Lisa Wilson,gford@example.com,BY,2023-11-18,Basic,4011.21
6144,Jonathan Adams,josemcdonald@example.net,AM,2023-04-10,Basic,2414.41
6145,Terri Ballard,charlene65@example.com,BW,2020-05-13,Basic,2649.65
6146,Shannon Gardner,zcarroll@example.com,BT,2021-02-06,Standard,1419.0
6147,Kenneth Winters,wallercarl@example.net,MA,2023-07-27,Basic,1536.02
6148,Laurie Smith,sarah44@example.net,NO,2021-08-02,Premium,1710.55
6149,Jacqueline Clayton,jbailey@example.net,PH,2021-01-07,Standard,1231.36
6150,Natalie Bauer,ellisrichard@example.net,MZ,2024-11-24,Standard,3766.12
6151,Sarah Newman,alexisbridges@example.org,LI,2022-11-30,Premium,3496.06
6152,Alexa Morse,kristen11@example.org,IT,2022-11-19,Standard,3690.71
6153,John Pierce,cwalker@example.net,VU,2022-03-18,Standard,1873.22
6154,Shelly Carroll,stephengallagher@example.com,NI,2022-07-12,Standard,2846.24
6155,Lisa Perez,rebeccasmith@example.com,ZM,2021-01-10,Premium,4581.71
6156,Jason Rogers,masseyjames@example.com,BZ,2025-09-30,Basic,2472.36
6157,Debbie Taylor,aknapp@example.org,SV,2021-02-20,Premium,2299.94
6158,Krista Lewis,dawnmeadows@example.org,DM,2025-12-03,Standard,1225.84
6159,Courtney Hill,truiz@example.org,PH,2021-12-11,Premium,4636.01
6160,Virginia Hogan,jessewolf@example.com,NA,2020-07-24,Premium,3904.6
6161,Erica Perry,rmorgan@example.org,SE,2021-10-08,Standard,3403.12
6162,Sarah Young,anna15@example.org,MA,2021-07-20,Basic,776.89
6163,Dawn Bean,ywalton@example.com,FI,2025-03-22,Standard,3999.69
6164,Anthony Cooley,codychang@example.net,LC,2023-11-23,Standard,1637.84
6165,Aaron Hunt,deckermadison@example.com,LU,2024-09-08,Premium,2101.66
6166,Samantha Miller,stacymolina@example.org,EE,2022-12-08,Basic,4917.91
6167,Tonya Schwartz,alexis17@example.net,LC,2020-08-15,Basic,2521.58
6168,Deborah Terry,crystal76@example.net,MW,2020-06-07,Premium,4509.38
6169,Jamie Cooper,ghayes@example.org,RU,2025-07-26,Standard,176.01
6170,Darren Hester,hholt@example.net,PA,2020-09-26,Premium,2151.27
6171,Scott Montgomery,jaredsmith@example.org,ER,2022-01-16,Basic,3585.77
6172,David Moyer,powellpaul@example.org,GM,2021-10-02,Standard,3739.98
6173,Robert Blanchard,sabrina99@example.net,PG,2023-12-21,Premium,4360.35
6174,Austin Jones,susanaustin@example.com,GB,2023-10-05,Standard,217.26
6175,Valerie Velazquez,jessicafisher@example.com,NP,2025-01-24,Premium,4950.67
6176,Mark Klein,lunaclarence@example.net,HN,2023-10-13,Premium,2623.0
6177,Lonnie Wilson,philip05@example.org,KH,2020-06-13,Basic,4601.25
6178,Gilbert Hughes,znichols@example.net,LY,2025-07-16,Standard,1836.4
6179,Ryan Howard,ljennings@example.org,PK,2020-07-13,Standard,3514.95
6180,Crystal Berry,joannsmith@example.com,GH,2024-08-19,Premium,3588.72
6181,Joshua Camacho,vasquezwendy@example.net,RS,2021-02-01,Premium,1750.36
6182,John Ross,jason59@example.org,TG,2024-04-06,Standard,2998.24
6183,David Jones,matthew34@example.com,IL,2023-05-26,Basic,628.08
6184,Shelby Jones,sullivanjessica@example.com,GD,2023-06-29,Basic,321.66
6185,Tiffany Grant,frankday@example.com,GD,2024-11-01,Basic,4611.55
6186,Donna Gibson,amanda85@example.net,MY,2021-08-16,Standard,4562.3
6187,Nancy Turner,christopher42@example.org,ZM,2024-09-01,Basic,2303.79
6188,Patrick Davis,nicolasbrown@example.org,GN,2022-03-17,Standard,1517.53
6189,Debra Berger,scottfloyd@example.net,MY,2021-03-20,Standard,3530.56
6190,Christine Burke,joseph25@example.net,TO,2020-09-09,Basic,998.91
6191,Jessica Combs,hollowaylaura@example.com,DZ,2024-09-01,Basic,4590.08
6192,Tony Estes,phoffman@example.net,VA,2025-02-28,Basic,510.57
6193,Justin Martin,ncooper@example.net,CI,2024-05-07,Premium,3008.41
6194,Matthew Davidson,anamoore@example.net,TM,2024-11-24,Standard,3402.14
6195,Michelle Ware,alexander39@example.net,KI,2024-12-08,Standard,1958.94
6196,Gina Cox,whicks@example.org,LA,2023-03-12,Standard,965.94
6197,Joe Shaw,ohammond@example.com,DK,2020-07-08,Basic,2981.6
6198,Michelle Long,emilyhutchinson@example.org,KR,2020-06-05,Premium,1238.09
6199,Barbara Lester,monica65@example.org,KN,2021-05-19,Standard,1771.47
6200,Lance Cooper,jonesjordan@example.net,GH,2025-01-27,Basic,2636.62
6201,Frederick Cook,davisdiana@example.org,BN,2021-06-18,Basic,2941.16
6202,Rebecca Holland,anita31@example.org,BF,2025-06-11,Standard,1497.76
6203,Danielle Spencer,andrewknight@example.org,TD,2025-10-03,Standard,1661.03
6204,Andrew Love,natalie76@example.com,UA,2025-07-13,Premium,4772.22
6205,Sydney Frazier,heathermoore@example.org,MT,2022-08-19,Premium,4088.54
6206,Antonio Conrad,georgevanessa@example.com,RU,2024-03-30,Basic,4423.68
6207,Elaine Hopkins,michaelcalderon@example.com,UA,2021-04-30,Basic,1132.34
6208,Brandon Diaz,brettmartin@example.org,ID,2020-02-09,Basic,1463.46
6209,Nicholas Price,stevensimmons@example.net,LS,2024-02-08,Basic,1640.4
6210,Alexander Soto,zachary21@example.org,VN,2025-06-29,Standard,1495.48
6211,Erin Moses,wwhite@example.com,LB,2024-05-12,Premium,1510.43
6212,James Costa,natasha55@example.org,DE,2025-11-18,Standard,2250.69
6213,Dominique Richardson,tammy36@example.org,PL,2022-04-29,Premium,1513.55
6214,Ms. Rachael Ray,lauramckenzie@example.net,TJ,2020-12-14,Standard,4945.15
6215,Sherri Wagner,garciaricardo@example.net,LV,2024-05-20,Premium,4630.13
6216,Misty Moreno,stephanie30@example.com,EC,2025-08-22,Basic,1465.28
6217,Jessica Fry,reynoldskristin@example.org,TD,2023-12-17,Premium,1113.53
6218,Christopher Barr,paulawilliams@example.net,DZ,2022-09-02,Basic,3798.84
6219,Matthew Carter,tannerscott@example.net,GT,2025-02-14,Premium,3032.12
6220,Nicholas Hunt,williamsjose@example.com,TV,2023-08-12,Premium,4803.3
6221,Kyle Figueroa,george48@example.com,SK,2020-08-07,Basic,2735.79
6222,Brian Parker,greenerin@example.net,PL,2021-09-11,Premium,132.66
6223,Hannah Hartman,helen69@example.net,DK,2022-12-05,Premium,1910.75
6224,Matthew Bryant,fullerraymond@example.net,JM,2020-10-20,Standard,4714.85
6225,John Powell,jerrynorman@example.net,TT,2024-01-17,Basic,2189.86
6226,Linda Torres,destiny92@example.net,KI,2021-11-09,Standard,2652.38
6227,Zoe Henry,bramirez@example.com,GY,2020-10-30,Standard,1545.21
6228,Jason Brooks,apeters@example.org,LA,2024-09-01,Premium,3609.63
6229,David Jones,davisrichard@example.net,MN,2022-08-29,Premium,2277.58
6230,Shawn Collins,hwilson@example.com,KI,2023-07-11,Standard,2516.95
6231,Jason Wright,glenmiller@example.org,BR,2022-12-11,Premium,4336.06
6232,Regina Hawkins,heatherglover@example.net,TL,2020-02-29,Standard,3685.01
6233,Anthony Davis,brandonmiller@example.com,KP,2024-08-20,Premium,4845.35
6234,Anna Edwards,gcarroll@example.net,IS,2022-10-21,Premium,3746.96
6235,Jonathan Lopez,thompsonmarc@example.net,SO,2025-04-25,Premium,3664.07
6236,Karen Smith,currybradley@example.org,PL,2020-12-03,Standard,867.96
6237,Joan Oconnor,kbenson@example.com,IS,2023-02-07,Standard,1452.93
6238,Joel Valentine,gweber@example.net,LB,2021-01-26,Basic,3704.06
6239,Jennifer Graham,sandrasmith@example.net,EC,2024-12-10,Basic,3907.52
6240,Richard Ayala,cortezalexandra@example.com,AR,2023-06-06,Basic,3470.89
6241,Michael Clark,kari45@example.org,TV,2023-01-19,Premium,2223.55
6242,Steve Dunn,wattsstephanie@example.net,LI,2022-08-20,Basic,3991.57
6243,Kathryn Huber,joshua27@example.net,FR,2022-05-03,Standard,1032.95
6244,James Montes,christine41@example.net,GD,2022-07-08,Basic,3339.54
6245,Judith Brown,stanley15@example.org,RW,2025-04-15,Basic,274.62
6246,Steven Smith,ismith@example.org,HU,2023-10-18,Basic,3173.7
6247,Tyler Smith,brookeherrera@example.com,DZ,2024-02-06,Premium,770.69
6248,Brenda Adams,crystal30@example.net,CY,2022-11-21,Standard,4373.36
6249,Barbara Palmer,rossandrew@example.com,SO,2020-11-22,Premium,3399.4
6250,Susan Love,jeremysimpson@example.org,KP,2024-11-30,Standard,2403.57
6251,Steven Ibarra,blackangela@example.net,TL,2021-07-21,Standard,4087.96
6252,Lauren Larson,vickimartin@example.net,FI,2020-06-27,Basic,2533.96
6253,Monica Coleman,lwilson@example.net,PA,2020-10-05,Premium,1073.01
6254,Anna Hicks,dwaynemoon@example.org,GY,2020-06-26,Premium,4759.08
6255,Paul Stewart,christophergreen@example.net,MK,2023-11-10,Basic,3772.29
6256,Carlos Woods,marksveronica@example.net,KZ,2024-12-13,Premium,2228.16
6257,Rebekah Barton MD,dianeaustin@example.com,FR,2023-10-27,Standard,2832.91
6258,Jose Shaffer DDS,kristakim@example.com,GN,2020-03-10,Premium,3578.95
6259,Tanner Carney,rossadam@example.net,SY,2020-11-13,Premium,2148.98
6260,Jordan Sanchez,yfrancis@example.com,PS,2021-06-24,Standard,3105.55
6261,Lauren Alexander,ufriedman@example.net,LK,2022-03-07,Basic,2961.1
6262,Courtney Cook,walterporter@example.net,AZ,2021-11-25,Basic,1808.65
6263,Tara Goodman,kimberly05@example.com,UG,2021-02-07,Basic,3319.01
6264,Judy Gill,stevenrodgers@example.net,CL,2024-05-21,Premium,4401.66
6265,Amanda Jacobs,imoore@example.org,TR,2020-12-02,Premium,4387.69
6266,Christopher Sandoval,hmurphy@example.com,VC,2024-10-13,Basic,2476.79
6267,Brittany Miller,brownsean@example.net,LS,2021-06-21,Basic,2021.83
6268,Joe Phillips,michealwilliams@example.com,PH,2021-12-30,Standard,2762.73
6269,Debbie Jacobs,floydtravis@example.org,ME,2024-04-16,Standard,573.01
6270,Kelly Bridges,younglisa@example.com,GB,2022-05-23,Premium,4818.3
6271,Michael Cross,castrojeffrey@example.org,SN,2023-06-15,Standard,2156.01
6272,Peggy Mann,riddlejames@example.net,FI,2022-11-17,Standard,1694.45
6273,Katrina Chase,leemike@example.org,CA,2020-04-30,Basic,2181.84
6274,Noah Rodriguez,laura04@example.net,SG,2024-12-16,Premium,2377.21
6275,Morgan Rodriguez,kmiles@example.net,PL,2023-10-05,Standard,3337.0
6276,Maria Anderson,nfox@example.net,CV,2021-05-15,Standard,3515.15
6277,Robert Bates,kclark@example.org,ZM,2025-06-10,Basic,727.48
6278,Donald Patterson,mhoffman@example.org,GN,2020-03-26,Standard,4216.59
6279,Lauren Gentry,amy70@example.com,CF,2023-04-04,Standard,3045.19
6280,Kimberly Russell,joseph49@example.org,CL,2022-04-12,Basic,1250.81
6281,Brian Baker,scottbonilla@example.com,LT,2023-04-10,Standard,1412.83
6282,Noah Braun,foxderek@example.net,KI,2025-04-29,Premium,4460.07
6283,Carlos Davidson,zpennington@example.org,RU,2021-01-19,Standard,397.94
6284,Brooke Mcdaniel,tonymoyer@example.net,CY,2024-02-23,Standard,1381.87
6285,Meredith Walker,chandlerpatrick@example.org,SR,2021-06-12,Standard,2115.02
6286,Peter Norton,canderson@example.com,CG,2020-12-13,Standard,2183.48
6287,Denise Johnson,jacquelineturner@example.com,ES,2023-12-02,Standard,4570.61
6288,Donna Malone,austinlaura@example.org,IL,2021-12-27,Standard,2478.98
6289,Jessica Garrett,sdavis@example.com,TW,2024-02-22,Premium,1765.22
6290,Lisa Cunningham,mcastillo@example.com,AM,2025-11-10,Premium,1611.7
6291,Linda Sloan,milleralexander@example.org,RO,2021-12-14,Standard,1184.42
6292,David Wiley,jessicaharris@example.net,ID,2025-02-04,Premium,2726.46
6293,Meghan Williams,jacobbrown@example.net,BT,2020-06-03,Basic,640.55
6294,Michael Martin,deborah54@example.net,MD,2023-09-30,Basic,3092.68
6295,Patricia Barr,scottmcintyre@example.net,US,2022-02-05,Premium,3064.31
6296,Robert Velasquez,enielsen@example.com,KR,2025-01-06,Premium,4756.36
6297,Kristin Cole,david06@example.org,GM,2020-02-21,Premium,4031.82
6298,Kim Martin,jbennett@example.org,LB,2022-10-31,Premium,3924.12
6299,Stephanie Crane,stephensapril@example.com,TM,2025-11-09,Standard,4569.92
6300,Jonathan Jones,benderrachel@example.org,KW,2020-03-04,Basic,410.98
6301,Rachel Rodriguez,cmendoza@example.org,X1!,2024-10-14,Premium,2641.38
6302,Nicole Fitzgerald,jamesbarnes@example.net,JO,2021-01-10,Standard,2723.82
6303,Mr. Joshua Ware,anthony12@example.com,MC,2021-09-28,Premium,4206.93
6304,David Williams,fernandezvincent@example.net,CL,2020-10-17,Standard,4312.64
6305,Mr. Matthew Jordan,bpalmer@example.org,BY,2020-12-02,Premium,1521.92
6306,Deborah Gilbert,nancyalvarez@example.org,GH,2022-12-10,Premium,4562.2
6307,Melanie Bautista,alyssa41@example.net,UG,2022-12-02,Standard,2125.64
6308,Lucas Kidd Jr.,lisa19@example.org,AD,2024-06-01,Basic,3693.34
6309,Dr. Nicole Bell,christopher94@example.org,MR,2023-01-19,Premium,276.77
6310,Nicole Reed,heatherbrown@example.org,BE,2025-08-13,Premium,3800.1
6311,Christopher Chavez,vmartin@example.com,ZA,2025-01-04,Basic,602.35
6312,Carl Thompson,patriciacain@example.net,DJ,2023-12-13,Standard,3977.58
6313,John Watson,erica95@example.com,YE,2025-04-25,Premium,869.03
6314,Jodi Stewart,markharrington@example.com,OM,2020-01-27,Standard,218.8
6315,Jessica Washington,annamoyer@example.com,BR,2020-11-21,Basic,3884.82
6316,Jennifer White,thowell@example.org,UZ,2022-06-10,Premium,265.51
6317,Tina Stevens,kcortez@example.net,RS,2024-03-01,Basic,705.85
6318,Joseph Robinson,mitchellelizabeth@example.com,KI,2020-08-31,Standard,3310.85
6319,Catherine Miller,patrick05@example.net,SK,2021-07-03,Premium,4109.65
6320,William Nelson,lindseymedina@example.com,LC,2021-09-07,Standard,4323.72
6321,Brandy Watkins,raven17@example.com,SE,2022-05-29,Premium,462.06
6322,Marc Frost,belljon@example.org,PY,2023-10-22,Basic,3547.1
6323,Sarah Perez,tuckercatherine@example.org,OM,2020-01-14,Basic,2135.36
6324,Ana Schmitt,mark31@example.com,PE,2020-12-17,Premium,3738.99
6325,Ashley White,brendan89@example.net,RU,2024-02-03,Basic,3063.87
6326,Robert Lee,qgarza@example.com,SO,2022-02-28,Premium,568.23
6327,Jessica Barnes,hansonmark@example.org,TR,2025-08-06,Basic,3983.84
6328,Katie Griffin,janet32@example.org,PY,2023-04-18,Premium,4174.21
6329,Pamela Carter DDS,dmclean@example.org,MY,2023-11-04,Standard,3945.38
6330,Rebecca Rojas,larrymoody@example.com,JM,2020-03-27,Standard,2610.54
6331,Tanya Nash,kyle15@example.com,MM,2024-07-07,Premium,1580.55
6332,Thomas Arias,lisa62@example.com,MZ,2020-11-25,Standard,1093.07
6333,Kimberly Fernandez,david92@example.org,BD,2025-04-29,Standard,4849.39
6334,David Garcia,sarah60@example.com,LA,2023-05-08,Basic,2409.86
6335,Richard Atkins,toddmurphy@example.net,GE,2022-05-30,Standard,2204.72
6336,Robert Perez,bakerjohn@example.org,MK,2023-02-02,Premium,4837.74
6337,Tara Jennings,julieeverett@example.com,NP,2025-02-07,Basic,1464.93
6338,Jonathan West,johnsonandrew@example.org,SO,2022-08-10,Standard,4547.56
6339,Alejandro Huang,fross@example.com,TJ,2025-08-05,Basic,2582.31
6340,Samantha Hogan,heather91@example.com,CV,2020-01-29,Standard,184.34
6341,Paula Reed,michellelynch@example.com,DK,2025-09-19,Standard,3665.03
6342,Brittany Hess,wardjames@example.org,PH,2022-02-15,Standard,3837.23
6343,Stephanie Cherry,haleysteven@example.com,CH,2021-12-18,Basic,630.69
6344,Christopher Taylor,,BE,2022-05-14,Premium,2931.61
6345,Michael Wilson,swebster@example.com,MY,2024-07-31,Premium,2047.01
6346,William Kent,autumn75@example.org,PH,2020-02-13,Premium,2290.72
6347,Christina Mcfarland,jeffreyvincent@example.net,GR,2023-04-14,Standard,2859.45
6348,Mr. Russell Mitchell DDS,shaungarcia@example.org,MU,2021-08-20,Basic,1621.99
6349,Jennifer Cruz,samanthalopez@example.net,PH,2021-09-05,Premium,4067.44
6350,Tiffany Anderson,zjohnson@example.net,JP,2024-01-16,Premium,567.41
6351,Paula Gutierrez,michael50@example.org,CV,2024-03-04,Premium,1117.64
6352,Rebekah Lamb,sandra99@example.com,CO,2020-05-25,Standard,3007.71
6353,Gabrielle Diaz,millerashley@example.com,IR,2021-12-05,Premium,792.52
6354,George Mccarty PhD,michael99@example.org,IL,2023-06-01,Basic,4206.54
6355,Andrea Taylor,williamwade@example.org,ZM,2021-11-16,Basic,3642.86
6356,Patrick Jordan,sherri12@example.org,AF,2022-09-17,Basic,3826.85
6357,John Ruiz,christopherhurst@example.net,JM,2020-03-15,Premium,3860.3
6358,Christopher Byrd,jasmine86@example.org,EG,2023-04-22,Standard,2118.11
6359,Paul Morris,justin17@example.org,AM,2020-12-28,Basic,1755.56
6360,Kathleen Burke,christinewolfe@example.net,NG,2022-01-30,Premium,278.9
6361,Julie Smith,hking@example.net,SA,2024-07-10,Basic,2870.03
6362,Peter Richmond,staceychen@example.net,TL,2020-11-06,Standard,4370.0
6363,Angela Walter,brianmarshall@example.org,BB,2025-04-25,Standard,3482.95
6364,Adam Avery,panderson@example.org,ML,2021-11-01,Basic,3994.01
6365,Julia Blair,angelamoore@example.com,DK,2022-01-21,Basic,2549.1
6366,Jeffery Mueller,alyssa73@example.net,KZ,2025-03-12,Basic,1255.12
6367,Crystal Smith,paula64@example.com,RO,2024-06-09,Standard,3573.45
6368,Amanda Moreno,jodi18@example.com,MD,2022-03-07,Basic,2818.56
6369,Jon Kirk,holtandrew@example.com,GM,2020-12-28,Basic,4964.5
6370,Andrew Ryan,loriwilliams@example.net,NE,2021-04-22,Premium,4614.03
6371,Joseph Castillo,qgordon@example.net,MX,2024-03-06,Standard,3526.35
6372,Elizabeth Martin,melissagonzales@example.net,MH,2022-03-29,Standard,723.68
6373,Jeffrey Tate,larry29@example.org,SA,2022-10-21,Premium,894.26
6374,Larry Thomas,david67@example.com,VA,2022-12-17,Basic,695.24
6375,Pamela Thompson,ncruz@example.com,EC,2021-09-03,Premium,2244.25
6376,Vanessa Lynch,sjones@example.org,AE,2021-02-22,Premium,291.4
6377,Courtney Flores,ocole@example.org,EE,2020-02-17,Standard,2526.4
6378,David Reyes,nicholaswebster@example.org,RW,2021-07-09,Basic,4035.45
6379,Daniel Owens,roberta76@example.org,BH,2022-01-10,Standard,785.34
6380,Jessica Bray,william76@example.com,KG,2025-03-28,Basic,2148.92
6381,Jasmine Ponce,reeddana@example.net,TN,2025-07-17,Premium,1554.08
6382,Margaret Marquez,yvonne14@example.net,GD,2022-12-08,Standard,4979.15
6383,Marcia Martinez,rickymcdonald@example.org,VU,2024-02-29,Basic,4617.65
6384,Evan Miller,stacey55@example.org,BD,2020-02-16,Basic,1428.43
6385,Kurt Gardner,mpope@example.com,CA,2022-12-17,Standard,3113.99
6386,Lisa Brown,grosssamuel@example.org,UA,2020-07-08,Standard,2862.67
6387,Bob Lopez,phunter@example.org,MK,2022-09-26,Premium,793.44
6388,Shane Lopez,owilliams@example.org,BY,2024-07-19,Basic,3456.62
6389,Karen Bishop,joseph52@example.com,TG,2022-06-03,Basic,4764.78
6390,Patricia Jacobs,jennifer19@example.net,AD,2024-09-20,Standard,2644.96
6391,Carrie Mccarthy,shepardheidi@example.org,CN,2024-02-26,Standard,2413.34
6392,Marcus Taylor,johnjohnson@example.org,KG,2022-01-15,Premium,4687.39
6393,Samantha Brown,zmarquez@example.org,BR,2023-01-19,Basic,3628.64
6394,Angela Brown,mary63@example.org,BN,2022-08-28,Premium,904.77
6395,Stephen Gibson,pearsonashley@example.com,SN,2023-02-24,Basic,4164.1
6396,Alejandro Flores,michael31@example.net,CD,2025-08-20,Premium,1656.67
6397,Ian Barrera,haleybarbara@example.com,FI,2021-05-02,Premium,836.71
6398,Hunter Bradford,randolphjoshua@example.org,PG,2021-07-14,Premium,4967.22
6399,Paul Webb,oholt@example.net,IR,2025-05-22,Premium,1628.02
6400,Ashley Davis,rebecca39@example.com,TG,2021-02-24,Premium,1076.41
6401,Sandra Norman,qduran@example.net,LY,2023-11-25,Premium,2734.88
6402,Erin Turner,davidramos@example.com,MT,2023-12-31,Standard,564.1
6403,Julian Brown,isawyer@example.com,EE,2024-02-11,Basic,2396.6
6404,Nicholas Roth,rachel51@example.net,TZ,2022-09-10,Premium,427.18
6405,Edward Thomas,rosalestammy@example.org,AL,2020-03-24,Basic,2839.86
6406,Elizabeth Flowers,rgarcia@example.net,SI,2022-06-30,Premium,1790.29
6407,Shaun Osborn,jacob37@example.org,LU,2021-07-15,Premium,4646.61
6408,Samuel Martinez,valerie68@example.net,SE,2021-04-06,Standard,1492.52
6409,Nicole Valenzuela,evancook@example.org,LU,2025-01-12,Standard,2963.9
6410,Catherine Villa,debra90@example.org,GT,2020-02-27,Standard,1899.65
6411,Brian Reilly PhD,allison77@example.net,LT,2023-02-08,Standard,4678.11
6412,Bradley Vega,tiffanysolomon@example.org,ES,2020-11-03,Basic,2750.98
6413,Cindy Arellano,tammycooke@example.org,GR,2021-10-31,Invalid,1092.68
6414,Margaret Tran,samantha35@example.org,BF,2024-01-25,Basic,846.87
6415,Nicholas Allen,richardperry@example.com,DZ,2020-10-01,Basic,1160.56
6416,Gerald Brooks,christina99@example.com,SR,2024-07-13,Premium,1388.39
6417,Michael Franco,kelly55@example.org,MC,2024-03-02,Premium,720.85
6418,Jonathan Vasquez,bonnie28@example.org,BT,2020-12-20,Basic,2977.85
6419,Mary Rodriguez,pross@example.com,ER,2023-01-08,Standard,1717.78
6420,Lindsey Davis,jessica68@example.org,KE,2024-10-03,Basic,3063.4
6421,Aaron Kelly,elizabeth11@example.net,GQ,2023-08-19,Basic,4369.55
6422,Seth Watson,vanessa65@example.org,EG,2021-07-25,Basic,4555.23
6423,Michael Lang,theresa07@example.com,GR,2025-07-26,Premium,923.69
6424,David Boyle,kmartin@example.org,GN,2022-02-02,Premium,4946.53
6425,Jennifer Rivera,heather22@example.net,GH,2021-10-23,Premium,4654.78
6426,Victoria Tucker,petersonronald@example.com,SZ,2025-01-27,Basic,817.81
6427,Jessica Jackson,,BY,2024-11-29,Premium,2429.77
6428,Mr. James Dennis,williamhernandez@example.net,DM,2021-11-15,Premium,1684.36
6429,Dustin Larson,wsosa@example.com,DZ,2025-01-31,Premium,771.18
6430,Anthony Michael,hodgeschristopher@example.com,FM,2023-11-29,Standard,2184.49
6431,Michael Blackwell,kimberly78@example.com,SL,2023-12-15,Standard,1702.74
6432,Aaron Brown,cantrellrichard@example.com,ID,2025-07-01,Basic,3824.04
6433,Victoria Long,qmcmahon@example.org,SD,2025-01-08,Premium,2844.71
6434,Anthony Wilson,jenniferhawkins@example.com,IQ,2024-04-15,Standard,3892.21
6435,Paul Jones,aguilarmelissa@example.net,TV,2025-09-17,Basic,2424.94
6436,Lindsay Chen,bradfordrose@example.com,DO,2021-10-17,Standard,4209.38
6437,Charles Wallace,phillipschristopher@example.org,DM,2022-05-05,Standard,2700.36
6438,Ryan Pham,debrajohnson@example.org,BE,2023-02-21,Basic,4226.74
6439,Michael Walker,hawkinstina@example.org,AT,2024-06-16,Premium,4732.9
6440,Tanya Scott,flowersdavid@example.org,SR,2021-11-13,Standard,3585.6
6441,Matthew Andrews,zsantana@example.org,BZ,2023-10-05,Standard,2846.38
6442,Benjamin Spencer,dramos@example.com,GD,2023-11-30,Standard,3505.99
6443,Heather Mcdaniel,kaufmanmarco@example.net,BD,2024-08-22,Standard,3458.3
6444,Chase Delgado,jeffreyward@example.net,IT,2024-12-24,Basic,4508.83
6445,Karina Gould,medinalauren@example.com,SI,2024-11-06,Basic,1806.08
6446,William Miller,juangray@example.com,UY,2024-02-29,Premium,4344.08
6447,Jonathan Mccarthy,stevenperez@example.org,MX,2025-05-14,Standard,3876.65
6448,Christine Davis,meghandowns@example.net,PY,2021-08-15,Standard,3669.61
6449,Brian Richard,maryhunter@example.com,ES,2020-05-06,Premium,3123.17
6450,Johnny Williams,carrolljonathan@example.org,IQ,2022-03-29,Premium,1974.04
6451,Kayla Riggs,,NO,2022-04-02,Premium,4672.64
6452,Paige Gibson,vrose@example.org,ES,2023-01-07,Premium,1059.6
6453,Pamela Lindsey,blakemay@example.org,VA,2020-10-27,Standard,2677.41
6454,James Smith,ojoyce@example.com,WS,2023-06-04,Premium,2972.32
6455,Wendy Joyce,michellenichols@example.com,LK,2022-08-18,Standard,561.13
6456,Jodi Mcdonald,imorris@example.org,PH,2023-02-23,Standard,4587.45
6457,Brian Thomas,mary54@example.com,MT,2021-09-16,Basic,4615.66
6458,Michael Curry,peterhester@example.net,TL,2021-11-26,Basic,1437.84
6459,Malik Hogan,nicoleclark@example.org,JM,2024-07-12,Basic,1447.26
6460,Anthony Vasquez,rebeccaturner@example.net,PE,2025-10-22,Standard,2051.64
6461,Cindy Sharp,thompsonjames@example.com,ME,2023-05-18,Basic,3550.9
6462,Claudia Snyder,werickson@example.net,AF,2023-05-31,Standard,3163.83
6463,Leah Frazier,christinebarron@example.org,HT,2020-06-26,Basic,4134.3
6464,Dustin Ware,jennifer85@example.org,RS,2021-04-03,Basic,4645.12
6465,Lindsay Miller,holdencassandra@example.net,CR,2025-08-14,Basic,3197.98
6466,Ms. Nicole Hanson,kendrahoffman@example.org,GY,2021-03-06,Standard,951.48
6467,Michelle Robinson,annarivas@example.com,AE,2023-04-17,Basic,4387.19
6468,Valerie Blackburn,ujones@example.org,JM,2022-09-26,Basic,4056.41
6469,Larry Mcclure,qmiller@example.net,LB,2022-12-29,Premium,1910.72
6470,XXXXXXXXXXXXXXXXXXXXXXXXXXXXXXXXXXXXXXXXXXXXXXXXXXXXXXXXXXXXXXXXXXXXXXXXXXXXXXXXXXXXXXXXXXXXXXXXXXXXXXXXXXXXXXXXXXXXXXXX,doris29@example.org,DM,2023-03-20,Basic,4481.9
6471,Marc Paul,jennifer89@example.org,BA,2025-08-01,Premium,3557.63
6472,Terry Williams,sellerstimothy@example.org,CY,2023-11-24,Premium,4367.47
6473,Steven Atkinson,vevans@example.com,SI,2024-05-12,Premium,505.84
6474,Mario Juarez,david88@example.org,KP,2021-06-03,Premium,374.64
6475,Christian Wright,dillon94@example.org,SA,2024-07-26,Basic,3581.9
6476,Karen Porter,jasonanderson@example.net,DZ,2023-01-03,Standard,577.63
6477,Austin Gonzales,harperclayton@example.com,BA,2021-02-19,Basic,1459.64
6478,Patricia Padilla,sarahallen@example.com,BW,2021-06-09,Premium,3310.02
6479,Brittany Horn,michaelmorris@example.net,MW,2020-03-02,Basic,181.7
6480,James Moore,juan18@example.com,PT,2021-03-21,Basic,4256.33
6481,Tammy Carr,norrissara@example.net,SN,2024-09-21,Standard,4498.91
6482,Tyler Martinez,turnerkayla@example.com,MM,2022-08-17,Premium,4538.05
6483,Anita Avery,bryan08@example.net,CZ,2024-10-03,Basic,3638.46
6484,Cassidy Williams,colin76@example.net,DK,2022-01-23,Standard,2630.07
6485,Bryan Clay,gallowaykyle@example.com,AR,2025-01-25,Basic,2075.55
6486,Justin Brooks,hunterdawn@example.net,SZ,2024-12-10,Basic,3381.24
6487,Mrs. Sydney Rocha MD,malonetimothy@example.org,SL,2022-01-02,Premium,1045.41
6488,Samantha Rivera,paulmartin@example.net,SK,2024-12-20,Basic,822.82
6489,David Shelton,andrea02@example.net,BN,2025-03-26,Standard,511.45
6490,Mr. Alfred Allen,louistaylor@example.com,AR,2020-05-10,Standard,318.09
6491,Michael Harmon,thomas08@example.net,FR,2022-08-14,Basic,1073.55
6492,Sarah Baker MD,jeffrey43@example.net,KI,2021-01-01,Basic,2105.33
6493,Paul Thornton,marysummers@example.net,KW,2023-07-05,Basic,3759.46
6494,Jason Phillips,jameshall@example.com,AM,2022-09-18,Premium,1624.71
6495,Mary Kirby,amy18@example.org,ML,2021-04-20,Basic,1818.36
6496,Mrs. April Marks,carrieward@example.net,HR,2023-12-22,Standard,2384.64
6497,Regina Hill,hannadiana@example.com,GY,2020-03-14,Basic,521.87
6498,Daniel Thompson,heidijames@example.com,LU,2022-08-29,Standard,531.99
6499,Sharon Brown,patriciasmith@example.net,AM,2022-06-01,Premium,994.25
6500,Elizabeth Crawford,shannonwood@example.org,ER,2022-03-30,Premium,1009.73
6501,Jennifer Jones,feliciajohns@example.net,BZ,2025-09-24,Basic,3170.46
6502,Christopher Wilson,billy79@example.net,GR,2021-07-12,Premium,3856.94
6503,Roberto Kramer,gwelch@example.net,AT,2021-08-24,Premium,1165.88
6504,Connie Rodriguez,ttrujillo@example.net,RS,2023-05-15,Standard,2355.71
6505,Brandon Howard,melissahartman@example.com,FR,2023-05-22,Basic,4721.86
6506,Mrs. Victoria Bryan,lgarcia@example.net,DJ,2020-08-10,Standard,4202.81
6507,Steven Lambert,tayloraudrey@example.com,KN,2021-07-13,Basic,4719.02
6508,Kim Cooper,lopezann@example.net,IQ,2022-01-02,Premium,3762.3
6509,Leslie Watson,hmcgrath@example.net,IL,2020-01-29,Basic,750.4
6510,Hannah Fuller,zimmermanernest@example.com,KR,2025-03-20,Premium,1958.62
6511,Lauren Savage,charles34@example.com,RW,2021-02-01,Standard,972.22
6512,Chelsea Day,vsalazar@example.org,VN,2022-10-23,Premium,2868.7
6513,Abigail Wood,houstonlauren@example.net,CF,2024-01-11,Standard,1207.21
6514,Robin Dillon,jillianhall@example.com,GN,2022-10-16,Premium,1436.72
6515,Brian Strong,hannahblack@example.com,JP,2021-07-02,Premium,967.85
6516,Susan Clark,crystal02@example.net,AO,2021-04-28,Standard,1370.84
6517,Joshua Gibbs,walkerchristopher@example.org,BA,2021-05-13,Standard,1396.27
6518,James Duncan MD,ajackson@example.org,ID,2021-10-18,Standard,1840.25
6519,Theresa Young,cookkevin@example.com,GB,2023-01-13,Standard,1809.41
6520,George Gomez,paulaspencer@example.net,ZW,2023-10-21,Basic,2662.91
6521,James Hall,ldelgado@example.com,LA,2023-03-14,Basic,3466.5
6522,Alyssa Perez,reginamartinez@example.com,GR,2023-02-03,Premium,279.98
6523,Joseph Graham,olewis@example.net,ST,2022-02-02,Basic,1989.84
6524,Tyler Jackson,kathygoodwin@example.com,BH,2022-08-30,Basic,2886.69
6525,Shawn Taylor,anthony65@example.com,SY,2021-11-15,Basic,2225.88
6526,Jacob Mcintosh,joebarber@example.org,AT,2021-12-10,Basic,4073.45
6527,Maria Le,meyersjulie@example.org,ID,2023-01-17,Standard,1116.49
6528,Michelle Wells,rreid@example.net,BD,2021-05-31,Basic,4845.6
6529,Douglas Riddle,bowenmargaret@example.org,KE,2023-07-08,Basic,4166.3
6530,Stephen Bowen,ndavis@example.com,IL,2024-07-22,Standard,544.71
6531,Danielle Brown,marc63@example.com,ZM,2022-08-17,Premium,1365.25
6532,Ashley Johns,steven71@example.net,BG,2023-04-18,Standard,1378.14
6533,Kristy Thomas,christinepatterson@example.com,CR,2024-06-25,Premium,2633.45
6534,Brian Green,huntmegan@example.org,PE,2023-03-12,Basic,1013.49
6535,Denise Jenkins,wendysmith@example.com,ET,2021-09-01,Premium,2389.51
6536,Michael Hall,melanie35@example.org,SA,2025-11-24,Standard,1924.19
6537,James Brown,banksbrian@example.com,SM,2020-09-02,Standard,3325.69
6538,Christopher Potter,probinson@example.org,BE,2021-03-27,Premium,1679.62
6539,Francisco Bright,thomas49@example.org,MY,2021-01-23,Premium,3184.41
6540,Tracy Garcia,meyerkenneth@example.org,SD,2022-05-12,Premium,877.88
6541,Phyllis Williamson,josephbautista@example.net,FM,2023-07-21,Standard,1740.09
6542,Richard Giles,jeffery56@example.org,CA,2022-05-07,Basic,4524.6
6543,Michael Butler,fgibson@example.net,SO,2024-06-13,Premium,4574.43
6544,Brooke Ortiz,nbrown@example.com,BI,2023-08-14,Standard,897.45
6545,Jeffrey Lopez,daviddoyle@example.com,CF,2023-07-01,Basic,1012.19
6546,Gregory Hill,evanstommy@example.net,EE,2024-08-13,Premium,2251.14
6547,Darius Walker,ysimon@example.net,PH,2020-02-22,Basic,2336.58
6548,Brenda Ross,john60@example.com,GN,2023-08-03,Basic,3503.04
6549,Ms. Tiffany Thompson,daniellecolon@example.net,TT,2020-03-25,Basic,2056.73
6550,John Harris,michelle39@example.org,BO,2025-04-01,Premium,1337.62
6551,Kristen Molina,pthomas@example.net,SL,2020-08-25,Standard,3044.62
6552,Patrick Wilson,gomezgina@example.net,VU,2022-11-11,Standard,3424.92
6553,Richard Jenkins,linda00@example.net,KE,2022-10-09,Standard,296.63
6554,Joyce Wade,brendafarrell@example.com,CF,2022-09-09,Premium,3839.55
6555,Sharon Velez,stephensashley@example.org,TN,2020-08-05,Basic,628.49
6556,Janet Holland DVM,bchavez@example.org,VU,2022-05-12,Standard,3892.95
6557,Jacob Alvarez,ysmith@example.com,ML,2022-04-01,Basic,2063.68
6558,Matthew Hill,stephaniehall@example.net,TO,2022-03-16,Premium,903.73
6559,Evan Hernandez,adamduke@example.net,PW,2020-04-21,Premium,4619.53
6560,Mrs. Margaret Carpenter,hmartinez@example.org,MR,2023-08-01,Basic,4829.65
6561,Jeffery Williams,andreasmith@example.net,AR,2022-06-26,Basic,1072.46
6562,Cassie Turner,shamilton@example.com,LR,2020-11-13,Basic,3784.07
6563,Heather Reynolds,zhaney@example.com,SB,2020-07-21,Premium,3350.69
6564,Daniel Burnett,jamesduncan@example.org,GQ,2024-11-19,Premium,4854.59
6565,Marcus Joseph,kimwu@example.org,PH,2024-05-18,Standard,3985.03
6566,Justin West,gary35@example.net,TG,2022-06-06,Premium,4027.3
6567,Meghan Frazier,ujohnson@example.com,PT,2025-09-23,Standard,2040.37
6568,Brandi Adams,zwatts@example.org,TZ,2020-12-04,Standard,104.13
6569,Kirk King,mrodriguez@example.org,ME,2025-09-13,Premium,1081.99
6570,Katherine Hobbs,barberbrandon@example.org,PE,2022-07-29,Premium,1576.28
6571,James Barnett,whitealexander@example.net,HU,2023-05-31,Premium,1004.51
6572,Raymond Robinson,derekcooper@example.org,CV,2024-02-18,Premium,2239.09
6573,Christopher Green,diamond62@example.net,YE,2020-03-05,Basic,1299.19
6574,Stephanie Jackson,zoe09@example.com,CD,2020-08-25,Basic,2821.21
6575,Richard Cook,erik51@example.com,MW,2020-06-23,Standard,124.23
6576,Kristina Fisher,anthony92@example.com,CY,2021-12-01,Premium,1789.09
6577,A,uhernandez@example.net,RS,2023-01-25,Standard,2794.16
6578,Donna Gonzalez,sullivankevin@example.org,SE,2021-02-23,Standard,3524.02
6579,Joseph Howell,qwilliams@example.net,AO,2023-01-01,Standard,3375.34
6580,Natalie Wilson,jeffreybridges@example.org,BH,2022-06-27,Standard,3560.5
6581,Kathleen Sandoval,donnaking@example.net,VE,2021-07-18,Premium,1999.11
6582,Michelle Lam,irobertson@example.org,ET,2020-04-28,Standard,3838.92
6583,Robert Flynn,cwilliamson@example.com,ET,2023-08-04,Premium,2059.43
6584,Kathryn Jones,jason42@example.net,PG,2025-10-07,Standard,4500.3
6585,Keith Barrera,gharris@example.org,AT,2023-11-06,Basic,3678.82
6586,Michael Hess,denisesantana@example.net,NI,2021-07-07,Standard,3025.0
6587,Lisa Edwards,david04@example.org,GA,2024-05-15,Basic,451.12
6588,Amanda Costa,ydiaz@example.org,MC,2024-11-18,Standard,3382.4
6589,Daniel Hoffman,gilbertkenneth@example.org,BW,2025-06-12,Basic,231.79
6590,Matthew Sanders,michele73@example.org,ME,2020-05-19,Basic,972.98
6591,Danielle Cook,mjones@example.org,EE,2021-11-24,Premium,1908.75
6592,Nicholas Ellis,johnnywells@example.net,ME,2021-09-05,Standard,2557.13
6593,Donald Perez,jasminewilliams@example.com,MV,2022-05-23,Premium,3091.78
6594,Scott Moore,josephmyers@example.com,LS,2023-02-14,Standard,4581.47
6595,Raymond Reyes,durhammichele@example.org,LB,2021-07-29,Basic,1227.36
6596,A,davidgordon@example.org,UA,2025-07-26,Standard,1021.06
6597,Danny Johns,kingmarc@example.net,BB,2020-11-28,Premium,1579.5
6598,Mrs. Alexis Martin MD,ortizwilliam@example.org,IS,2021-04-19,Premium,1763.97
6599,Jacob Wilson,jcraig@example.net,ES,2022-01-03,Basic,981.39
6600,Kathryn Le,graynancy@example.net,DE,2022-01-05,Premium,1496.32
6601,Wayne Love,xochoa@example.com,WS,2022-11-02,Standard,3408.84
6602,Anna Moreno,gaysarah@example.net,MG,2026-09-25,Standard,270.65
6603,Brooke Martinez,hortoncandice@example.com,GH,2025-07-30,Standard,979.64
6604,Felicia Lamb,rlove@example.com,VE,2020-06-22,Standard,3443.46
6605,Derrick Wilson,cathywelch@example.net,SK,2022-08-30,Premium,2378.12
6606,Samuel Pierce,courtney47@example.net,MZ,2020-05-27,Premium,1796.81
6607,Donna Kelly,marcus88@example.com,US,2021-12-01,Basic,596.88
6608,Tiffany Chen,hughesbrent@example.org,TT,2023-01-31,Standard,4037.4
6609,Joseph Choi,christy84@example.com,AD,2024-09-14,Premium,888.33
6610,James Avila,duncanmichael@example.com,BE,2022-05-16,Premium,2915.94
6611,Ashley Knight,lopezaaron@example.com,PT,2022-01-26,Standard,3462.86
6612,Tyler Shaw,riveraandrew@example.net,GN,2022-12-28,Premium,2482.08
6613,Rebecca Marshall,reedanne@example.net,CR,2021-03-29,Basic,2068.35
6614,Ashley Osborne,gmatthews@example.org,CV,2022-02-13,Premium,1584.48
6615,Brenda Howard,kaylee04@example.org,NO,2022-03-29,Standard,3736.12
6616,Chad Anderson,davismary@example.com,KI,2021-01-13,Premium,3057.82
6617,Thomas Goodwin,thomaskenneth@example.com,MC,2023-11-28,Standard,2560.1
6618,Andrea Collier,beardtroy@example.org,RO,2020-06-09,Standard,3588.92
6619,Natasha Hall,shelby46@example.org,PE,2022-11-27,Basic,4861.67
6620,Anthony Williams DDS,albert40@example.org,DJ,2021-02-20,Premium,3948.92
6621,Tina Mccarty,not-an-email,MZ,2020-06-14,Standard,2705.39
6622,Roger Miller,kingchristopher@example.org,SM,2020-05-31,Standard,4364.54
6623,Jessica Bryant,patrick69@example.net,SV,2025-11-10,Premium,836.9
6624,Phillip Hernandez,alexandra16@example.net,MH,2021-03-16,Standard,4746.19
6625,Stephanie Keller,wattsthomas@example.org,BJ,2021-02-21,Basic,2991.75
6626,Timothy Harrison,bowersjanice@example.com,MC,2024-07-14,Premium,2622.99
6627,Beverly Lloyd,omedina@example.org,KP,2024-12-05,Basic,3665.38
6628,Diana Cook,romerozachary@example.org,GW,2025-10-24,Standard,2230.95
6629,Craig Jenkins,uyork@example.com,VC,2020-11-05,Standard,1480.4
6630,Katherine Avery,travisscott@example.net,LC,2024-01-11,Premium,4352.69
6631,Marie Wright,kevinsmith@example.com,BN,2024-04-16,Standard,1898.81
6632,Maria Powell,randy27@example.com,MN,2023-02-06,Basic,3463.3
6633,Michael Williamson,patrickknox@example.com,LK,2020-02-29,Standard,2185.94
6634,Vincent Fuller,moorematthew@example.org,ER,2023-07-01,Basic,1551.11
6635,Bradley Ramos,tgraham@example.net,KG,2021-12-02,Premium,2759.47
6636,Brian Thomas,jedwards@example.com,BN,2020-05-07,Premium,1536.87
6637,Jared Sanchez,gonzaleskevin@example.com,MW,2025-03-23,Standard,185.84
6638,Thomas Rowe,charlesrobinson@example.net,RO,2025-10-30,Standard,1558.65
6639,Duane Bennett,trevorluna@example.org,KP,2024-07-15,Premium,3019.32
6640,David Webb,kimberly12@example.net,TL,2024-08-18,Standard,3686.33
6641,Thomas Glover,karenwagner@example.com,CD,2022-12-13,Basic,3719.53
6642,Lauren Delacruz,kwest@example.net,JO,2020-12-15,Premium,958.64
6643,Kathy Aguilar,russellandrea@example.org,PK,2023-12-14,Basic,563.41
6644,Miranda Phillips,hansenthomas@example.org,CV,2022-01-30,Basic,808.76
6645,Jenna Ali,johnsonmelissa@example.com,PK,2021-12-10,Standard,2212.39
6646,Hannah Myers,cristinasherman@example.net,SZ,2020-06-11,Standard,1792.39
6647,Timothy Johnson,daniel28@example.org,ZA,2022-07-07,Standard,3476.06
6648,Paul Marshall,asmith@example.net,MT,2022-11-25,Premium,4602.0
6649,Stacey Hernandez,jamesmartinez@example.org,MZ,2025-12-28,Basic,4120.38
6650,Justin Clark,vfernandez@example.com,FM,2022-03-24,Basic,2346.26
6651,Edward Perez,martintina@example.com,ML,2020-10-28,Premium,1700.28
6652,Jennifer Zimmerman,mary52@example.com,BE,2023-04-08,Premium,819.08
6653,Donald Stewart,francisstacy@example.net,MZ,2022-01-13,Basic,3225.29
6654,Alexandria Hawkins,laneashley@example.net,IL,2023-11-09,Premium,1971.37
6655,Marissa Miller,frankarroyo@example.com,BG,2021-04-07,Basic,485.95
6656,Joshua Myers,martinamber@example.net,ME,2021-01-04,Basic,3771.41
6657,Anna Mendez,bbarr@example.net,TZ,2021-02-02,Standard,2063.62
6658,Miguel Arnold,vickie83@example.com,BT,2023-12-21,Premium,4756.76
6659,David Robinson,oprice@example.com,JM,2024-06-10,Standard,3635.81
6660,Michael Perez,kellythomas@example.com,SY,2023-07-17,Basic,4426.33
6661,Glenn Foster,rodriguezmark@example.com,MZ,2024-06-25,Standard,4829.28
6662,Jason Smith,dparker@example.com,OM,2023-05-16,Premium,2897.39
6663,Jennifer Farmer,ruizamy@example.net,VU,2023-01-25,Standard,3116.35
6664,Scott Curry,cperez@example.com,SR,2022-04-14,Basic,4285.79
6665,Kyle Cross,shirleyorr@example.org,AL,2024-04-25,Premium,3501.86
6666,Lisa Weber,randall52@example.org,PY,2020-09-02,Premium,1933.76
6667,James Peters,james86@example.net,KE,2021-10-02,Standard,1154.53
6668,Melissa Johnson,randrade@example.org,KI,2024-12-16,Standard,1446.46
6669,Heather Reed,egonzalez@example.com,ZW,2022-03-30,Basic,3913.71
6670,Todd Fritz,alyssacooper@example.com,BS,2022-07-18,Standard,2557.66
6671,William Burton,kristasalas@example.com,GM,2021-02-16,Premium,3062.65
6672,Michael Frank,kimberly73@example.net,PG,2023-07-27,Premium,3423.22
6673,Michael Richardson,fphillips@example.org,X1!,2022-05-11,Standard,124.75
6674,Timothy Kelly,josephcarpenter@example.org,ZW,2024-09-27,Premium,191.72
6675,Jessica Mccoy,daniel75@example.com,GM,2023-06-12,Standard,3320.34
6676,Douglas Gutierrez,davidchapman@example.com,EG,2024-12-05,Standard,1408.56
6677,Tyrone Mclean,kelseygibson@example.net,MC,2022-08-07,Basic,3972.27
6678,Cindy Pacheco,nicolasclark@example.com,FR,2025-01-01,Basic,1658.98
6679,Jose Torres,eperkins@example.org,BD,2020-05-22,Premium,1201.64
6680,Michael West,xellis@example.com,TV,2020-04-07,Basic,1690.58
6681,Micheal Shaffer,joneschristine@example.net,GH,2020-07-08,Premium,3095.79
6682,Nicole Scott,kelly64@example.com,AR,2025-09-16,Basic,3588.96
6683,Andrew Reynolds,kreed@example.net,LS,2022-12-04,Standard,2980.78
6684,David Brooks,zferguson@example.com,VN,2025-06-05,Basic,3016.63
6685,Cameron Stevenson,smithpaul@example.com,WS,2021-02-03,Basic,2006.29
6686,Maria Torres,phillipsderek@example.org,BS,2024-01-27,Basic,161.58
6687,Christine Mitchell,aarongray@example.net,SY,2023-01-17,Standard,1666.25
6688,Andrea Porter,mary66@example.net,PW,2022-10-20,Standard,843.72
6689,Matthew Robbins,lloydcheryl@example.org,CM,2023-11-07,Basic,2544.98
6690,Brian Young,perry58@example.org,MY,2020-06-25,Basic,3518.85
6691,Kimberly Adkins,russellrobert@example.net,LA,2024-11-02,Basic,2011.3
6692,Robert Park,kathleenhernandez@example.org,ST,2020-08-10,Standard,258.11
6693,Alexander Garcia,fletchermichael@example.net,MU,2022-04-04,Basic,4841.85
6694,Debbie Pierce,alyssa14@example.com,AF,2024-12-24,Basic,2484.04
6695,Ms. Debbie Wallace,rittertaylor@example.net,KI,2024-07-17,Standard,507.15
6696,Dustin Rodriguez,ycarson@example.com,MV,2025-07-20,Basic,4925.86
6697,Jennifer Miller,vanessayoung@example.org,VN,2020-07-14,Standard,1589.76
6698,Michael Jefferson,fpatrick@example.org,FI,2022-03-29,Standard,2312.35
6699,Gerald Trujillo,beltranstephen@example.com,SV,2020-10-21,Standard,244.87
6700,Michael Hopkins,harveymegan@example.net,GH,2022-11-08,Basic,2966.19
6701,Albert Peterson,fosterpatricia@example.org,US,2025-07-30,Basic,1822.97
6702,Dana Nelson,milleranna@example.net,BH,2025-02-27,Standard,2135.43
6703,Darren Miller,,RW,2024-08-18,Premium,3781.8
6704,Brian Dixon,jessica38@example.com,CM,2025-07-14,Standard,2826.55
6705,Latasha Trujillo,erikbaker@example.org,FM,2020-04-29,Standard,4949.43
6706,Scott Johnson,freynolds@example.com,TO,2025-04-02,Standard,4613.76
6707,Brandy Liu,swilcox@example.net,IT,2023-10-11,Premium,1954.3
6708,Juan Goodman,michaelbeard@example.net,TZ,2024-11-29,Premium,575.2
6709,Robert Pope,wjackson@example.com,LK,2020-09-17,Premium,1135.4
6710,Jorge Brown,trandaniel@example.com,SG,2020-05-12,Premium,2896.65
6711,Brian Peterson DVM,scott32@example.com,DE,2020-01-05,Premium,4337.98
6712,Melissa Howard,francisryan@example.net,MR,2025-06-08,Basic,4896.59
6713,Alexander Luna,vwilkinson@example.net,DJ,2023-06-25,Basic,2101.73
6714,Michelle Reese,mosleypamela@example.org,ZA,2023-08-10,Premium,2149.08
6715,Marie Perez,whiteryan@example.org,MV,2022-08-16,Basic,1466.51
6716,Michael White,jbrown@example.net,JP,2022-12-07,Standard,3188.35
6717,Jennifer Davis,alexanderclark@example.org,AM,2020-06-22,Basic,4435.31
6718,Lauren Torres,danahood@example.org,SO,2024-08-01,Basic,3832.59
6719,Sarah Casey,veronicabyrd@example.net,SI,2024-11-04,Standard,2561.29
6720,John Hall,briannathomas@example.net,SI,2023-07-25,Basic,2021.65
6721,Jerry Murray,robindudley@example.org,KI,2022-10-30,Standard,2524.68
6722,John Ross,harmonadam@example.net,RO,2020-11-04,Standard,1502.79
6723,Lisa Campbell,vwalter@example.org,UZ,2024-11-17,Standard,869.14
6724,Isabella Watson,lopezalexandra@example.com,BJ,2025-04-21,Premium,2060.27
6725,Julia Wong,amanda51@example.net,MK,2021-05-09,Premium,2710.06
6726,Megan Harris,blake58@example.net,SD,2021-07-07,Standard,3838.38
6727,Suzanne Smith,cynthiagarcia@example.org,AD,2025-09-21,Basic,944.13
6728,Denise Nguyen,morganmary@example.net,UG,2025-05-08,Premium,1978.43
6729,Jennifer Smith,vbecker@example.com,SB,2022-08-07,Basic,2148.69
6730,Erin Bautista,garnerlaura@example.net,GR,2025-03-08,Standard,2110.44
6731,John Miller,smithsamantha@example.org,NP,2022-03-18,Basic,242.3
6732,Kelly Berg,sscott@example.com,TT,2020-11-27,Premium,779.0
6733,Jason Schwartz,erica16@example.com,VE,2024-08-10,Basic,2566.47
6734,Katherine Chen,matthew96@example.com,TR,2020-09-08,Premium,3037.88
6735,Alexander Neal,zbrown@example.net,AL,2025-03-26,Basic,2103.0
6736,Rachael Rubio,frank52@example.com,NE,2020-09-08,Premium,1692.6
6737,Barbara Robinson,pespinoza@example.com,RU,2025-01-21,Premium,915.65
6738,Allison Rice,james89@example.net,GA,2025-06-21,Basic,2412.38
6739,Daniel Estrada,ruth13@example.org,GR,2020-12-20,Premium,4764.05
6740,Jennifer Harper,james32@example.com,NI,2020-05-31,Premium,3740.53
6741,Caleb Williamson,dianecrawford@example.com,RO,2023-05-27,Basic,2007.76
6742,Elizabeth Bradshaw,gchase@example.net,SY,2024-10-11,Basic,4330.85
6743,Ryan Mclaughlin,sstewart@example.com,ML,2024-01-27,Premium,2343.07
6744,Shannon Martin,andrew34@example.com,NR,2024-05-26,Basic,4385.79
6745,Patrick Benson,aaron68@example.net,UA,2025-08-11,Premium,2413.63
6746,Daniel Robertson,aperkins@example.net,TG,2024-05-13,Basic,4614.79
6747,Michael Weaver,daniellopez@example.net,ZA,2020-03-06,Standard,749.99
6748,Christopher Neal,tammy57@example.org,TL,2021-02-18,Premium,4482.78
6749,Bryce Gross,gardnerrussell@example.net,CD,2021-03-20,Premium,2930.25
6750,Ronald Chandler,dbyrd@example.net,NG,2025-04-21,Standard,1300.73
6751,Amanda Sheppard,huntlance@example.com,BA,2023-07-22,Basic,2273.9
6752,Hector Young Jr.,brenda41@example.com,GR,2022-12-18,Premium,4004.09
6753,Mrs. Jennifer Leblanc,lorrainehall@example.com,HR,2021-02-03,Standard,2551.05
6754,Catherine Rogers,jimenezaudrey@example.org,CD,2020-01-11,Premium,4038.07
6755,Tina Berry,anthonygraves@example.org,AO,2020-09-15,Standard,4373.22
6756,Alan Mccullough,bakeryesenia@example.net,TR,2020-12-05,Premium,1299.83
6757,Gary Taylor,austinscott@example.net,SZ,2022-07-08,Basic,4816.12
6758,Jennifer Robertson,jessica34@example.net,MV,2025-06-23,Premium,3768.18
6759,Erika Moore,jonathan37@example.org,HU,2024-10-15,Basic,3416.67
6760,Daniel Smith,qgarcia@example.com,CZ,2021-04-26,Basic,4978.12
6761,Mrs. Danielle Brewer MD,stoutcynthia@example.net,BT,2021-05-31,Standard,444.79
6762,Aaron Davis,dennis78@example.org,SO,2023-07-23,Standard,4792.12
6763,Anne Hughes,pmckenzie@example.org,PG,2022-12-20,Basic,2732.97
6764,Dean Vaughn,dlee@example.net,MN,2020-04-07,Basic,3905.32
6765,Tyler Dalton,judy62@example.org,DE,2020-06-26,Basic,4947.12
6766,Elizabeth Hines,dhughes@example.net,RU,2024-02-01,Basic,216.23
6767,Patty Smith,lucasoscar@example.net,GR,2021-11-03,Standard,4155.99
6768,Brian Davis,cindy40@example.org,KR,2022-03-29,Premium,1535.52
6769,Regina Rogers MD,paul54@example.net,IR,2025-09-20,Standard,4158.71
6770,James Haynes,xrosario@example.com,NP,2023-08-02,Basic,3866.93
6771,Caitlyn Carter,terrellkari@example.com,CR,2025-06-25,Standard,2057.2
6772,Edward Fuller,anthony62@example.net,VC,2021-01-26,Basic,3183.41
6773,Brett Mcgee,ltaylor@example.org,UA,2024-11-10,Standard,2200.08
6774,Cody Holmes,kennethhancock@example.org,GQ,2021-10-20,Premium,607.75
6775,Julie Luna,hclark@example.net,VC,2023-08-05,Standard,3813.91
6776,Daniel Robbins,fperez@example.org,DZ,2021-06-08,Basic,3792.53
6777,Kathryn Owens,lpalmer@example.com,GE,2021-04-09,Premium,3637.77
6778,Heidi Spears,amanda35@example.com,ZW,2024-06-18,Standard,2123.18
6779,Barbara Nelson,john04@example.org,SY,2024-06-02,Standard,795.56
6780,Cynthia Rollins,angela60@example.com,IN,2022-12-16,Premium,3998.21
6781,Elizabeth Rojas,julie09@example.net,MU,2023-11-25,Premium,1396.09
6782,Jonathan Lyons,garciastephanie@example.org,SM,2023-06-22,Standard,3245.97
6783,Christina Morgan,martin50@example.net,LI,2023-04-10,Premium,2345.39
6784,Catherine Rocha,ecooper@example.org,IE,2025-05-19,Basic,2508.73
6785,Stacie Franklin,stacey68@example.org,KW,2022-11-04,Premium,3809.2
6786,Joseph Hill,whitemichael@example.com,ZW,2020-04-28,Standard,1546.93
6787,Thomas Thompson,andrew36@example.net,HN,2022-12-10,Standard,1720.24
6788,Andrew Walter,johnsonmichael@example.net,SK,2022-04-14,Standard,3527.85
6789,Terri Welch,xjohnson@example.org,KP,2020-03-31,Basic,1448.97
6790,Manuel Jenkins,mbuck@example.com,UY,2023-10-22,Premium,3830.48
6791,Anthony Newton,mcole@example.net,TR,2020-09-29,Premium,2656.72
6792,Mark Lee,lindalee@example.net,YE,2020-03-28,Premium,1183.01
6793,Michael Parks,petersdavid@example.org,GM,2025-12-06,Invalid,2861.34
6794,Timothy Rasmussen,beasleystacey@example.net,SB,2023-04-04,Basic,1526.97
6795,Rachel Black,carnold@example.org,MD,2024-09-10,Basic,875.68
6796,Teresa Hicks,sarah31@example.com,LI,2025-07-19,Basic,1593.23
6797,Courtney Patel,tracykramer@example.net,AE,2020-03-12,Basic,2255.33
6798,Debra Ward,wendyhall@example.com,VU,2020-04-07,Standard,856.76
6799,Karen Sanchez,john53@example.com,EE,2023-02-06,Basic,729.91
6800,Alexandria Fuentes,kelli58@example.com,TO,2025-11-16,Basic,1532.43
6801,Amanda White,austinsmith@example.net,UZ,2022-06-24,Standard,1360.8
6802,Toni Atkins,brucetravis@example.net,MH,2020-10-24,Premium,237.22
6803,Hector Reed,petersensarah@example.com,GD,2021-12-09,Premium,2957.83
6804,Anna Moore,ttaylor@example.org,NG,2025-07-19,Premium,2962.75
6805,April Scott,millerwalter@example.org,ZM,2022-12-19,Standard,1884.39
6806,Jenna Hill,harrismarc@example.net,QA,2025-04-28,Basic,3752.74
6807,Kelly Howard,xadams@example.org,RW,2021-07-20,Basic,2088.64
6808,Jeremy Webster,smithkimberly@example.com,EC,2022-01-12,Basic,4510.02
6809,James Shannon,qgonzalez@example.org,KP,2025-12-12,Standard,3254.87
6810,Lisa Johnson,glassgary@example.org,AO,2023-04-12,Basic,4277.79
6811,Casey Murray,priceraymond@example.org,MR,2025-06-24,Standard,2664.35
6812,Peter Stephens,,SC,2024-01-07,Standard,4340.5
6813,Brandon Kaufman,wendytucker@example.net,CZ,2021-11-11,Standard,3277.04
6814,Dawn Hopkins,toni78@example.net,TM,2020-06-19,Basic,2462.06
6815,Christina Castillo,ajones@example.net,KE,2025-02-03,Standard,4495.95
6816,Kathy Curry,chenpatrick@example.org,FM,2024-07-21,Premium,3376.85
6817,Jocelyn Wheeler,torresdeanna@example.com,AD,2023-03-09,Premium,1777.6
6818,Phillip Gonzalez,morrisonadrienne@example.org,GN,2023-07-17,Standard,1111.5
6819,Michele Randall,kara70@example.com,VE,2025-02-16,Premium,1463.75
6820,Diamond Browning,zkoch@example.net,KE,2022-09-03,Basic,3967.44
6821,Mr. Samuel Bradley,coreysmith@example.com,CN,2022-04-19,Basic,1065.02
6822,Veronica Weber,bellkarla@example.com,SR,2025-01-08,Standard,2350.68
6823,Jeffery Villegas,gcruz@example.net,TG,2023-03-12,Basic,4540.88
6824,David Watson,wrightbrenda@example.net,DM,2025-11-14,Basic,4244.16
6825,Laura Flynn,shannon31@example.com,MZ,2021-01-13,Basic,4500.86
6826,Robert Wilkins,mariaramirez@example.org,RO,2023-04-10,Basic,1092.4
6827,Ebony Ramirez,scottkim@example.com,KN,2021-02-15,Basic,260.92
6828,Ronald Brooks,lutzscott@example.org,TW,2022-01-22,Basic,584.32
6829,Jason Wolfe,mary76@example.com,PE,2023-11-06,Invalid,2586.34
6830,Jacqueline Elliott,ymyers@example.com,LT,2023-03-08,Standard,2811.09
6831,Rachel Thomas,eking@example.org,NZ,2023-10-25,Basic,4248.37
6832,Sean Torres,kpruitt@example.org,GQ,2020-04-26,Basic,4375.82
6833,Rebecca Lloyd,james19@example.com,MA,2020-10-01,Premium,2288.5
6834,Douglas Roberts,kelleyalexis@example.com,IQ,2024-10-31,Basic,1315.06
6835,Frederick Walker,ortegacatherine@example.org,AM,2025-02-17,Standard,4006.62
6836,Paige Sanders,hortonbrittany@example.net,VE,2024-09-07,Premium,3479.53
6837,Leslie Murphy,perezdaniel@example.com,AO,2022-10-11,Basic,4301.86
6838,Kelly Stone,cookrebekah@example.net,TV,2025-11-09,Premium,3479.22
6839,Ryan Jones,ryan09@example.net,NR,2025-07-31,Standard,969.41
6840,Kimberly Rivera,bpierce@example.org,TH,2022-08-01,Basic,1402.24
6841,Brianna Black,zsalazar@example.org,BI,2025-12-16,Standard,547.66
6842,Thomas Mahoney,estradashelby@example.com,SG,2025-03-20,Premium,3693.35
6843,Ann Daniels,millererika@example.com,SN,2024-09-16,Premium,4540.09
6844,William Hansen,darryl49@example.com,NG,2022-12-09,Premium,2660.53
6845,Brett Crane,kelly23@example.org,FR,2022-09-19,Premium,1117.89
6846,Cody Cruz,chloemaxwell@example.com,TZ,2024-07-24,Premium,2969.82
6847,Vincent Li,steven01@example.com,SY,2023-09-17,Basic,2438.68
6848,Mario Jackson,nicole02@example.org,SI,2025-11-14,Premium,2730.97
6849,Kimberly Rhodes,bradleymedina@example.com,ES,2024-07-23,Premium,1662.41
6850,Amber Smith,lbaxter@example.net,NO,2022-10-16,Basic,457.97
6851,Caitlyn Bailey,james62@example.org,AF,2020-11-11,Standard,670.39
6852,Heather White,zanderson@example.org,BB,2024-05-05,Premium,2432.58
6853,Wayne Gilmore,coxbarbara@example.org,AM,2022-08-05,Premium,2757.61
6854,David Rowe,tonya08@example.net,SI,2021-06-10,Premium,3031.64
6855,Kristina Taylor,zachary70@example.com,TT,2021-03-22,Standard,2889.71
6856,Kevin Taylor DDS,kentsharon@example.com,GH,2024-02-18,Basic,2205.8
6857,Phyllis Johnson,kari72@example.org,DM,2022-09-17,Premium,3627.91
6858,Kimberly Page,bethhart@example.com,AD,2024-02-26,Standard,3909.24
6859,Jessica Williams,stewartgary@example.net,KG,2024-08-07,Premium,2985.79
6860,Mrs. Anita Mclean,christinerobinson@example.org,BY,2024-02-12,Basic,3110.63
6861,Jared Delgado,lisa09@example.org,ZA,2020-02-17,Standard,4961.96
6862,Morgan Thomas,leonzachary@example.org,MD,2022-01-16,Standard,3797.35
6863,Terry Brown,jacob71@example.com,SR,2025-03-05,Basic,1426.64
6864,Sierra Randolph,michael82@example.com,DZ,2024-09-10,Basic,965.01
6865,Kimberly Mckinney,yvette19@example.com,IT,2022-02-23,Basic,2468.07
6866,Rachel Butler,jgreen@example.org,ET,2023-01-14,Standard,4762.03
6867,Tracy King,alan64@example.com,BW,2021-01-09,Standard,1394.58
6868,Nancy Casey MD,icox@example.net,KG,2025-08-03,Basic,1320.21
6869,Jennifer Leon,josephjohnson@example.org,NR,2025-06-26,Standard,3421.43
6870,Brooke Walsh,bassdaniel@example.net,NE,2024-01-04,Basic,1613.14
6871,Patrick Johnson,ubishop@example.org,NE,2020-04-25,Standard,646.2
6872,Justin Harrison,moorenoah@example.org,KR,2024-05-26,Premium,2489.14
6873,Kevin Campbell,hunterhoward@example.com,AF,2020-05-28,Standard,4477.5
6874,Shannon Miles,earl96@example.net,CM,2023-12-26,Basic,2405.48
6875,Randall Moody DDS,lindaleonard@example.org,SL,2024-03-31,Premium,976.1
6876,Amanda Rocha,joseph20@example.org,PA,2025-03-02,Standard,3397.58
6877,Hector Jones,estradaerin@example.org,JM,2021-09-09,Premium,4633.95
6878,Angela Thomas,garciaangel@example.net,TH,2024-03-10,Standard,1777.92
6879,Tracie Alvarado,carla90@example.com,BG,2024-08-21,Basic,2739.09
6880,Sarah Carter,vwilson@example.org,ZA,2021-02-23,Premium,1048.62
6881,Anthony Contreras,,CN,2021-08-03,Premium,3837.98
6882,Robert Davis,brandon04@example.net,MA,2021-11-20,Premium,1605.28
6883,Deborah Adams,kristin56@example.com,NE,2023-06-05,Standard,1668.08
6884,John Cervantes,pittmandonald@example.org,MV,2025-07-01,Basic,2412.19
6885,Travis Kelly,mharvey@example.com,KW,2021-03-30,Basic,1570.3
6886,Jason Gray,zcrawford@example.com,IE,2025-05-14,Basic,1130.43
6887,Colleen Park,longbreanna@example.net,IT,2025-10-13,Basic,857.53
6888,Eric Thomas,hendersonjacqueline@example.net,MH,2025-06-15,Premium,1040.33
6889,Michael Griffith,hayley21@example.com,MZ,2021-03-13,Standard,3950.47
6890,Kenneth Lee,copelandmatthew@example.net,BZ,2020-07-27,Premium,3089.6
6891,Cheryl Diaz,richard05@example.net,TL,2024-08-01,Premium,1695.84
6892,Karen Gomez,cray@example.org,LI,2020-07-06,Basic,4907.66
6893,Pamela Davis,jimenezbarry@example.net,LS,2022-10-02,Basic,3016.63
6894,Christine Morris,daniel64@example.org,CN,2020-05-09,Standard,3920.8
6895,Elizabeth Schmitt,haleywilliams@example.net,TJ,2024-05-08,Standard,1220.75
6896,Tommy Ewing,thomaskatherine@example.org,ML,2021-12-29,Standard,2412.71
6897,Laura Bruce,ashley24@example.org,UZ,2022-01-08,Standard,1916.88
6898,James Morris,nicholaswilliams@example.net,BT,2024-03-01,Standard,1735.24
6899,Aaron Anderson,lambertedward@example.com,FR,2020-08-27,Standard,4163.23
6900,Shawn Adams,harrisoneric@example.org,TD,2023-03-23,Standard,2303.57
6901,Ruben Benitez,baxtercory@example.com,NE,2022-07-05,Standard,2860.1
6902,Jamie Wilson,timothythompson@example.com,GE,2023-04-26,Standard,127.8
6903,Deanna Williams,michaelsims@example.net,MY,2023-04-09,Standard,371.01
6904,Cristian Rodriguez,harrismichelle@example.org,WS,2025-07-23,Standard,1832.7
6905,Craig Erickson,ygray@example.org,UY,2025-05-20,Premium,4877.43
6906,Michael Bennett,christianperez@example.com,IL,2020-08-31,Standard,195.45
6907,Billy Valentine,sluna@example.org,AG,2020-02-01,Basic,1090.84
6908,Mrs. Kristin Scott,nwatson@example.org,NO,2022-01-21,Basic,3611.7
6909,Edward Rodriguez,melissalopez@example.org,GH,2025-06-11,Standard,4179.5
6910,Jeffrey Howell,pittsmichael@example.net,AT,2025-10-05,Premium,1677.04
6911,Gregory Richardson,matthewmurphy@example.net,LK,2024-01-15,Standard,1695.86
6912,Paul Stout,mdavis@example.net,LV,2021-06-07,Basic,3721.18
6913,Mr. George Mendoza,bobbyrojas@example.org,RO,2024-08-08,Premium,3126.02
6914,Tina Chambers,paul36@example.com,NA,2025-03-11,Standard,4296.38
6915,Thomas Avila,sgoodman@example.net,MY,2022-08-26,Premium,464.69
6916,Judy Parker,wilsonchristopher@example.org,JO,2021-06-25,Premium,1694.87
6917,Lisa Lindsey,paulaperez@example.com,DK,2021-03-07,Standard,4713.32
6918,Ms. Nichole Hernandez,macknicole@example.com,CH,2025-05-23,Basic,2402.37
6919,Alexis Brown,dcampbell@example.com,AM,2023-10-01,Premium,3928.02
6920,Christine Rogers,christinechapman@example.org,IQ,2022-04-22,Standard,3470.22
6921,Carlos Zamora,sullivanzachary@example.org,TW,2025-03-10,Basic,2486.5
6922,Courtney Poole,sjohnson@example.org,NO,2023-07-20,Standard,4935.95
6923,Crystal Rodriguez,brendaharrison@example.net,CH,2021-03-06,Basic,1937.59
6924,Diana Tyler,robert03@example.net,CM,2023-01-05,Premium,374.96
6925,Kimberly Gordon,lward@example.com,UG,2023-11-23,Standard,1452.63
6926,Tammy Wilson,catherinegutierrez@example.com,JM,2024-12-15,Standard,2246.81
6927,Beverly Simpson DDS,cassandra19@example.net,TZ,2023-02-12,Standard,644.05
6928,Crystal Evans,lruiz@example.org,CL,2021-07-30,Premium,4416.16
6929,Shari Williams PhD,sergio08@example.org,FJ,2023-04-03,Premium,1690.27
6930,Jamie Ruiz,michaelchase@example.org,KZ,2020-07-11,Basic,2127.51
6931,Dennis Quinn,odudley@example.net,AT,2023-12-22,Premium,4382.36
6932,Timothy Bray,darrell17@example.com,GB,2021-08-02,Basic,1564.39
6933,Rita Spears,vchristensen@example.org,MX,2025-06-23,Premium,2853.0
6934,Claudia Frank,turnerbobby@example.org,FI,2022-01-19,Standard,1301.61
6935,Mary Martin,bennettwilliam@example.org,ES,2025-03-06,Basic,2778.27
6936,Timothy Good,wyatt39@example.net,KM,2025-09-26,Basic,1377.52
6937,Miss Angela Leon,swalters@example.com,MR,2022-08-31,Basic,4104.82
6938,Jack Knight,jessecannon@example.net,BI,2020-11-24,Basic,207.07
6939,Mary Hunt,kimberly52@example.org,US,2024-09-27,Premium,4366.55
6940,Richard White,michael55@example.com,CR,2020-12-07,Basic,3585.87
6941,Edward Rowland,ymahoney@example.net,CG,2020-12-11,Standard,4790.28
6942,Melissa Vega,pwest@example.net,MM,2021-02-11,Standard,4535.01
6943,Joy Anthony,jfrancis@example.org,BF,2024-01-21,Standard,3761.64
6944,Bradley Hester,tammy57@example.com,ET,2020-01-08,Premium,1002.29
6945,Mariah Wilson,wmartinez@example.net,NO,2020-10-17,Standard,1215.64
6946,Debra Grant,sharris@example.com,BF,2023-10-23,Standard,1731.76
6947,Jason Sanchez,dcontreras@example.org,MV,2021-06-02,Basic,4860.05
6948,Bruce Bryant,rebecca05@example.org,BJ,2023-10-04,Standard,1351.25
6949,Evelyn Nguyen,williamfowler@example.com,ES,2023-03-10,Basic,4670.14
6950,Dominic Butler,sanchezkelly@example.org,MR,2020-09-26,Premium,684.03
6951,Kristin Brock,pjohnson@example.com,BT,2025-03-11,Standard,2193.92
6952,Debra Curry,ascott@example.org,UY,2022-11-10,Standard,4010.68
6953,Travis Shea,phamheather@example.net,BN,2022-11-10,Basic,395.4
6954,Crystal Roberts,urodriguez@example.com,YE,2023-11-03,Basic,1930.02
6955,Debbie Johnson,staceycastro@example.net,ZA,2022-01-02,Basic,2242.31
6956,Juan Wilson,englishterri@example.org,UG,2021-02-08,Premium,4802.96
6957,Randy Walsh,cynthia15@example.org,CY,2022-02-07,Standard,3971.67
6958,Christine Murphy,deckerandrea@example.com,AT,2025-04-22,Standard,1484.97
6959,Rachel Strong,tracyfarley@example.com,MV,2024-02-14,Standard,3208.43
6960,Shannon Golden,bfarmer@example.org,LV,2024-11-04,Basic,470.21
6961,Jason Johnson,davisjermaine@example.net,ZA,2024-04-19,Premium,4873.71
6962,Nichole Hopkins,billy90@example.com,FR,2021-08-26,Premium,2705.64
6963,Stacy Roth MD,gibsonjoanna@example.com,NR,2025-06-21,Basic,4246.87
6964,Heather Moore,jonessarah@example.org,KE,2020-08-27,Premium,2912.23
6965,Ashley Perry,morgancruz@example.net,MC,2025-04-08,Standard,3089.15
6966,Carrie Allen,melissabarber@example.net,NE,2021-04-25,Premium,3784.35
6967,Jennifer Baldwin,ncosta@example.com,LR,2024-09-22,Basic,2211.64
6968,Sarah Gonzales,natalieharvey@example.com,TN,2024-07-13,Standard,2382.0
6969,Keith White,brookeking@example.com,KH,2023-12-29,Basic,845.81
6970,Lisa Smith,mark84@example.com,UG,2024-08-23,Standard,457.83
6971,Robert Lamb,brianvelasquez@example.com,CI,2023-11-27,Basic,2918.6
6972,Mary Holloway,valdezemily@example.org,TH,2025-04-08,Standard,2685.8
6973,Yvette Romero,nortiz@example.org,AU,2022-07-13,Basic,3723.35
6974,Stephanie Joseph,nealkatelyn@example.com,SM,2023-01-23,Standard,4458.05
6975,Dustin Smith,joshua44@example.com,GT,2020-04-30,Standard,2916.22
6976,Brandi Sullivan,christopherwilcox@example.net,BI,2024-08-24,Premium,3156.08
6977,Angela Ibarra,carrollmichael@example.net,GD,2023-05-18,Standard,192.47
6978,Steven Fox,chadpeterson@example.org,KG,2024-09-18,Premium,1679.68
6979,Shawn Smith,,AE,2024-10-30,Premium,1368.38
6980,Kaitlyn Fisher,parkerstephen@example.com,DM,2023-02-15,Premium,2963.44
6981,Erika Bean,christiancampos@example.net,HT,2020-12-16,Standard,2708.58
6982,Andrea Williams,dharris@example.com,LC,2022-02-16,Basic,3360.47
6983,Veronica Bowen,sethruiz@example.org,BT,2025-02-07,Basic,4634.25
6984,Sabrina Flores,kimberlyterrell@example.com,TT,2020-08-01,Basic,4349.49
6985,Joshua Wilson,elizabeth49@example.com,BB,2021-04-25,Premium,1025.35
6986,Thomas Reynolds PhD,jeremyellis@example.net,SK,2023-12-26,Premium,1110.11
6987,Joseph Wagner,shermankaitlyn@example.org,OM,2023-03-21,Premium,594.39
6988,Melanie Nguyen,patricia87@example.org,ID,2022-04-07,Basic,3049.42
6989,Jeffrey Mcdonald,pmendoza@example.org,MR,2020-11-11,Premium,3919.37
6990,Janet Lam,lglover@example.net,ZW,2025-04-29,Basic,1807.75
6991,Rebecca Combs,andreaward@example.org,DE,2022-10-25,Premium,1704.56
6992,Natalie Velasquez,ywhite@example.net,MV,2020-09-10,Standard,4649.48
6993,Catherine Perez,alexandrabooth@example.net,IN,2023-02-18,Basic,1123.16
6994,Nancy Carter,ocolon@example.net,ZM,2021-01-07,Standard,900.12
6995,Yolanda Rose,sharon99@example.org,CY,2024-04-17,Standard,1241.6
6996,Ronald Yang,jessicamorse@example.com,CN,2020-06-03,Premium,3884.49
6997,Whitney Evans,robert50@example.com,KR,2020-07-27,Premium,772.83
6998,Scott Parker,wendy16@example.org,BW,2022-06-27,Standard,703.24
6999,Michelle Hughes,megan70@example.org,BH,2022-07-19,Standard,224.58
7000,Alan Bray,ibaker@example.org,CO,2021-04-28,Basic,4285.52
7001,Robert Nunez,brooksemily@example.net,AR,2024-06-28,Premium,1964.04
7002,Erika Watkins,goodwinjennifer@example.net,TT,2024-02-28,Standard,-25.0
7003,Mr. Jonathon Smith PhD,edward07@example.com,GW,2020-07-31,Premium,1107.6
7004,Teresa Wallace,ythomas@example.net,NO,2020-02-09,Standard,2992.06
7005,Tara Perez,pamela86@example.org,BT,2024-08-24,Premium,554.97
7006,Amanda Watson,katherine91@example.net,JP,2024-06-02,Premium,2582.85
7007,Jeffrey Crawford,susanthomas@example.org,WS,2024-02-20,Basic,3650.14
7008,Brenda Davis,palmerthomas@example.net,TV,2023-08-13,Premium,898.13
7009,Michael Francis,btaylor@example.org,NZ,2022-07-31,Premium,689.76
7010,Emily Green,wrightdennis@example.com,TG,2021-07-13,Standard,3729.15
7011,Jennifer King,perezmegan@example.com,KZ,2020-07-19,Standard,3773.44
7012,James Thomas,darlene69@example.org,SV,2025-10-22,Standard,2134.13
7013,Maria Morrison,adrianhawkins@example.org,SO,2021-12-30,Premium,4927.25
7014,Thomas Smith,bgray@example.org,AU,2022-12-30,Basic,1863.31
7015,Teresa Brown,julia16@example.org,SM,2022-08-10,Standard,2592.8
7016,Laura Weaver,james66@example.org,KG,2023-09-03,Standard,179.11
7017,Kristen Hoffman,nancy37@example.com,GB,2022-02-20,Standard,4036.72
7018,Benjamin Morgan,gabriel61@example.net,UY,2024-04-11,Standard,4811.69
7019,Arthur Olsen,carlmiller@example.net,YE,2024-01-22,Premium,1837.94
7020,Christy Gibson,williamspaul@example.org,CF,2023-09-30,Standard,4199.02
7021,Kathy Wallace,stacey37@example.net,PL,2020-12-15,Standard,4735.11
7022,Natasha Frederick,dawn08@example.net,KP,2022-03-16,Basic,1573.4
7023,Cameron Barton,julie37@example.com,IN,2022-03-21,Basic,513.81
7024,Cheryl Young,michaelwilliam@example.com,ES,2023-07-04,Basic,4069.83
7025,Thomas Carson,kelly94@example.org,DO,2021-11-30,Standard,177.67
7026,Dr. Deanna Orozco PhD,dylanibarra@example.net,NR,2023-01-21,Standard,3675.18
7027,Nicholas Pennington,alexpatterson@example.net,GT,2025-02-20,Standard,322.31
7028,Matthew Sanchez,sherihorton@example.com,PW,2020-08-24,Premium,969.06
7029,Kayla Newton,landryjudith@example.com,RS,2024-04-19,Premium,726.95
7030,Brittany Cervantes,garciabrenda@example.net,SY,2023-10-16,Premium,787.08
7031,Katie Richards,nicoleclark@example.net,TD,2021-04-18,Standard,3835.21
7032,Robert Jacobs,bshort@example.org,AM,2024-12-08,Premium,3021.4
7033,Katrina Hoffman,qsandoval@example.net,SD,2025-02-23,Premium,4345.09
7034,Deborah Harris,sandra86@example.org,SR,2023-10-25,Basic,1536.11
7035,Kathy Hoffman,tiffany87@example.com,KM,2021-06-27,Basic,2132.89
7036,Kathryn Ellis,lcarroll@example.com,JM,2025-09-15,Premium,2154.27
7037,Timothy Douglas,rnelson@example.org,FM,2022-07-06,Premium,4687.83
7038,Charlene Barton,gilmorebarbara@example.com,MR,2024-05-08,Premium,3735.64
7039,Ronald Hernandez,angela80@example.org,KI,2021-07-14,Basic,989.91
7040,Krista Horn,,UZ,2022-10-12,Premium,3954.13
7041,Marcus Kelly,hbutler@example.net,CD,2024-07-10,Premium,2538.02
7042,Sandy Ryan,paige45@example.org,NL,2021-08-21,Standard,2077.91
7043,Sarah Pearson,rebeccalee@example.com,LY,2022-09-23,Standard,4554.01
7044,Michael Jones,lhoward@example.com,NE,2024-02-04,Standard,3147.38
7045,Doris Keller,qbrooks@example.com,TV,2024-10-30,Premium,3938.02
7046,Rebecca Joseph,emartinez@example.org,MV,2020-05-08,Standard,239.63
7047,Adrian Thompson,margaretmorgan@example.net,NI,2020-09-11,Standard,267.69
7048,Kelly Dickerson,gregoryhodges@example.com,AO,2020-01-26,Premium,4576.53
7049,Daniel Smith,amanda48@example.net,ME,2023-07-28,Premium,2743.43
7050,Phillip Patel,cmitchell@example.net,KW,2024-04-11,Basic,3640.36
7051,Beverly Curtis,rgeorge@example.org,ZW,2022-08-24,Premium,875.05
7052,Mary Hahn,deborahwilliams@example.com,MH,2020-03-20,Premium,1808.47
7053,Pamela Marshall,rodney43@example.org,KG,2025-10-17,Premium,551.41
7054,Melanie Brown,matthew01@example.net,GQ,2025-08-06,Premium,650.81
7055,Robert Blackburn,michelle31@example.com,RS,2024-12-05,Standard,2375.72
7056,Melissa Dean,gdominguez@example.net,SD,2020-10-20,Standard,4295.09
7057,Alicia Thomas,mckenziebrandon@example.com,CH,2022-02-19,Basic,2258.04
7058,Seth James,jaredmiller@example.com,ME,2023-02-14,Basic,4066.18
7059,Michelle Rangel,swells@example.net,JM,2025-09-27,Premium,1626.01
7060,Jacqueline Roberts,bradychristopher@example.net,NL,2022-07-06,Standard,4507.79
7061,Julie Ross,brandon88@example.org,JM,2022-05-10,Standard,728.17
7062,Jessica Scott,underwoodhaley@example.org,PL,2023-05-23,Basic,2745.93
7063,Steven Goodman,hamptonkaren@example.net,IR,2020-06-23,Basic,3375.32
7064,Kristina Taylor,rhale@example.org,UG,2023-02-25,Premium,2441.17
7065,Jeremy Garcia,wwalsh@example.org,LB,2021-07-30,Basic,4172.34
7066,David Owens,steven47@example.org,PE,2025-12-10,Basic,1061.81
7067,Jordan Mclean,liudebra@example.net,SR,2021-08-01,Premium,2622.2
7068,David Coleman,suttonjennifer@example.com,MH,2020-02-26,Premium,1205.2
7069,Caitlin Robinson,briannavargas@example.com,HR,2021-08-15,Premium,3741.61
7070,Michael King,samantha88@example.com,BS,2024-03-16,Basic,2078.81
7071,Chris Richardson,rossdavid@example.net,PK,2021-04-19,Basic,615.62
7072,Terri Cortez,benjamin04@example.org,BJ,2022-09-16,Premium,1328.29
7073,Rachel Carlson,hgarza@example.net,LT,2024-10-30,Basic,3330.91
7074,Andrea Duncan,ysloan@example.net,PA,2022-10-02,Standard,3581.26
7075,Kylie Lopez,paulespinoza@example.net,SA,2023-06-07,Standard,3374.95
7076,Michelle Bradley,lisaporter@example.net,TR,2023-06-28,Basic,2632.83
7077,William Sanchez,hobbsdaniel@example.org,NA,2023-01-25,Standard,3823.48
7078,Jonathon Lee,kristy26@example.com,MY,2025-04-10,Premium,1706.93
7079,Tammy Jenkins,jessicafranco@example.org,BA,2022-11-21,Standard,3339.89
7080,Jacob Wong,hdoyle@example.net,JO,2025-06-28,Basic,3708.41
7081,Sara Smith,belinda47@example.com,EG,2023-01-02,Premium,3764.89
7082,Zachary Fitzgerald,kevincowan@example.net,PG,2020-01-17,Standard,3196.21
7083,Edward Thompson,james88@example.org,CM,2025-03-11,Premium,4899.7
7084,Sharon Thompson,cathy88@example.com,AU,2021-06-22,Premium,800.48
7085,Jennifer Carrillo,travis85@example.org,YE,2024-09-10,Premium,4193.36
7086,Ashley Mcconnell,washingtonchristopher@example.com,TO,2022-10-16,Premium,893.24
7087,Amber Cruz,robinhernandez@example.com,CF,2024-01-28,Standard,157.39
7088,Thomas Norris,kimberlydaniel@example.org,PL,2020-03-18,Standard,2470.84
7089,Amy Medina,jensenrobert@example.org,TO,2023-03-17,Standard,1019.97
7090,Sarah Nguyen,gonzalesbrenda@example.org,PS,2024-12-03,Basic,2087.72
7091,Monica Anderson,laurieevans@example.net,VC,2020-01-17,Premium,2320.65
7092,Mark Bridges,huntlouis@example.com,BG,2023-07-22,Standard,2774.81
7093,Jennifer Smith,ghill@example.com,CD,2021-09-04,Premium,3750.31
7094,Chad Jackson,walkerjennifer@example.org,CH,2025-10-22,Basic,3865.7
7095,Blake Martinez,jamesstevenson@example.net,GB,2024-05-25,Standard,1752.55
7096,Kenneth Maldonado,sara81@example.com,ER,2024-11-12,Premium,1350.89
7097,Christopher Garcia,kimberly91@example.com,BW,2022-12-20,Standard,3882.84
7098,Linda Boone,jeffrey21@example.org,LS,2020-04-24,Standard,3349.92
7099,Elizabeth Bates,lisachase@example.net,SR,2023-08-31,Basic,4295.45
7100,Matthew Wright,mary94@example.net,MA,2020-07-13,Basic,1388.03
7101,Julie Obrien,washingtonjohn@example.net,CD,2020-09-24,Standard,2189.92
7102,Sarah Potter,baileylaurie@example.org,ES,2023-07-26,Premium,4827.29
7103,Jeremy Williams,daniel04@example.net,TJ,2020-09-06,Premium,563.46
7104,Jennifer Beck,pfarley@example.net,AT,2023-02-17,Standard,4167.38
7105,Chelsea Thompson,xlee@example.com,CY,2023-10-11,Premium,2797.28
7106,Valerie Bishop,nathaniellittle@example.net,CN,2023-11-21,Standard,718.87
7107,Mrs. Heather Watts DDS,beardronald@example.org,CV,2020-04-22,Standard,1604.45
7108,Stefanie Collins,janet13@example.org,MG,2022-10-13,Standard,2811.16
7109,Frank Harris,kylemccoy@example.com,BD,2025-11-11,Premium,4834.83
7110,James Coleman,bmaynard@example.org,TR,2022-09-30,Basic,994.8
7111,XXXXXXXXXXXXXXXXXXXXXXXXXXXXXXXXXXXXXXXXXXXXXXXXXXXXXXXXXXXXXXXXXXXXXXXXXXXXXXXXXXXXXXXXXXXXXXXXXXXXXXXXXXXXXXXXXXXXXXXX,lorithomas@example.net,LY,2021-02-04,Basic,1054.9
7112,Charles Christensen,yshields@example.net,KM,2021-09-25,Basic,1187.1
7113,Ariel Hogan,gabrielsalinas@example.com,SI,2021-07-14,Premium,1073.52
7114,Jennifer Roberts,jasminedunn@example.com,PY,2020-09-09,Basic,1834.29
7115,Patrick Turner,ebyrd@example.org,TT,2025-11-08,Basic,3921.69
7116,Jose Edwards,jeffreybest@example.com,GR,2020-09-28,Basic,4313.64
7117,Daniel Carr,robertchavez@example.net,CF,2021-02-24,Basic,330.28
7118,William Thompson,gordongrace@example.org,BA,2021-03-08,Basic,1877.02
7119,Lucas Smith,jonathanwilliams@example.net,MK,2022-03-06,Premium,3499.1
7120,Robin Miller,sburgess@example.org,UZ,2022-08-15,Basic,917.09
7121,Danielle Hutchinson,michelle92@example.net,AM,2024-08-15,Premium,590.68
7122,Jacob Shepard,whitealicia@example.org,BZ,2023-07-23,Premium,3211.05
7123,Laura Mitchell,rebecca22@example.net,GW,2024-11-01,Basic,1208.66
7124,Frances Mason,sfritz@example.org,OM,2020-11-04,Basic,845.05
7125,Stefanie Petersen,afigueroa@example.com,VE,2025-09-13,Basic,2177.68
7126,Glenda Bradley,teresa86@example.net,JM,2025-02-22,Premium,1464.26
7127,Joshua Decker,smithjennifer@example.com,WS,2020-05-27,Standard,1552.83
7128,Hannah Martin,pittswilliam@example.net,JM,2025-01-06,Basic,4862.84
7129,Brian Miller,xwood@example.com,GR,2022-04-15,Standard,2393.22
7130,Daniel Williams,lori33@example.com,TT,2025-05-06,Premium,3635.58
7131,Gregory Short,ellispaula@example.com,TW,2025-02-11,Standard,101.73
7132,Dustin Davis,cdaugherty@example.org,LV,2021-12-22,Standard,3570.87
7133,Melissa Lee,xburnett@example.com,PK,2023-09-18,Basic,1626.87
7134,James Aguirre,xknapp@example.com,LA,2021-07-28,Basic,3104.27
7135,Joel Collins,ylewis@example.com,LV,2022-05-11,Premium,390.19
7136,Brian Brown,ystevens@example.net,GR,2023-01-19,Standard,787.49
7137,Diana Richards,ohickman@example.com,JM,2023-09-11,Standard,4129.96
7138,Carolyn Kerr,cooperjacob@example.net,GA,2021-03-16,Premium,2017.07
7139,Diane West,chad33@example.net,HU,2025-12-29,Premium,3265.81
7140,Ashley Sosa,xwoods@example.net,BD,2022-06-27,Standard,2997.94
7141,Zachary Johnson,sarah16@example.net,SZ,2022-03-16,Premium,4188.21
7142,Tammie Carr,burtonphilip@example.net,KR,2024-11-03,Premium,1208.89
7143,Sarah Bennett,melissa64@example.com,AR,2022-04-17,Standard,788.16
7144,Shawn Stanley,david66@example.org,CV,2021-03-22,Standard,705.01
7145,Tracy Thomas,ywalker@example.net,LU,2022-12-30,Basic,2971.06
7146,David Lawson,xdurham@example.org,RW,2025-11-16,Basic,844.05
7147,Mr. Christopher Cobb Jr.,jennifer61@example.com,PK,2026-09-25,Standard,797.8
7148,Michael Paul,afuller@example.com,AT,2024-03-09,Standard,3826.86
7149,Brian Reeves,lisascott@example.net,MA,2025-05-21,Premium,3220.11
7150,Monica Thompson,brooke17@example.com,IR,2021-07-13,Basic,1624.69
7151,Jenny Turner,johnsoncaitlin@example.com,KH,2023-03-24,Premium,3881.12
7152,Tracey Sanchez,henryalexander@example.net,GY,2022-11-14,Basic,2408.44
7153,Phillip Montes,petersonmallory@example.net,SV,2024-06-28,Basic,2247.53
7154,Angelica Nichols,kbrown@example.com,FM,2020-03-29,Premium,2752.17
7155,Kimberly Jacobs MD,brownmegan@example.org,SR,2021-02-04,Basic,2326.4
7156,Shelly Rice,angelarios@example.org,IL,2024-12-26,Premium,4413.11
7157,Derek Huynh,fostercynthia@example.net,BZ,2020-04-30,Basic,1772.75
7158,Curtis Mitchell,james61@example.net,GB,2021-03-16,Standard,4752.49
7159,Donna Robertson,robertsonsamantha@example.com,TD,2024-09-09,Premium,1969.36
7160,Sean Aguilar,tward@example.com,WS,2022-11-14,Standard,652.9
7161,Phillip Sanchez,njones@example.net,US,2025-02-04,Standard,2186.96
7162,Keith Hall,katelyn44@example.com,SR,2023-08-04,Premium,4393.59
7163,Lisa Peterson,mmeadows@example.net,BH,2025-06-06,Basic,4340.98
7164,Lindsay Anderson,mirandaisabel@example.net,PA,2025-10-07,Standard,3816.45
7165,Edward Quinn,bcoleman@example.org,BE,2023-11-03,Premium,2661.91
7166,Thomas Jenkins,bwilliamson@example.org,BT,2022-02-24,Premium,4988.27
7167,Paul Gonzalez,randy36@example.net,ZW,2025-11-02,Basic,4802.7
7168,Nicholas Yoder,murphyaustin@example.net,HN,2021-12-31,Standard,1282.33
7169,Samuel Hernandez,jamesmorris@example.org,CM,2021-08-15,Basic,2523.21
7170,Cory Wood,ydavis@example.org,AM,2025-02-11,Basic,4819.9
7171,Eric Anderson,robinsonamanda@example.org,MU,2025-05-02,Standard,377.6
7172,Joanne Anderson,qjohnson@example.com,MZ,2023-01-09,Premium,4339.32
7173,Shirley Hall,lowebrendan@example.com,DZ,2021-11-09,Standard,4227.39
7174,Allen Cannon,kwilliams@example.com,PT,2023-07-04,Basic,1451.74
7175,Thomas Riggs,joshuabenton@example.com,BN,2021-11-01,Standard,3237.3
7176,Teresa Cox,yclark@example.org,NE,2022-06-09,Standard,2156.26
7177,Paul Chambers,ginalewis@example.org,ET,2024-01-27,Standard,4917.12
7178,Kathleen Simmons,scott08@example.org,NG,2020-02-17,Premium,163.34
7179,Grant Clark,tara06@example.org,SD,2023-07-26,Basic,4049.36
7180,Joseph Smith,kellyraymond@example.com,BZ,2024-04-24,Premium,2970.34
7181,Kelly Grant,brendajones@example.org,KR,2023-10-09,Premium,2996.31
7182,Kathleen Reed,zhall@example.net,KZ,2024-09-26,Basic,1402.2
7183,Timothy Maddox,zrandolph@example.net,CN,2025-11-08,Basic,2490.52
7184,Alexander Freeman,gsmith@example.com,SA,2023-09-11,Basic,4203.32
7185,Wesley Hall,andre82@example.com,GQ,2021-09-28,Standard,3072.48
7186,Steven Avila,jon83@example.com,ZW,2022-09-15,Basic,1974.68
7187,Lori Jackson,perkinsjesus@example.net,BD,2023-01-26,Basic,628.21
7188,Richard Wilkinson,julie98@example.org,AF,2022-02-02,Basic,4774.95
7189,Sandra Carson,ingramtaylor@example.net,GN,2025-04-05,Basic,565.08
7190,Michael Lawrence,katie76@example.org,AT,2025-12-30,Premium,1867.43
7191,Catherine Williams,carriejenkins@example.com,JP,2025-03-03,Basic,3575.6
7192,Sherry Richards,crystal38@example.net,AG,2024-06-01,Basic,2166.96
7193,Timothy Jenkins,scott16@example.com,SC,2025-06-27,Standard,3619.62
7194,Paula Chung,coopergina@example.net,KR,2020-03-30,Premium,1801.79
7195,Laurie Wood,sherylcarpenter@example.com,ST,2021-07-02,Standard,4275.94
7196,Gabriel Thompson,connorjoseph@example.com,SK,2020-01-15,Basic,4330.72
7197,Joseph Aguirre,leah18@example.com,BS,2025-05-01,Premium,4706.97
7198,Amy Garcia,rmccullough@example.com,KR,2022-04-21,Basic,3747.49
7199,Michelle Johnson,ijenkins@example.com,EE,2025-10-14,Standard,3378.43
7200,Timothy Johnson,rebecca78@example.net,NI,2025-01-22,Premium,1158.59
7201,John Reyes,nstevens@example.com,AT,2022-01-08,Premium,218.31
7202,Brent Little,joshuahoffman@example.org,MK,2021-04-24,Standard,584.14
7203,Mr. Jonathon Eaton,hannah18@example.net,MG,2025-04-11,Standard,4029.29
7204,Kayla Vaughn,jharmon@example.net,TZ,2020-05-25,Basic,2337.45
7205,Sydney Washington,brooksrobert@example.org,FJ,2023-10-15,Standard,1857.09
7206,Alicia Griffin,edwinhenry@example.org,CN,2021-05-09,Basic,1785.84
7207,Nicole Leblanc,garciadennis@example.net,MW,2021-08-20,Premium,1455.5
7208,Natasha Fritz,gordonchad@example.com,SV,2025-07-06,Premium,1690.11
7209,John Wilson,darrenstewart@example.org,SL,2025-06-10,Basic,4955.78
7210,Brenda Fitzgerald,zdixon@example.org,BW,2020-04-20,Standard,3866.19
7211,Kylie Hansen,kendra40@example.org,NZ,2023-02-09,Premium,1125.97
7212,Mary Eaton,marvinpeters@example.net,SR,2023-11-05,Basic,3276.61
7213,Mark Lewis,bruce85@example.net,JP,2024-06-23,Basic,2066.47
7214,Levi Cox,sandra28@example.com,MW,2020-12-14,Standard,3926.74
7215,Jessica Stewart,hortiz@example.org,KR,2025-07-21,Premium,4239.13
7216,Mrs. Leslie Anderson MD,mercerwendy@example.org,CH,2025-10-25,Premium,1735.44
7217,Cole Thompson MD,mary81@example.net,ZW,2025-04-28,Basic,2737.35
7218,Kenneth Brown,andrewphillips@example.com,HT,2021-10-17,Premium,1651.02
7219,Laura Anderson,thomas86@example.com,MA,2022-02-20,Standard,596.36
7220,Nicole Elliott,kmiller@example.org,KW,2021-08-27,Basic,543.12
7221,Jillian Johnson,bennettveronica@example.com,GB,2020-11-20,Standard,1633.33
7222,Ana Beck,monicagomez@example.org,ID,2022-03-27,Standard,3233.43
7223,Robert Roberson,jenniferhardin@example.com,NL,2021-09-28,Standard,1090.53
7224,Thomas Keith,dpatton@example.org,OM,2025-07-16,Basic,2478.66
7225,Austin Williams,teresa57@example.com,HT,2025-10-28,Standard,4048.9
7226,Tiffany Anderson,kimberly78@example.com,FM,2025-06-13,Standard,3798.38
7227,Brian Holland,kirbyhaley@example.net,MG,2021-03-27,Premium,1681.52
7228,Jennifer Rodriguez,robbinsthomas@example.net,BR,2025-02-13,Premium,1029.97
7229,Gary Robles DDS,andrea18@example.net,NP,2023-01-03,Standard,4553.27
7230,Julie Adams,xjones@example.com,BR,2020-10-31,Basic,3247.31
7231,Ronald Thompson,smithbrandon@example.org,IL,2022-01-25,Standard,3808.18
7232,Andrea Duncan,bradley56@example.net,LU,2025-06-03,Basic,971.75
7233,Anthony Santana,onealsarah@example.org,KI,2024-10-26,Basic,3508.62
7234,Bradley Thomas,lschultz@example.org,PW,2022-07-15,Premium,557.48
7235,Jill Banks,rachelrodriguez@example.com,PW,2024-10-10,Basic,3030.05
7236,Charles Jennings,nicole29@example.org,NA,2020-01-10,Basic,2082.72
7237,David Anderson,braunjesse@example.org,CA,2022-04-29,Standard,814.25
7238,Kathryn Perez,janetmason@example.org,SC,2021-07-04,Standard,2710.86
7239,Christina Chapman,james91@example.org,SZ,2020-08-28,Standard,751.86
7240,Megan Wright,sean88@example.org,KG,2022-02-03,Standard,607.77
7241,Belinda Meyer,cummingsjason@example.org,RW,2021-12-26,Basic,4091.41
7242,Kristen Moore,christinepadilla@example.com,LB,2020-11-21,Standard,3105.76
7243,Sierra Kennedy,sandra44@example.org,LT,2021-11-01,Premium,1686.8
7244,Mr. Clayton Baird,robertflowers@example.org,QA,2024-02-19,Premium,2268.43
7245,Misty Evans,ramirezdaniel@example.net,PW,2020-03-15,Premium,1304.93
7246,Juan Palmer,wsimpson@example.net,GA,2025-03-10,Premium,3370.85
7247,April Bass,karen45@example.com,UZ,2024-02-17,Standard,229.16
7248,Jacob Owens MD,ravensweeney@example.net,TR,2021-09-09,Premium,4182.92
7249,Charles Collins,hcummings@example.org,DJ,2025-03-29,Premium,1302.22
7250,Taylor Roberts,robertmartin@example.org,BH,2022-04-07,Premium,2257.74
7251,Wendy Higgins,joe40@example.org,US,2023-06-24,Premium,812.35
7252,Thomas Gomez,bjohnson@example.net,IL,2022-11-27,Standard,1294.03
7253,Scott Adams,jwhitaker@example.org,NP,2020-03-17,Premium,4301.9
7254,Jamie Martinez,vjones@example.net,TO,2025-01-07,Standard,4205.86
7255,Ashley Velez,elizabeth79@example.com,AR,2023-10-12,Standard,2825.98
7256,Virginia Murphy,cookjoshua@example.org,NE,2021-12-18,Basic,1041.97
7257,Gary Schultz,stevensmith@example.com,BO,2024-07-26,Premium,4254.73
7258,Anthony Townsend,washingtondaniel@example.net,YE,2020-02-08,Basic,2058.12
7259,Justin Davis,qcowan@example.org,TH,2022-03-07,Basic,4454.16
7260,Kara Alexander,charlesbecker@example.org,ML,2023-09-09,Standard,3759.28
7261,Tony Adkins,vevans@example.org,FM,2024-06-03,Basic,4004.31
7262,Kelly Young,crasmussen@example.net,PH,2023-11-05,Standard,4036.79
7263,Robert Kelley,kaylamcdaniel@example.net,RW,2021-07-06,Standard,2213.44
7264,Brendan Craig MD,omorrow@example.net,FI,2024-05-19,Standard,4510.26
7265,Michael Reed,apoole@example.net,BY,2020-04-23,Premium,1668.76
7266,Darlene Paul,maryjohnson@example.net,GA,2022-04-11,Standard,477.5
7267,Jason Morales,fisherronnie@example.org,VE,2025-08-03,Basic,759.01
7268,Richard Vargas,jennifer02@example.net,ME,2025-11-01,Basic,1309.79
7269,Linda Harris,thompsonlarry@example.net,TD,2024-01-01,Basic,2936.9
7270,Pamela Brown,reedcourtney@example.org,DO,2024-06-02,Premium,4906.95
7271,Richard Miller,lford@example.net,KH,2024-06-16,Basic,3570.93
7272,Craig Young,ischmidt@example.org,AM,2021-02-08,Basic,1636.08
7273,Ryan Taylor,williamscynthia@example.net,DZ,2021-12-13,Basic,1216.34
7274,Steven Lowery,hlewis@example.net,KM,2020-08-22,Standard,3616.07
7275,Lori Jackson,josephgonzalez@example.net,NI,2020-05-14,Basic,4884.82
7276,Roger Brown,ramosdanielle@example.com,EE,2022-02-06,Premium,2379.9
7277,Gregory Williams,jonescourtney@example.com,CI,2025-06-12,Basic,4199.41
7278,Robert Burton,bonillabryan@example.com,AO,2021-12-05,Standard,3132.15
7279,Christopher Martin,brian11@example.org,SC,2023-12-26,Standard,2996.21
7280,Erin Hinton,randallpham@example.org,TM,2022-09-25,Premium,4770.5
7281,Mr. Jeffrey Lawrence,cassie37@example.org,US,2020-04-30,Premium,208.36
7282,Brian Martinez,gpadilla@example.org,SA,2020-07-23,Standard,2839.08
7283,Andrew Bailey,lauraphillips@example.net,GY,2021-11-27,Premium,4489.62
7284,Rose Mcdonald,susanmcgee@example.com,PY,2022-01-13,Standard,4351.13
7285,Amy White,feliciapugh@example.net,WS,2023-09-07,Premium,412.51
7286,Robert Blake,englishandrea@example.com,ES,2021-11-05,Standard,420.52
7287,Jamie Randall,dukeselena@example.net,MN,2022-07-12,Basic,1452.84
7288,Juan Garcia,michael71@example.com,AO,2023-03-01,Standard,4742.02
7289,John Shea,dblankenship@example.org,BG,2022-08-27,Basic,235.13
7290,Ashley Johnson,kimberlyjohnson@example.org,PY,2025-02-07,Basic,2504.97
7291,Hannah Hoffman,michelejones@example.net,PT,2021-03-28,Basic,3845.39
7292,John Roy,bwu@example.net,AD,2023-03-21,Premium,4932.41
7293,Danielle Klein,leonard74@example.net,BZ,2020-05-16,Premium,3342.82
7294,Cynthia Garza,robert92@example.com,MZ,2021-07-20,Standard,2738.14
7295,Linda Cooper,kleinjeremy@example.org,ET,2021-01-17,Basic,1592.84
7296,Lisa Torres,floresmatthew@example.org,TO,2021-09-03,Premium,2892.3
7297,Caitlin Murray,xdavis@example.net,VN,2024-06-11,Basic,4736.71
7298,Jennifer Lowery,fjohnson@example.org,CA,2023-08-18,Premium,3854.87
7299,Victoria Bowers,emason@example.net,PW,2020-09-12,Basic,2975.68
7300,Mary Warren,ashleyallen@example.net,BG,2023-12-13,Premium,4857.35
7301,John Fuentes,brandon09@example.net,AF,2025-07-14,Premium,3589.36
7302,Madeline Johnson,ricky66@example.org,LT,2025-02-18,Standard,2978.49
7303,Jennifer Bradley,lisafigueroa@example.net,DJ,2025-04-20,Premium,3107.87
7304,Nicole Gibson,qlittle@example.org,PA,2025-03-02,Basic,2127.19
7305,Brian Johnson,lynn61@example.com,PE,2023-12-14,Premium,3689.53
7306,Jonathan Schultz,antoniosingleton@example.com,GR,2025-12-28,Premium,4900.93
7307,Anthony Leonard,markcharles@example.net,NP,2024-11-09,Premium,4195.12
7308,Joseph Yang,brandon31@example.org,PG,2021-09-10,Premium,3282.09
7309,Monica Fletcher,wmartinez@example.com,MK,2025-10-26,Standard,3670.47
7310,Annette Burch,smithjonathan@example.net,GN,2020-04-23,Standard,536.62
7311,Joshua Serrano,thomasdrew@example.org,LB,2025-05-06,Standard,2912.61
7312,Scott Williams,kjennings@example.com,LC,2024-11-03,Basic,1998.51
7313,Joel Blair,ydyer@example.com,CV,2024-11-11,Standard,1968.32
7314,Jessica Larson,rodneyhurley@example.net,PE,2022-03-15,Standard,778.7
7315,Lauren Lawrence,melissahopkins@example.org,ZM,2024-10-24,Standard,996.65
7316,Shawn Barajas,drakewilliam@example.org,GT,2022-01-29,Standard,1840.27
7317,Terrence Brown,heatherortiz@example.net,CG,2021-12-23,Basic,2208.77
7318,Jonathon Hunter,lindaflowers@example.org,NL,2022-11-26,Standard,2548.44
7319,Angela Crane,haley75@example.net,IN,2020-05-28,Premium,1376.48
7320,Rebekah Mendoza,marymcclain@example.com,BG,2023-06-10,Premium,1210.54
7321,Debra Stanley,jamie02@example.net,SK,2024-09-13,Basic,3201.74
7322,Emily Wheeler,brownstephen@example.org,RW,2022-01-03,Standard,2313.46
7323,Nicholas Wright,mperkins@example.net,SD,2021-11-18,Premium,2666.95
7324,Joseph Martin,mcdonaldjessica@example.net,ES,2020-05-30,Premium,4408.58
7325,Dylan Wallace,martineztamara@example.net,TV,2024-02-09,Premium,4911.85
7326,Maria Anderson,nrussell@example.net,GN,2021-01-26,Premium,3445.28
7327,Kara Becker,daviscurtis@example.net,VU,2021-11-10,Premium,925.71
7328,Dean Gonzalez,sloankaren@example.org,ST,2023-03-14,Basic,161.63
7329,Gabriela White,awilson@example.com,SM,2025-08-31,Standard,1985.29
7330,Sean Graham,qdiaz@example.org,JM,2021-07-23,Premium,4020.19
7331,Taylor Miller,lewisscott@example.net,PG,2021-02-06,Basic,2860.49
7332,Jason Cherry,madelinepark@example.com,UZ,2021-02-28,Premium,4782.99
7333,Jessica Snow,morristhomas@example.net,SV,2023-04-25,Premium,3218.76
7334,Tina Cherry,wrighttina@example.net,GY,2020-10-25,Standard,990.75
7335,Stacey Jackson,barbarahamilton@example.net,EE,2024-10-24,Premium,4881.29
7336,Robert Miller,lewismichael@example.net,LC,2021-01-26,Premium,4373.28
7337,Joseph Hodge,lori49@example.org,SA,2021-05-13,Premium,3038.62
7338,John Phillips,garyroberts@example.com,CI,2023-05-13,Basic,966.95
7339,Erin Trevino,ariel68@example.com,PY,2025-09-14,Standard,3561.2
7340,James Green,racheldavis@example.com,CG,2020-12-10,Premium,2585.91
7341,Kevin Dudley,joseph28@example.org,TV,2022-11-30,Standard,248.67
7342,Carrie Snyder,collinsbrenda@example.net,MR,2022-04-09,Premium,4682.94
7343,Misty Nelson,kdodson@example.org,AZ,2025-10-23,Premium,4055.3
7344,Anita Peters,jamesann@example.com,CV,2022-08-24,Standard,4681.66
7345,Kara Kim,mponce@example.org,VU,2021-06-21,Premium,1810.36
7346,Laura Pierce,catherine05@example.net,SM,2023-05-29,Premium,2991.52
7347,Philip Todd,william46@example.com,KZ,2021-10-20,Premium,4511.13
7348,Andrea Rice,randalljessica@example.com,PG,2025-06-26,Standard,1046.48
7349,Brian Henderson,amberbaker@example.org,SE,2020-04-10,Premium,4986.98
7350,Jennifer Jimenez,conradscott@example.org,TJ,2020-06-08,Standard,4695.31
7351,Breanna Brown,kristophercooper@example.com,JO,2022-03-26,Basic,2785.1
7352,Wanda Mendez,alvarezterri@example.com,BH,2023-09-02,Standard,3941.91
7353,Jesse Cox,brittany35@example.com,SY,2024-03-10,Premium,3376.65
7354,Tyler Mcmahon,joneslaura@example.com,GY,2020-09-09,Premium,1757.89
7355,Kathleen House,maryjackson@example.org,DE,2021-02-28,Standard,792.77
7356,Becky Santana,pramirez@example.org,BG,2024-12-09,Standard,1022.87
7357,Paul Hughes,jason37@example.com,BB,2024-09-11,Standard,303.79
7358,Christy Bennett,brittanyhill@example.org,JO,2025-09-28,Premium,4591.39
7359,Charles Orr,sarah28@example.org,BA,2024-11-29,Standard,4073.45
7360,David Chen,mejiasandra@example.net,GM,2021-06-20,Basic,3567.42
7361,Jeremy Bennett,wsantos@example.net,GH,2021-01-29,Basic,584.02
7362,Terry Wilkins,anthonyhess@example.net,MC,2021-10-30,Basic,545.67
7363,Nicole Higgins,keithkent@example.net,CV,2020-07-02,Basic,1670.71
7364,Carolyn Kim,michaelmorrison@example.com,DK,2021-09-05,Basic,2858.68
7365,Crystal Johnson,briannatate@example.net,SY,2020-10-27,Basic,2706.44
7366,Richard Thompson,rickgonzales@example.com,BS,2020-03-20,Standard,3808.93
7367,Derrick Moss,justin42@example.net,KH,2021-08-26,Basic,1084.57
7368,Charles Hart,lauraharris@example.com,SN,2022-10-12,Standard,763.83
7369,Mr. William West,travispeterson@example.org,UG,2021-04-12,Premium,1535.5
7370,Ashley Kerr,hrivera@example.org,NL,2021-03-05,Basic,2188.96
7371,Melissa Gilbert,clozano@example.org,MH,2021-07-06,Standard,1947.63
7372,Karen Ward,pearsonjeffrey@example.org,GR,2022-11-12,Standard,216.79
7373,Raymond Valdez,matthew13@example.com,TG,2021-05-23,Premium,1675.42
7374,Amy Cross,christopher37@example.org,HR,2021-10-30,Standard,3087.35
7375,Madison Anderson,millersherri@example.org,SR,2020-10-31,Standard,2538.31
7376,Lydia Hampton,nixonrandy@example.com,ZM,2025-12-27,Standard,3877.13
7377,Melissa Day MD,bradyallen@example.net,NG,2025-11-15,Basic,370.07
7378,Kimberly Lang,bedwards@example.net,BZ,2024-11-02,Premium,1021.59
7379,Paige Andrews,millerandrew@example.net,SL,2023-06-16,Premium,1604.89
7380,Kelly Lee,ochoajohn@example.com,MN,2021-10-30,Basic,3764.47
7381,Jasmine Roberts,rlee@example.net,CN,2021-02-21,Basic,2759.66
7382,Sarah Swanson,abbottmary@example.org,FR,2020-04-30,Basic,1636.9
7383,Tiffany Mcintyre,petersendoris@example.com,MU,2021-01-11,Premium,2718.03
7384,Ashley Jones,vangpaul@example.net,SV,2021-11-08,Premium,4837.16
7385,Rebecca Jacobs,jamesperry@example.com,UG,2024-12-06,Standard,1022.37
7386,Kevin Williams,smithspencer@example.org,ER,2022-11-01,Basic,356.93
7387,Adam Rice,michele39@example.org,FR,2020-12-17,Basic,4381.16
7388,Joe Wilson,rasmussenjason@example.net,SM,2024-02-29,Basic,2591.04
7389,Ashlee Martin,collinsnatalie@example.com,DK,2023-11-14,Premium,2592.85
7390,Brianna Rojas,reynoldskathryn@example.org,HR,2023-01-06,Basic,3526.0
7391,Brittany Mcneil,jenniferjackson@example.org,AE,2025-10-25,Premium,583.39
7392,Brent Cox,smithrobert@example.org,CH,2024-11-26,Premium,4472.54
7393,Elizabeth Olson,campbellemily@example.org,ME,2023-08-06,Basic,1669.52
7394,Scott Ellis,banthony@example.net,GY,2020-03-14,Basic,1097.68
7395,Larry Collins,chaseacosta@example.net,ZM,2020-08-12,Premium,2898.61
7396,Daniel Murphy,frankmiller@example.com,MD,2021-09-02,Basic,176.4
7397,Alexandria Acevedo,jamesweiss@example.com,MR,2021-01-26,Standard,1109.55
7398,Susan Meyers,xavier17@example.net,JO,2020-03-27,Basic,670.02
7399,Cindy Perry,sanderssamuel@example.net,PY,2024-06-24,Standard,123.22
7400,Michelle Walker,housejames@example.org,CZ,2025-09-03,Premium,3332.01
7401,Karen Gardner,richardgreene@example.com,AU,2025-01-16,Standard,4923.57
7402,Jose Grant,smithashley@example.com,TH,2020-08-12,Standard,4150.2
7403,Michael Randolph,ericadickerson@example.com,SM,2023-02-12,Standard,4596.16
7404,A,jeremycarter@example.org,CV,2022-07-29,Standard,319.31
7405,Bryan Fields,jamessmith@example.com,MW,2022-07-04,Premium,3033.88
7406,Jodi Smith,orodriguez@example.org,MK,2024-09-13,Basic,3375.81
7407,Mr. Christopher Johnson,jimmy98@example.net,TM,2025-11-24,Standard,3433.94
7408,Latasha Wright,grahamrobert@example.com,NR,2025-04-19,Basic,4332.34
7409,Tristan Mckenzie,uortega@example.net,PY,2025-09-05,Basic,1617.72
7410,Ashley Sims,bserrano@example.net,LC,2021-10-01,Basic,3709.5
7411,Douglas Frye,jmorse@example.com,FM,2024-03-15,Standard,2105.1
7412,Eric Patterson,samantharichardson@example.net,DZ,2023-07-07,Premium,2137.85
7413,Troy Kennedy,awolfe@example.net,GB,2025-10-25,Standard,1947.95
7414,Catherine Klein,taylor34@example.com,PG,2021-08-31,Premium,4101.95
7415,Amanda Rodriguez DDS,xhunt@example.org,ZA,2024-01-03,Standard,1341.78
7416,Cynthia Anderson,gerald04@example.com,AE,2024-06-11,Premium,3170.03
7417,Emily Jones,vfields@example.com,CR,2022-03-14,Standard,304.82
7418,Kenneth Lee Jr.,thomasjulie@example.org,AZ,2022-04-08,Standard,731.55
7419,Thomas Tucker,bowendana@example.org,BT,2021-08-11,Basic,1192.58
7420,Catherine Shaw,bryan99@example.com,MN,2025-01-14,Basic,660.46
7421,Jessica Martin,grantbrent@example.org,BN,2022-01-11,Premium,4520.86
7422,Donald Daniels,uprice@example.com,IR,2023-07-29,Standard,425.85
7423,Mark Pope,ortegatheresa@example.net,NL,2024-03-26,Basic,1704.15
7424,Bradley Forbes,molly47@example.org,RO,2021-12-07,Basic,1356.85
7425,Matthew Hartman,coxjoe@example.com,OM,2020-03-22,Basic,3603.61
7426,Katherine Brown,smithalyssa@example.com,LY,2025-08-26,Basic,2051.2
7427,Christine Peterson,qross@example.org,SG,2020-05-02,Basic,1503.55
7428,Cory Nguyen,sonya33@example.com,BD,2025-03-04,Basic,1381.35
7429,Daniel Rowland,andersonleah@example.net,SB,2025-10-12,Premium,2035.04
7430,David Foster,allenryan@example.net,BA,2020-03-11,Premium,4756.02
7431,Miguel Smith,bschneider@example.org,LU,2022-08-26,Basic,4247.63
7432,Nancy Silva,ashley34@example.com,VA,2022-01-04,Premium,722.86
7433,Matthew Miller,lopezanita@example.net,MC,2024-04-03,Premium,2397.89
7434,Matthew Taylor,matthew57@example.com,CD,2023-05-14,Premium,645.89
7435,Gregory Schultz,boydstephanie@example.org,NZ,2023-09-20,Premium,4182.16
7436,David Smith,mckinneyoscar@example.org,NI,2022-04-20,Premium,509.68
7437,Timothy Cline,nicholascarter@example.org,SN,2023-05-24,Basic,4051.4
7438,Chelsea Yang,rscott@example.com,SE,2020-03-09,Premium,2236.15
7439,William Perry,gibbsnancy@example.net,SD,2020-07-27,Standard,2246.73
7440,William Salazar,robert40@example.net,RU,2022-06-17,Premium,2265.92
7441,Laura Gonzales,hendersonelizabeth@example.net,BZ,2024-02-23,Premium,3348.1
7442,Antonio Johnson,stephaniebaker@example.net,TV,2020-10-31,Basic,3857.27
7443,Erik Williams,mfreeman@example.com,LS,2025-05-08,Premium,3865.89
7444,Alicia Craig,whitedaniel@example.net,CH,2020-03-13,Basic,1657.81
7445,Raymond Benson,laura70@example.net,KR,2022-09-14,Basic,169.63
7446,Allen Powell,tjones@example.com,NG,2024-02-19,Premium,1772.6
7447,Kevin Brown,carl28@example.net,ZM,2020-10-21,Standard,4617.01
7448,Brian Brock,harold28@example.net,JP,2020-03-05,Standard,2363.97
7449,John Cooper,clarksusan@example.org,UZ,2022-12-29,Basic,376.5
7450,Alison Hill,vhall@example.net,SY,2021-08-23,Standard,850.18
7451,Natasha Banks,iblevins@example.net,BW,2025-10-06,Standard,2577.41
7452,Brian Rodriguez,chelseaspence@example.com,SK,2022-09-05,Premium,1001.42
7453,Doris Silva,stephanieschultz@example.net,DO,2023-01-05,Premium,1745.85
7454,Melissa Davis,vickiturner@example.com,NO,2022-04-01,Basic,2250.47
7455,Michelle Moore,sherry21@example.net,HR,2020-03-01,Standard,439.98
7456,Carla Martin,davidjones@example.org,GR,2021-06-01,Premium,3048.13
7457,William Webb,asoto@example.com,VU,2020-06-22,Standard,2828.58
7458,Patricia Bates,christianatkins@example.org,AM,2024-05-23,Premium,2780.9
7459,Roger Aguilar,john28@example.com,LY,2022-04-09,Standard,377.89
7460,Carlos Harper,amandahorton@example.net,IR,2025-01-18,Basic,419.14
7461,Eduardo Hurst,sydney87@example.com,IT,2021-03-18,Basic,2717.94
7462,Shawn Richards,whitakercraig@example.net,RU,2021-01-26,Basic,3630.36
7463,Mandy George,dylanduncan@example.com,BG,2020-05-13,Basic,4670.72
7464,Ryan Galvan,parsonsamber@example.org,PL,2020-06-23,Standard,288.31
7465,Joseph Briggs,oware@example.net,BA,2021-06-14,Premium,3453.15
7466,Chris Gordon,jordanrebecca@example.com,BA,2024-04-28,Premium,1967.95
7467,Isaiah Wood,theresa00@example.org,NZ,2020-05-02,Basic,386.25
7468,Jason Gibson PhD,rstewart@example.net,TM,2024-02-04,Standard,3866.61
7469,Daniel Davis,edavis@example.net,NE,2025-07-28,Premium,4299.31
7470,Douglas Klein,denisewilson@example.com,TR,2023-07-17,Basic,272.46
7471,Amber Johnson,erica49@example.org,DJ,2021-01-29,Basic,462.23
7472,Robert Arnold,gmorales@example.com,NG,2025-06-05,Basic,4137.59
7473,Jacob Johnson,davisandrew@example.net,DJ,2024-08-27,Standard,4692.33
7474,Karen Ramos,wmorales@example.net,PY,2020-05-11,Basic,1991.67
7475,Victoria Rivera,ashleylee@example.org,TD,2025-05-06,Basic,3118.64
7476,Erik Marshall,not-an-email,ME,2021-05-18,Standard,4560.18
7477,John Robles,melvinlawrence@example.net,AT,2023-12-03,Premium,3446.12
7478,Logan Robinson,kelseywolfe@example.org,HR,2022-05-22,Basic,1325.21
7479,Kyle Munoz,colleenlawrence@example.org,ZA,2025-07-29,Basic,2329.42
7480,Tiffany Davis,davisjames@example.com,SK,2024-11-19,Premium,2325.69
7481,Michael Brown,martinsharon@example.com,VC,2020-02-27,Standard,1196.82
7482,Crystal Alvarez,chelsea63@example.net,KM,2022-01-18,Standard,3221.76
7483,Nicholas Hensley,harveypatrick@example.org,WS,2021-10-24,Premium,4818.89
7484,Sean Hall,stevenberg@example.com,QA,2024-01-28,Standard,4995.79
7485,Kelly Rivera,shepardkristina@example.com,SR,2025-08-04,Premium,1903.58
7486,Kelsey Jenkins,heather46@example.com,MH,2021-05-10,Premium,2215.51
7487,Steven Jones,peckvictoria@example.com,TJ,2025-10-10,Standard,805.52
7488,Ryan White,sean14@example.net,UG,2023-08-27,Standard,2110.82
7489,Jake Anderson,sheltonmichael@example.net,SA,2025-10-09,Basic,4273.25
7490,David Jones,andrea66@example.net,JM,2023-05-28,Standard,712.62
7491,Jill Moore,mark28@example.org,RS,2025-07-20,Basic,1829.41
7492,Allen Nash,antonioboyd@example.net,WS,2025-03-05,Standard,2163.59
7493,Wayne Carpenter,christinagarcia@example.net,KW,2020-06-08,Standard,2356.85
7494,Charles Blackwell,ashleywilson@example.net,CO,2025-11-23,Standard,2275.08
7495,Amy Carroll,martinezmargaret@example.net,IL,2024-01-14,Standard,2371.23
7496,Latoya Mcintosh,donaldknight@example.org,CG,2023-09-28,Standard,1697.45
7497,Stacey Monroe,zjohnson@example.org,KE,2020-01-14,Standard,752.26
7498,Jason Roy,lauragriffith@example.net,TH,2023-09-26,Basic,1108.98
7499,Charles Sosa,julie67@example.net,GE,2024-08-08,Premium,3591.69
7500,Julia Wilson,lbridges@example.org,KH,2025-06-25,Basic,1053.55
7501,Brandy Munoz,kleinbrian@example.net,SG,2023-07-07,Basic,3330.7
7502,Jennifer Thompson,therring@example.com,HR,2023-11-26,Basic,1880.73
7503,Michael Diaz,flee@example.org,GM,2022-08-26,Standard,2786.21
7504,Catherine Hoffman,ahill@example.com,KR,2022-03-12,Standard,1936.6
7505,Christopher Herrera,sarah13@example.com,SC,2025-12-30,Standard,1146.22
7506,Vanessa Hardy,ericksontina@example.org,SI,2021-02-10,Premium,2404.14
7507,Thomas Ramos,arthur24@example.net,BD,2025-10-28,Basic,3295.96
7508,John Howell,fgarcia@example.net,AO,2024-07-18,Standard,4532.91
7509,Brad Fitzpatrick,tracyhorton@example.org,MK,2023-03-30,Basic,2119.38
7510,Frank Smith,tanyacoleman@example.org,ER,2024-05-29,Premium,1164.17
7511,Seth Sanders,kimfranco@example.org,MW,2020-03-18,Basic,4460.63
7512,Anna Wilkinson,fhart@example.org,BS,2021-01-11,Basic,1983.02
7513,William Hughes,hellis@example.net,OM,2021-04-09,Basic,2215.74
7514,Rachel Wheeler,jamesrichard@example.com,BY,2023-07-16,Standard,216.79
7515,Robert Thompson,beverly00@example.com,GM,2024-07-18,Premium,1991.26
7516,Susan Lutz MD,contrerassandra@example.org,MH,2025-08-03,Basic,944.47
7517,Jill Curtis,lawsonrichard@example.org,PK,2020-09-27,Basic,3435.09
7518,Karen Decker,angelagreen@example.com,RU,2021-04-24,Premium,3242.07
7519,Samantha Porter,albert48@example.com,CF,2023-02-12,Basic,3931.11
7520,Brian Doyle,ewalter@example.org,CD,2020-09-04,Premium,838.35
7521,Sarah Huff,swebb@example.net,MM,2021-08-15,Standard,2396.04
7522,Lisa Kirby,gpeters@example.net,CY,2023-02-27,Basic,739.72
7523,Cynthia Robbins,garzapaige@example.net,TT,2024-02-15,Standard,1649.45
7524,Susan Adams,stewartchristopher@example.net,CR,2021-04-13,Basic,2699.88
7525,Zachary Matthews,cummingsallison@example.org,QA,2024-03-29,Basic,4391.99
7526,Thomas Lee,tiffanypatterson@example.net,YE,2022-12-03,Basic,575.62
7527,Brooke Webster,wanda26@example.net,NI,2022-10-20,Premium,520.18
7528,Alexis Baker,loripeterson@example.org,RU,2024-08-17,Premium,4608.84
7529,Cynthia Johnson,vjones@example.net,NA,2024-01-19,Premium,1724.39
7530,Jennifer Green,aimee05@example.com,ID,2020-11-06,Premium,1635.14
7531,Bobby Johnson,xlong@example.org,RS,2025-12-08,Standard,1094.73
7532,Kathleen Gilbert,david56@example.org,US,2020-12-02,Premium,4793.99
7533,David Meyer,dspencer@example.com,YE,2023-07-21,Standard,4219.32
7534,Natasha Parks,darlenemonroe@example.net,CY,2022-01-12,Standard,3153.84
7535,Karen Smith,jason26@example.org,DJ,2022-07-31,Standard,2958.9
7536,James Miles,justinbrown@example.net,SI,2022-11-21,Standard,2427.93
7537,George Curry,jennifer87@example.net,BF,2021-03-24,Basic,958.57
7538,Albert Little,williamsmark@example.com,BB,2024-10-13,Standard,597.35
7539,Todd Rodriguez,usimpson@example.net,CO,2024-06-11,Basic,883.08
7540,Joshua Miles,stewartmelissa@example.net,MN,2021-09-20,Premium,899.96
7541,Gary Bonilla,kevin63@example.net,EG,2025-12-06,Premium,2708.3
7542,Barbara Long,melaniebaldwin@example.org,JM,2020-07-29,Basic,2107.43
7543,Earl Morris,josephmegan@example.org,BE,2024-08-06,Basic,2806.37
7544,Brittany Maldonado,regina67@example.net,VN,2023-11-04,Standard,3529.33
7545,Eric Chase,wukristin@example.net,BI,2020-12-09,Standard,3480.82
7546,Nancy Medina,uward@example.net,TH,2025-02-03,Premium,4883.01
7547,Louis Sandoval,holtmelanie@example.org,KZ,2022-04-16,Basic,4732.47
7548,Jack Hill,jacksonglenn@example.net,PY,2022-04-15,Standard,575.64
7549,David Parker,ipratt@example.com,TM,2022-07-28,Premium,764.43
7550,Steven Williams,fernandezwilliam@example.com,CU,2021-10-11,Standard,2416.78
7551,Rebekah Hall,cynthia14@example.org,PT,2024-04-11,Standard,935.24
7552,Bradley Miller,sarahbrown@example.com,TD,2020-03-10,Premium,2972.26
7553,Travis Lewis,jenniferroberts@example.org,NO,2023-06-30,Standard,4661.62
7554,Tina Williams,philip09@example.org,KN,2022-06-27,Basic,2902.36
7555,Rebecca Jones,espinozadana@example.org,BW,2020-11-29,Standard,4480.54
7556,James Davis,mike42@example.com,FM,2022-02-25,Standard,4738.36
7557,Maria Brown,collinsmichael@example.net,SO,2022-09-04,Basic,1784.76
7558,Jeffrey Pugh,drakemichelle@example.org,KN,2022-10-30,Standard,4940.29
7559,Melissa Moore,rogersnatalie@example.net,SZ,2024-02-04,Standard,437.56
7560,Edward Stevenson,victoria37@example.org,TJ,2023-01-04,Premium,3157.75
7561,Daniel Turner,abautista@example.com,SD,2020-08-23,Basic,2028.72
7562,Holly Mccall,karina99@example.com,LS,2020-03-13,Premium,643.76
7563,Shannon Reed,djohnson@example.com,NG,2024-12-05,Basic,1065.95
7564,Diane Mullen,christyjohnson@example.net,BT,2020-11-01,Basic,1671.42
7565,Micheal Larson,rthompson@example.org,TM,2024-03-27,Basic,3984.63
7566,Stacey Walsh,leechristopher@example.org,AG,2024-05-05,Premium,1838.09
7567,Jon Burton,davidhernandez@example.org,VN,2025-05-31,Standard,178.18
7568,Kayla Hughes,steeletyler@example.net,LR,2022-07-07,Basic,2146.92
7569,Ivan Stafford,staylor@example.org,TR,2022-09-06,Premium,1889.56
7570,Eric Ortiz DVM,doylemary@example.com,SE,2024-02-07,Standard,1040.91
7571,Melissa Gamble,rileydavid@example.net,SY,2024-10-08,Standard,4911.98
7572,Erik Montgomery,howardandrew@example.org,CN,2025-07-16,Premium,2499.08
7573,Jennifer Holloway,jessica03@example.org,MM,2022-05-03,Premium,354.85
7574,John Johnson,aaronrush@example.com,NG,2025-02-11,Premium,3532.52
7575,Mr. Patrick Spencer,bdennis@example.com,BT,2022-11-26,Standard,2299.76
7576,William Guerrero,smithdiana@example.net,VE,2020-05-04,Standard,1753.84
7577,Christopher Carrillo MD,darrell70@example.org,IL,2024-05-26,Standard,3774.99
7578,Kenneth Gonzales,beckbrian@example.net,YE,2021-03-20,Basic,2344.63
7579,Traci Williams,denisemaynard@example.net,KP,2025-09-14,Premium,1731.3
7580,Dana Freeman,bbrooks@example.org,MZ,2025-01-09,Premium,740.18
7581,Christine Hanson,williamgriffith@example.com,TV,2025-05-25,Basic,152.32
7582,Crystal Mcgrath,maddoxlindsay@example.org,MK,2023-11-30,Basic,194.14
7583,Marie Gomez,reynoldsmegan@example.org,MA,2022-07-06,Standard,1078.25
7584,Haley Brown,xhudson@example.org,IS,2021-05-13,Standard,1962.08
7585,Seth Thompson,matthewfarmer@example.org,VU,2023-01-25,Premium,3506.91
7586,Robert Hernandez,joshuaschroeder@example.org,PY,2021-06-26,Standard,3514.59
7587,Michael Patterson,tallen@example.com,JP,2022-11-03,Standard,1897.29
7588,Ashley Anderson,lorireese@example.org,NL,2025-09-03,Basic,4282.77
7589,Amanda Lee,michael31@example.org,GY,2020-01-16,Standard,2095.26
7590,Jessica Weaver,mlee@example.com,BZ,2023-10-12,Standard,748.47
7591,Robert Parrish,tblake@example.com,HU,2020-11-04,Standard,3623.67
7592,Amanda Foster,derrickgutierrez@example.net,MM,2022-10-16,Basic,1045.23
7593,Craig Moore,evansdavid@example.org,SR,2020-05-28,Standard,1406.7
7594,Ryan Brown,thomasnelson@example.com,IE,2025-07-15,Standard,4602.0
7595,Jack Carroll,victorlester@example.org,ZM,2022-08-07,Premium,4046.83
7596,Blake Garcia,qmartin@example.net,RU,2020-01-21,Standard,4321.25
7597,Carlos Gordon,marcus81@example.org,TO,2023-01-18,Premium,212.74
7598,Jessica Aguirre,heather09@example.net,TV,2024-06-08,Premium,4050.51
7599,Kimberly Cole,harrisoncharles@example.com,MD,2025-06-12,Premium,1290.51
7600,Maria Tanner,sestes@example.com,BB,2020-07-09,Premium,1929.6
7601,Michael Wright,mccannemily@example.org,DK,2020-05-16,Premium,2902.35
7602,Kevin Lopez,scottphillips@example.com,LA,2024-04-10,Premium,3916.5
7603,Andrew Krueger,kevincoleman@example.com,VU,2023-10-19,Premium,147.26
7604,Steven Hernandez,james77@example.net,KE,2023-07-04,Premium,3708.87
7605,Jason Ramos,qroberts@example.org,PS,2024-08-26,Standard,4363.78
7606,Thomas Barber,ctaylor@example.com,LV,2022-01-23,Basic,444.88
7607,Stephanie Bailey,traci91@example.net,ZW,2021-05-16,Basic,3168.02
7608,Amy Galvan,qstevens@example.com,CH,2023-03-05,Standard,3191.91
7609,Sean Peters,janetblake@example.org,CM,2023-09-13,Standard,3952.05
7610,Andrea Mcdowell,dustinhuff@example.org,ER,2024-07-08,Premium,3101.57
7611,Jessica Orozco,wbarnes@example.org,PS,2020-08-17,Premium,3550.32
7612,Ryan Garcia,hernandezdana@example.net,SI,2024-09-28,Premium,4598.21
7613,William Thomas,sarah28@example.org,AD,2023-10-25,Premium,1009.32
7614,Diane Castaneda,ajones@example.com,IE,2025-12-14,Basic,4761.82
7615,Richard Brennan,brownsarah@example.com,NG,2023-02-19,Premium,2221.55
7616,Angela Charles,stephaniegray@example.org,GY,2021-12-25,Basic,1242.07
7617,Vanessa Cruz,rberry@example.net,KZ,2024-08-15,Premium,3613.2
7618,Melissa Winters,alexisturner@example.net,SL,2021-11-12,Standard,1669.98
7619,Daniel Richardson,ortizdonna@example.net,KZ,2022-03-04,Basic,1043.93
7620,Mr. Jason Anderson,jasonanderson@example.net,VA,2020-05-04,Premium,3570.36
7621,Jesse Stafford,matthewjohnson@example.org,BJ,2023-11-27,Standard,3066.74
7622,Samuel Mitchell,hdiaz@example.net,DK,2020-10-23,Premium,2399.13
7623,Michael Hunt,nicolesimpson@example.com,SD,2020-10-12,Basic,3413.18
7624,Tara Harris,murillojesse@example.com,QA,2022-10-28,Premium,2268.33
7625,Jesus Smith,nancypreston@example.org,PA,2025-12-09,Basic,130.94
7626,John Thomas,harrisscott@example.org,KN,2023-05-24,Premium,4873.53
7627,Laura Cohen,margaret12@example.org,LU,2025-08-16,Standard,805.07
7628,Christopher Bowman,terri97@example.org,SR,2022-11-24,Basic,2919.63
7629,Christian Taylor,erica64@example.com,BN,2021-04-27,Premium,3529.84
7630,Rebecca Alexander,matthew94@example.org,SC,2021-08-17,Basic,3832.17
7631,Peter Smith,willisjames@example.org,OM,2023-03-20,Premium,1016.54
7632,Nathaniel Cannon,alvarezmichael@example.com,CO,2023-08-04,Standard,3805.8
7633,Crystal Sanford,kathrynbender@example.com,CU,2024-11-20,Premium,895.88
7634,Alexander Dillon,stephenshaley@example.com,FR,2025-06-29,Basic,4196.6
7635,Jason Bates,emccarty@example.org,FJ,2025-10-21,Standard,3047.61
7636,Stephen Wilson,nancy83@example.net,NA,2025-10-07,Basic,3238.92
7637,Sean Martinez,alicia67@example.com,GR,2021-04-01,Premium,2189.96
7638,Edgar Cohen,johntaylor@example.net,LA,2025-10-03,Standard,3703.67
7639,Jessica Pruitt,hamiltonmelissa@example.net,UA,2023-11-22,Basic,134.22
7640,Vanessa Brown,craigpeter@example.net,BA,2021-10-05,Basic,1333.17
7641,William Miller,blackwelljoshua@example.net,NE,2024-02-19,Premium,416.8
7642,Alan King,isingh@example.com,KE,2022-09-08,Premium,2520.22
7643,Steven Reese,jacksonstephen@example.net,IE,2022-05-01,Basic,395.98
7644,Gabriel Dillon,jeffreygreene@example.com,VC,2023-09-19,Standard,491.76
7645,Mario Mitchell,boydkathleen@example.com,NI,2020-11-13,Basic,2285.07
7646,Steven Patel,danieljimenez@example.net,BE,2025-01-29,Basic,3405.06
7647,Thomas Frazier,vparrish@example.net,TV,2020-03-17,Standard,2981.88
7648,Logan Howard,gonzaleztracy@example.com,MM,2023-12-23,Standard,3520.57
7649,Madison Gonzalez,daniellehuber@example.com,KH,2020-11-18,Basic,3423.16
7650,Juan Perkins,margaretmoore@example.org,RS,2025-03-10,Premium,2889.09
7651,Amy Wagner,courtneyjones@example.net,NE,2020-01-05,Basic,4214.65
7652,Lawrence Maxwell,ogarcia@example.com,KH,2024-09-19,Standard,1854.75
7653,Kimberly Guerrero,jacobharrington@example.org,LA,2024-10-30,Standard,1915.17
7654,Curtis Ryan,erikacraig@example.com,GY,2022-07-12,Standard,3840.72
7655,Brandon Stein,jessicabailey@example.org,SE,2025-05-11,Standard,2774.99
7656,Amy Stevens,fjones@example.net,BZ,2024-11-01,Basic,1032.4
7657,Kayla Wright,jeffreypineda@example.com,CU,2021-01-04,Basic,935.71
7658,Christine Keller,hbecker@example.org,MW,2023-12-20,Basic,1829.19
7659,Donald Moore,bcox@example.com,OM,2021-01-24,Standard,4411.88
7660,Chris Barker,ortizmichelle@example.org,GD,2024-12-26,Standard,4624.89
7661,Bradley Johnson,martinezjoseph@example.org,BD,2020-10-31,Standard,2371.76
7662,Douglas Rogers,adamvega@example.com,TW,2024-06-25,Standard,2315.66
7663,Devin Howard,mdavis@example.com,NE,2020-05-20,Premium,3715.51
7664,April Hernandez,hfranklin@example.org,EG,2021-12-29,Standard,2156.03
7665,Nicolas Sanchez,cproctor@example.org,UG,2023-10-01,Premium,4379.47
7666,Christina Evans,michaelschroeder@example.com,BH,2023-04-22,Standard,1969.14
7667,Emily Ferguson,gregorydavid@example.com,PS,2020-09-23,Basic,831.98
7668,Deborah Johnston MD,goldenwilliam@example.org,GA,2025-07-20,Standard,168.36
7669,Brandon Peters,parkersherri@example.org,CA,2020-01-29,Basic,4536.28
7670,Sean Guerrero,lmartinez@example.net,MC,2024-03-20,Premium,3005.39
7671,Bryan Zimmerman,jessicawaters@example.com,PW,2023-10-31,Premium,1163.27
7672,Michael Harrison,leeashley@example.org,CA,2021-08-09,Premium,2017.33
7673,Kirk Lewis,amy55@example.com,KR,2022-08-12,Premium,1427.36
7674,Jessica Downs,,LB,2023-06-16,Premium,206.24
7675,Kenneth Bennett,elijahreeves@example.com,TZ,2022-01-02,Standard,875.75
7676,Joseph Walters,samantha99@example.com,AD,2022-04-26,Basic,1460.58
7677,William Welch,mharris@example.org,US,2023-07-08,Premium,2484.02
7678,Robert Hunt,andrew52@example.org,PG,2020-11-24,Basic,2545.77
7679,Amber Hopkins,nallen@example.net,YE,2024-08-07,Standard,4741.92
7680,Annette Keller,angela99@example.net,ME,2021-02-04,Premium,2487.98
7681,Sheryl Young,leekari@example.net,PE,2024-03-24,Basic,392.83
7682,Ashley Ryan,dawn84@example.org,PK,2024-08-30,Premium,427.84
7683,Crystal Armstrong,courtney34@example.com,VN,2021-06-13,Standard,3559.52
7684,Sherri Koch,vzimmerman@example.net,SY,2025-10-23,Basic,1517.68
7685,Brandon Rivera,sandra27@example.org,VN,2024-11-22,Premium,2641.94
7686,Holly Alvarez,austinhodge@example.org,WS,2025-10-04,Standard,4037.75
7687,Richard Patrick,spencerryan@example.org,KW,2021-12-04,Standard,2503.48
7688,Danielle Gardner,garciataylor@example.com,PG,2025-06-23,Standard,3194.39
7689,Richard Adams,jessica15@example.org,ZM,2024-03-05,Standard,3189.25
7690,Brittany Snyder,ballardjames@example.com,MZ,2020-01-05,Basic,3130.55
7691,Jennifer Lara,tylergreen@example.com,PH,2021-01-26,Basic,697.05
7692,Lauren Hines,xruiz@example.org,PH,2025-08-02,Premium,2695.22
7693,Kevin Shannon,dean55@example.com,MD,2020-05-21,Standard,3651.31
7694,Tara Russell,rodriguezmary@example.org,AZ,2023-10-17,Basic,4334.08
7695,Frank Stewart,brandonbeck@example.org,RO,2025-03-21,Standard,2870.11
7696,Mark Larson,qmoore@example.com,AG,2024-10-14,Standard,409.31
7697,Lisa Lewis,christine24@example.org,FI,2022-11-07,Standard,1913.04
7698,Steven Anderson,amysmith@example.net,PW,2023-05-08,Premium,1126.33
7699,John Bentley,gardneralexa@example.net,HN,2020-05-16,Standard,3472.58
7700,Michele Spears,kayla34@example.net,LT,2023-04-05,Standard,3205.97
7701,Mr. Casey Hansen Jr.,katherinebaker@example.org,MN,2025-08-24,Standard,3955.35
7702,Rachel King,bradleylisa@example.net,CF,2023-04-25,Basic,1769.71
7703,Patrick Murphy,brett62@example.org,HU,2022-10-07,Standard,3521.81
7704,Jack Trevino,sherrytran@example.net,ST,2021-10-29,Premium,4830.82
7705,Christine Frazier,qharris@example.org,LR,2021-05-28,Basic,2904.15
7706,Ronnie Dunn,ashley81@example.com,SI,2024-06-21,Premium,3569.71
7707,Lucas Jones,robert46@example.com,CR,2023-03-20,Basic,1261.39
7708,Julie Williams,sallen@example.com,AZ,2025-01-26,Premium,2494.08
7709,Amy Davenport,schmittsara@example.net,VA,2021-08-31,Standard,4463.73
7710,Eddie Soto,mhenderson@example.net,KM,2020-08-26,Standard,2603.71
7711,Laura Allen,spearskimberly@example.org,CI,2022-09-24,Premium,1982.3
7712,William Jordan,hendricksbrittany@example.net,BZ,2021-06-18,Premium,3155.67
7713,Julie Hartman,rriley@example.com,GM,2024-06-03,Premium,2693.25
7714,Monique Freeman,spencestephanie@example.org,EG,2020-08-06,Standard,3052.74
7715,Joseph Jones,wrightdavid@example.org,CI,2025-06-09,Basic,1403.44
7716,Katie Jensen,petersryan@example.org,PW,2021-04-27,Standard,2008.92
7717,Angela Molina,tracey72@example.com,BT,2020-02-01,Premium,3977.28
7718,Natalie Sosa,michael36@example.net,SE,2025-07-17,Standard,3588.35
7719,Andrew Ayers,jessicaparker@example.com,GN,2025-11-12,Standard,4254.09
7720,Laura Merritt,bobfernandez@example.org,PW,2021-10-05,Premium,2421.36
7721,Rachel Hall,richard13@example.net,TL,2024-05-07,Premium,3202.04
7722,Michael Price,melissa53@example.net,GR,2020-02-27,Standard,1845.23
7723,Nicholas Watkins,alexanderandrea@example.org,TD,2023-09-09,Basic,2464.51
7724,Brett Lopez,shaunolson@example.net,DK,2024-04-13,Premium,3940.05
7725,Christina Gill,drodriguez@example.org,MU,2024-05-19,Standard,2475.02
7726,William Flowers,alicia78@example.org,AT,2023-05-16,Standard,3063.38
7727,Mathew Flores,leecase@example.net,GH,2024-09-01,Basic,1080.29
7728,Paul Donovan,nicolepearson@example.net,LU,2022-03-13,Basic,1022.16
7729,Anna Nixon,andrew57@example.net,TN,2022-11-03,Basic,3064.9
7730,Connie Keith,franciscopage@example.net,BS,2022-12-04,Standard,3693.76
7731,Elizabeth Bell,sullivankathryn@example.org,AG,2020-08-29,Basic,4435.38
7732,Adriana Henderson,pgibbs@example.org,ET,2021-01-28,Basic,4014.36
7733,Roy May,earlramirez@example.org,IL,2020-12-08,Standard,1316.31
7734,Wendy Mason,brandon13@example.com,RO,2020-12-08,Standard,2172.66
7735,Justin Young,mathisallison@example.net,FM,2020-10-28,Premium,1561.07
7736,Jessica Thomas,ernestobrien@example.com,HR,2023-04-20,Premium,805.89
7737,Alejandro Chapman,anthonyburns@example.net,LV,2022-04-01,Premium,241.22
7738,Ian Wilson,wwu@example.com,CR,2025-07-05,Basic,3835.63
7739,Carolyn Riley,qjensen@example.net,GH,2020-01-29,Premium,1906.3
7740,Alan Baker,ashaw@example.org,PE,2021-01-16,Premium,2288.76
7741,John Ramirez,antonio16@example.net,MD,2022-02-10,Standard,2820.8
7742,Heather Lee,acollins@example.net,UZ,2025-01-24,Basic,2276.28
7743,Ashley Johnson,ashleenixon@example.net,CF,2024-06-04,Standard,627.95
7744,Julia Brown,scott59@example.com,KE,2025-08-17,Standard,2334.12
7745,Andrew Fernandez,nicole37@example.org,BJ,2025-03-30,Premium,3560.85
7746,Alyssa Roy,meyerkenneth@example.org,TZ,2025-07-01,Standard,1495.34
7747,Michael Barnes,burnettandrea@example.org,SY,2024-08-14,Basic,729.82
7748,Brett Duran,kristinaphillips@example.org,UY,2021-10-29,Premium,707.18
7749,Dr. Charles Bell,williamcooper@example.com,PY,2025-04-14,Standard,2807.62
7750,Christopher Newman,susan75@example.com,GW,2021-11-03,Standard,794.59
7751,Heidi Graham,heather41@example.org,TR,2024-09-24,Basic,1937.64
7752,Kaitlin Hood DVM,davidwashington@example.org,FM,2024-11-19,Premium,3181.56
7753,Paul Taylor,davidthomas@example.net,CH,2024-08-18,Basic,1687.03
7754,Mary Moore,aliciabeltran@example.net,RS,2022-09-19,Premium,1700.39
7755,Christopher Leonard,ojohnson@example.com,CU,2022-11-04,Premium,3253.74
7756,Ashley Fischer,daniel06@example.net,KM,2020-05-13,Standard,2871.52
7757,Marvin Rogers,johnlong@example.net,DZ,2024-02-23,Basic,292.97
7758,Jamie Phillips,ramosmatthew@example.net,PW,2022-11-27,Basic,373.71
7759,Nathan Everett,janet36@example.net,BT,2020-12-17,Basic,3596.95
7760,Tina Lopez,angelabrown@example.net,SO,2022-08-19,Standard,413.0
7761,Lauren Miller,berryamber@example.com,KG,2022-08-12,Premium,785.57
7762,Michelle Barton,tylersmith@example.org,ID,2021-11-30,Premium,2661.62
7763,Carrie Gonzalez,jmejia@example.com,JO,2025-07-29,Basic,1251.57
7764,Stanley Martinez,ppearson@example.net,UG,2025-08-17,Standard,4864.37
7765,Meagan Tapia,lrios@example.org,HN,2021-05-25,Standard,497.68
7766,Bernard Rose,phernandez@example.org,BN,2022-08-04,Standard,3779.17
7767,Thomas Daniels,joseph57@example.com,JO,2023-08-09,Standard,2062.74
7768,Shirley Huang,domingueztyler@example.com,IQ,2023-02-04,Premium,2670.93
7769,Susan Flynn,psalazar@example.org,SL,2022-11-25,Basic,3969.67
7770,John Sanders,angelrivera@example.com,MZ,2022-03-21,Basic,859.42
7771,Melissa Warner,ajackson@example.net,HN,2020-11-26,Premium,4090.38
7772,Holly Mason,glen18@example.com,CV,2020-09-24,Standard,879.4
7773,XXXXXXXXXXXXXXXXXXXXXXXXXXXXXXXXXXXXXXXXXXXXXXXXXXXXXXXXXXXXXXXXXXXXXXXXXXXXXXXXXXXXXXXXXXXXXXXXXXXXXXXXXXXXXXXXXXXXXXXX,shelly87@example.com,ER,2022-03-20,Standard,1214.24
7774,Edgar Brown,laurenthomas@example.net,DJ,2020-10-20,Premium,3259.32
7775,Elizabeth Evans,adamrodriguez@example.org,MN,2022-06-15,Basic,218.7
7776,Sean Kent,,DZ,2025-12-22,Basic,4230.18
7777,Caroline Price,wstewart@example.com,NA,2022-09-20,Premium,2445.6
7778,Dr. Chloe Morgan DDS,bcollier@example.com,CA,2024-06-08,Premium,1173.1
7779,Zachary Morris,jacksonkevin@example.org,CR,2022-09-30,Premium,4754.83
7780,Jason Carter,brandonsmith@example.com,MY,2021-03-17,Premium,2552.86
7781,Mr. James Gibson,vazquezkevin@example.com,MD,2022-02-24,Standard,1998.87
7782,Jessica Yang,,MV,2021-08-16,Basic,3384.29
7783,Joshua Donaldson,whitestephanie@example.com,MH,2022-06-12,Premium,2600.21
7784,Raymond Olson DDS,brian95@example.org,MY,2025-11-27,Standard,2511.91
7785,Linda Bailey,currycassandra@example.net,CM,2024-09-23,Basic,3602.24
7786,Jessica Waller,christinataylor@example.net,TH,2020-07-09,Standard,2795.15
7787,Charles Maldonado,ingramjoseph@example.com,PW,2020-09-29,Premium,1080.61
7788,Cristian Young,kristin02@example.net,PL,2025-07-07,Invalid,1123.3
7789,Tiffany Leonard,rharris@example.org,IN,2023-05-12,Basic,2508.18
7790,Patrick Johnson,uwarren@example.org,KG,2025-06-25,Standard,3538.94
7791,Ryan Jones,cruzstacy@example.org,NI,2024-11-27,Basic,4420.07
7792,David Frederick,sara76@example.org,CI,2023-04-08,Basic,4503.04
7793,Diane Frye,gtate@example.com,AG,2022-01-02,Premium,2046.19
7794,Ronald Kelly,christopherbaker@example.net,QA,2020-01-08,Premium,2727.53
7795,Joseph Miles,austinpaul@example.com,JP,2022-07-16,Basic,3746.84
7796,Curtis Perez,williamsscott@example.net,KI,2022-02-13,Standard,1401.67
7797,Corey Williams,pellis@example.com,HU,2022-08-17,Standard,2603.31
7798,Bob Mckee,martinkrystal@example.com,QA,2021-05-31,Premium,4190.63
7799,Kristen Thompson,brianlynch@example.net,FJ,2024-11-23,Basic,1355.76
7800,Andrea Smith,wbenitez@example.com,KR,2021-12-26,Premium,1702.58
7801,Seth Brown,thomas87@example.org,BZ,2025-08-06,Standard,2023.9
7802,Kelly Joyce,rjohnson@example.org,CL,2025-12-18,Basic,1498.37
7803,Angela Davis,brianwatson@example.com,GB,2022-05-08,Premium,2283.16
7804,Sharon Cole,williamsjessica@example.com,AZ,2025-08-04,Basic,3392.05
7805,Richard Cisneros,christopher62@example.net,KR,2023-01-19,Standard,1102.49
7806,Deborah Gonzales,uoliver@example.com,SA,2024-11-12,Premium,304.13
7807,Matthew Brown,ashleycastillo@example.net,SR,2023-06-23,Premium,3739.79
7808,Joseph Hall,nicholas41@example.net,LY,2025-04-30,Premium,1080.7
7809,Kristen Young,stevenjames@example.net,KH,2020-06-30,Basic,3704.94
7810,Miranda Carroll,dmiles@example.net,UG,2022-03-12,Standard,4181.36
7811,Janet Meyer,crossapril@example.net,FM,2024-05-14,Basic,1150.28
7812,Jessica Thomas DVM,valeriebowman@example.com,SL,2023-08-03,Basic,4107.52
7813,Jamie Adams DVM,martinezmark@example.org,CF,2022-11-08,Standard,2372.52
7814,Timothy Stanley,hleblanc@example.net,AF,2020-07-22,Basic,3167.98
7815,Amber Ferguson,belinda57@example.net,SK,2020-12-09,Basic,4462.01
7816,Hannah Bennett,jessicawest@example.net,SO,2020-02-16,Standard,1162.35
7817,Ronald Graham,jjohnson@example.com,AF,2021-01-29,Premium,1618.52
7818,Michael Blair,monicabonilla@example.org,VN,2025-07-30,Premium,4164.98
7819,Theresa Lynch,rhonda06@example.net,TO,2025-09-17,Standard,1111.13
7820,Danielle Moss,phenry@example.com,MC,2023-08-28,Basic,2004.0
7821,Tristan Williams,elewis@example.org,DO,2022-01-15,Standard,2343.63
7822,Shelby Jackson,fosterstephanie@example.com,KE,2020-02-19,Standard,3048.88
7823,Lisa York,donnasanchez@example.com,AM,2024-01-05,Premium,4612.01
7824,James Flores,prichards@example.org,MV,2023-08-20,Standard,2848.07
7825,Brenda Hernandez,ylevine@example.org,UA,2024-09-06,Standard,3995.52
7826,Destiny Stanley,gharris@example.net,VU,2020-02-07,Basic,4301.06
7827,Shawn Johnson,madisonday@example.org,ZM,2020-07-03,Premium,480.6
7828,Monica Ortiz,charlesjones@example.net,HN,2024-08-24,Premium,4433.62
7829,Brian Young,jamesdavis@example.net,IE,2024-02-21,Premium,3134.46
7830,Mary Nolan,fbell@example.net,KZ,2022-01-22,Premium,4739.26
7831,Raymond Maldonado,bhernandez@example.com,PH,2025-04-09,Premium,1586.89
7832,Casey Fleming,shannonmcintosh@example.net,AM,2024-04-07,Standard,3670.87
7833,Ashley Parker,ocollins@example.net,AG,2023-06-23,Premium,576.44
7834,Samuel Walker,ann32@example.net,NO,2024-03-19,Standard,1155.01
7835,Alexis Thompson,wagnerdenise@example.net,VA,2022-03-01,Premium,4857.61
7836,Gavin Melton,wrightmelissa@example.org,BG,2021-05-01,Basic,4394.58
7837,Teresa Johnston,delgadonatasha@example.com,NE,2022-04-28,Premium,1471.9
7838,Mark Johnson,randall21@example.net,SA,2023-05-09,Basic,209.73
7839,Zachary Washington,kevinjohnson@example.com,SR,2025-01-17,Premium,4502.76
7840,Kathleen Olson,sandra38@example.com,MW,2023-04-12,Standard,795.01
7841,Michelle Downs,mandyevans@example.org,CA,2023-04-18,Standard,4657.62
7842,Monica Dixon DDS,danielmorse@example.net,SD,2023-03-23,Premium,689.59
7843,Rachel Le,john42@example.net,ZW,2020-10-22,Basic,3746.88
7844,Jared Johnson,wwalker@example.org,MY,2025-07-12,Basic,3984.54
7845,Heather Thompson,brooksdebra@example.org,FI,2022-09-13,Standard,955.45
7846,Alan Adams,bcrosby@example.net,LT,2022-05-20,Premium,521.87
7847,Anne Elliott,aaron98@example.net,PW,2020-08-26,Premium,2330.7
7848,Jason Cole,wleach@example.org,AG,2021-01-06,Basic,3505.1
7849,Phillip Cross,mary15@example.com,ES,2022-03-02,Standard,1423.33
7850,Debbie King,jkaiser@example.net,LR,2020-12-11,Basic,2859.83
7851,Scott Zimmerman,bwebster@example.com,BT,2023-03-30,Premium,3684.03
7852,Michael Brooks,ritarodriguez@example.com,AT,2023-06-12,Premium,1155.83
7853,Justin Spencer,emily97@example.net,VA,2024-10-04,Standard,3422.29
7854,Susan Martinez,heatherkelly@example.net,TG,2021-10-25,Premium,282.09
7855,Alexandra Jennings,michelledavis@example.org,HR,2020-10-28,Standard,4169.21
7856,Vincent Bailey,smithdavid@example.net,TW,2025-03-26,Standard,957.61
7857,Amanda Martin,jberry@example.org,SR,2024-02-23,Premium,2926.13
7858,Ethan Green,lsandoval@example.net,PA,2022-11-14,Premium,3317.39
7859,Erin Johnson,ejones@example.org,CL,2025-04-14,Standard,3578.52
7860,Julia Rose,hamiltonivan@example.com,NA,2023-11-26,Basic,2447.94
7861,Peter Taylor,nataliefoley@example.net,JO,2023-09-01,Standard,219.62
7862,Barry Stevens,kevin57@example.org,KZ,2021-10-29,Standard,4819.63
7863,Richard Phillips,dawn41@example.com,FI,2025-10-07,Premium,1250.61
7864,George Jones,charlesclayton@example.org,BY,2022-04-26,Standard,4070.73
7865,Melissa Pratt,turnerbrandy@example.com,MX,2025-01-10,Basic,316.2
7866,Anthony Tucker,,KZ,2025-01-03,Basic,4193.42
7867,Shawn Carter,davidsonroger@example.org,BF,2025-04-04,Standard,2838.83
7868,Natasha Klein,michael28@example.org,RO,2022-01-07,Basic,2493.79
7869,Dennis Moore,rodriguezroberto@example.com,JM,2024-09-08,Premium,3606.29
7870,Carla Nelson,laurastewart@example.net,LI,2024-11-11,Basic,331.74
7871,Holly Rodriguez,jamieporter@example.net,TT,2022-12-21,Standard,533.24
7872,Jacob Arnold,amydavis@example.com,CG,2024-08-18,Standard,2335.66
7873,Patrick Miranda,xhoffman@example.net,TL,2022-05-20,Standard,2768.49
7874,Lori White,crussell@example.com,CR,2024-07-05,Standard,3327.15
7875,Jessica Wilkinson,lopezmario@example.com,NL,2021-12-23,Standard,3658.37
7876,Mr. Chris Robinson MD,hamiltonchristina@example.net,UA,2021-02-15,Basic,813.91
7877,Mark White,wtaylor@example.com,TL,2021-08-26,Basic,3232.64
7878,Lauren Ingram,,JO,2022-12-01,Standard,952.42
7879,Megan Robbins,ngoodwin@example.net,TM,2023-03-03,Standard,1923.34
7880,Alvin Jones,travis59@example.net,LA,2024-11-24,Standard,3859.84
7881,Angela Green,mark59@example.com,BR,2022-10-01,Premium,4089.71
7882,Stephanie Gibson,christopher84@example.org,CV,2021-07-31,Standard,3410.98
7883,Allen Atkinson,tamarataylor@example.net,GN,2025-07-06,Standard,1865.61
7884,Joel Matthews,qlee@example.org,LR,2025-01-20,Standard,523.58
7885,Jordan Ramirez,davidgraham@example.com,VN,2024-09-17,Standard,4435.38
7886,Mrs. Krystal Fowler,michael22@example.com,KN,2020-06-16,Standard,4631.12
7887,Kelly Smith,kristi70@example.org,KN,2025-09-13,Basic,2386.12
7888,Sarah Hansen,zhayden@example.net,AF,2025-02-28,Basic,4322.82
7889,Jennifer Anderson,jill33@example.com,IL,2023-10-01,Premium,4459.73
7890,Jennifer Goodwin,scotthowe@example.org,AE,2020-04-14,Standard,2581.13
7891,Tammy Carey,bsanchez@example.net,TN,2024-10-03,Basic,810.75
7892,Susan Brooks,brandon74@example.net,SM,2022-06-08,Standard,2747.03
7893,Tonya Vance,jshields@example.org,IT,2024-05-02,Basic,881.2
7894,Anna Kidd,wrobinson@example.com,TW,2021-04-18,Basic,783.65
7895,Sabrina Parrish,pherrera@example.com,ET,2022-10-13,Premium,4140.96
7896,Julie Nelson,ybailey@example.org,IR,2022-11-13,Standard,500.54
7897,Ronnie Ramsey,careysarah@example.net,MN,2020-02-24,Standard,4415.54
7898,Edward Williams,andrea87@example.com,ET,2021-04-14,Basic,2765.58
7899,Matthew Weber,hectorreid@example.com,MT,2024-03-17,Basic,608.7
7900,Laura Thomas,walshtimothy@example.org,SY,2024-12-11,Premium,1348.11
7901,Sandra Wilson,brian34@example.net,MC,2021-02-13,Basic,3356.72
7902,Mark Jensen,jasonramos@example.net,HT,2022-11-17,Premium,3724.59
7903,Diane Hill,chambersrobert@example.net,SL,2022-02-21,Basic,3577.79
7904,Rebekah Taylor,hannahgarcia@example.net,ZA,2020-07-25,Standard,2496.98
7905,Miguel Frank,cpowers@example.com,TL,2020-08-05,Standard,3686.09
7906,Danielle Sanchez,hgray@example.net,SV,2023-02-15,Standard,2787.41
7907,Susan Martin,zsmith@example.net,ZM,2025-05-24,Standard,2663.29
7908,Jesus Young,tiffany98@example.com,BH,2023-06-25,Standard,1173.45
7909,Mark Lewis,powersjennifer@example.com,NO,2022-09-13,Standard,3774.15
7910,David Manning,mercadomaxwell@example.com,MT,2024-09-14,Basic,3782.67
7911,Nicholas Bradford,grossdanielle@example.net,TD,2020-06-05,Premium,1206.49
7912,Chelsea Alvarado,jessica94@example.net,CZ,2023-10-23,Basic,2322.91
7913,Megan Shelton,schmidtholly@example.net,BG,2023-11-13,Basic,4486.65
7914,Matthew Davis,craigmiles@example.net,ST,2025-01-15,Premium,3609.39
7915,Andrea Collins,bryanrodriguez@example.net,KG,2020-01-29,Basic,4019.68
7916,Nathan Wells,alexanderoliver@example.org,NE,2024-06-16,Standard,807.34
7917,Stanley Stone,butlermatthew@example.com,ML,2021-11-30,Premium,3505.19
7918,David Reed,rojasjeremy@example.org,MZ,2022-07-05,Standard,1284.98
7919,Nicole Green,rivasabigail@example.com,LA,2021-12-17,Standard,1584.0
7920,John Chen,janderson@example.net,ER,2020-12-11,Premium,2755.64
7921,Nicole Jenkins,ryanjoseph@example.org,KM,2021-05-11,Premium,4762.6
7922,Edward Johnson,qfoster@example.net,HR,2022-08-22,Premium,215.18
7923,Matthew Mccoy,garciaapril@example.net,KG,2024-03-24,Premium,1549.34
7924,Maria Lozano,james96@example.org,PA,2022-10-14,Premium,1010.0
7925,Steven Pruitt,piercejohn@example.com,MU,2025-10-06,Basic,449.55
7926,Allen Lowe,rthompson@example.com,PS,2022-02-24,Standard,2317.74
7927,Chelsea Walsh,drakemary@example.net,GY,2022-09-21,Premium,2167.4
7928,Dustin Blackwell,noahvargas@example.net,AZ,2022-09-26,Standard,3341.77
7929,Jesse Brown,jrogers@example.org,BN,2025-04-01,Premium,3519.31
7930,Jason Wallace,melissa18@example.net,FR,2022-09-25,Standard,1781.53
7931,Jennifer Norris,rshaw@example.org,NO,2020-01-25,Standard,1121.4
7932,Tammy Kim DDS,villegaslevi@example.net,TW,2025-04-10,Standard,3134.36
7933,Christopher Thomas,hclayton@example.net,RS,2024-05-02,Standard,3212.58
7934,Megan Cummings,zjames@example.net,GW,2023-01-09,Basic,305.19
7935,Robert Freeman,richard86@example.com,GD,2023-01-20,Standard,4887.37
7936,Jennifer Cannon,stonejose@example.com,BF,2022-11-26,Standard,1666.2
7937,Laura Miller,rubengonzalez@example.org,CY,2021-07-13,Premium,1353.33
7938,Mary Lawson,muellermarilyn@example.org,KG,2023-02-10,Standard,4319.76
7939,Amanda Cunningham,iodonnell@example.net,NO,2022-11-30,Standard,3789.3
7940,Marcus Brooks,dmontoya@example.org,HN,2022-04-28,Premium,2171.24
7941,Tammy Castillo,phillipssheila@example.org,VE,2025-03-27,Basic,3139.14
7942,Sabrina Cooper,alexanderglass@example.org,GH,2025-09-21,Standard,4750.7
7943,Shelly Johnson,cartertonya@example.com,CG,2024-12-14,Basic,2502.51
7944,Mark Rhodes,nataliewilliams@example.org,SZ,2022-02-06,Premium,1961.84
7945,Jonathan Brown,mwilliams@example.com,IQ,2024-12-29,Standard,3819.34
7946,James Frank,ashleyturner@example.net,BS,2022-01-24,Premium,2426.87
7947,Gary Hunter,jenna27@example.com,MN,2023-06-05,Basic,551.04
7948,Jodi Lopez,stevenhenson@example.org,BS,2023-07-22,Invalid,3648.97
7949,Matthew Ford,timothy96@example.org,HN,2025-10-14,Basic,3193.36
7950,Theresa Jones,luisdillon@example.org,TG,2022-11-05,Premium,2327.96
7951,Erik Rice,mcdonaldjames@example.net,OM,2022-09-25,Basic,1753.18
7952,Christopher Hernandez,pattersonnicole@example.com,GY,2022-05-16,Basic,4921.6
7953,Deanna Cooper,cynthiashepherd@example.com,CR,2024-10-25,Premium,1682.08
7954,Jessica Wolf,lmccoy@example.net,CH,2021-09-01,Basic,3908.1
7955,Douglas Kaufman,wendysalazar@example.org,RO,2020-10-18,Standard,1161.12
7956,Catherine Byrd,qferguson@example.com,AG,2023-08-30,Standard,565.27
7957,Scott Miller,matthew65@example.org,BR,2022-04-11,Basic,729.08
7958,Cynthia Diaz,solisamy@example.org,GQ,2022-01-28,Basic,3926.09
7959,Amber Ross,kellymelinda@example.com,QA,2025-09-30,Basic,2277.71
7960,Brian Stuart,williamslaura@example.net,WS,2023-12-13,Basic,988.04
7961,Sylvia Strong,ucherry@example.net,UY,2025-02-19,Standard,3515.94
7962,Chad Potts II,smitherin@example.net,SB,2025-05-15,Standard,4026.41
7963,Ronald Brown,cochranjames@example.org,FM,2023-12-22,Basic,3303.14
7964,Ashley Rivera,bstephens@example.com,RO,2023-12-17,Premium,1340.7
7965,Gary Preston,smithjared@example.net,PG,2021-02-07,Premium,3521.26
7966,Mr. Cody Williams,sheena50@example.net,CD,2025-04-04,Standard,952.2
7967,Joseph Smith,delgadosarah@example.net,UZ,2024-06-30,Standard,1537.61
7968,Carlos Reed,nichole33@example.com,UZ,2024-08-05,Premium,295.1
7969,Carrie Logan,ericagonzalez@example.org,CV,2021-01-09,Basic,1723.94
7970,Susan Sanchez,robinsoncristina@example.org,CR,2021-12-26,Premium,3465.36
7971,Jay Riley PhD,qgould@example.com,SB,2020-11-01,Premium,1075.7
7972,Alexandra Chen,martinezanthony@example.net,PA,2025-05-26,Standard,1320.31
7973,Alexis Chandler,ybarnes@example.com,SM,2025-06-15,Standard,3901.13
7974,Timothy Roberts,jessicabell@example.com,SG,2021-10-30,Basic,4536.51
7975,Richard Shelton,gonzalezjudith@example.com,BS,2021-10-13,Standard,314.99
7976,Michael Nguyen,djohnson@example.org,HN,2021-03-24,Premium,1194.77
7977,Anne Dunlap,fosterlauren@example.net,HR,2025-09-28,Basic,2959.49
7978,Stephanie Roberts,erin73@example.com,DO,2024-08-18,Standard,1220.79
7979,Alexandria Adams,lindsaymueller@example.org,DO,2022-02-08,Standard,4061.25
7980,Tim Morales,sherrycole@example.net,SI,2022-08-23,Premium,597.53
7981,Larry Mcgee,matthewstracy@example.org,BJ,2022-10-13,Premium,746.8
7982,David Mccoy,tonya99@example.com,MH,2020-01-09,Basic,2857.58
7983,Kristin Ellison,vhill@example.com,UZ,2022-07-04,Standard,2531.11
7984,Mary Blake,cbrown@example.org,DK,2025-10-31,Basic,2206.87
7985,Justin Evans,danielgardner@example.net,GA,2025-05-09,Basic,2673.36
7986,David Clayton,hensondeborah@example.com,ES,2021-04-21,Basic,1904.61
7987,Jaime Lee,caitlynfleming@example.net,LU,2025-07-06,Basic,621.01
7988,Clayton Jackson DDS,eric02@example.com,MK,2025-03-22,Standard,264.33
7989,Jorge Reynolds,omccarthy@example.net,CI,2022-05-10,Standard,2830.68
7990,Diane Hall,adrianperez@example.com,VE,2021-08-05,Standard,428.0
7991,Jennifer Smith,oreyes@example.net,ER,2022-07-08,Premium,1387.6
7992,David Gonzales,xtucker@example.com,SY,2021-12-13,Basic,1852.45
7993,Kenneth Hill,hallvictor@example.com,VE,2023-04-16,Standard,2584.86
7994,Eric Jones,anthony39@example.net,TJ,2025-09-02,Premium,4542.42
7995,Candice Salazar,jenniferharris@example.com,CA,2022-10-30,Premium,692.95
7996,Stacy Mullins,alexander88@example.net,MM,2023-02-01,Premium,523.25
7997,Adam Hopkins,edgar20@example.org,JO,2022-06-20,Premium,3356.74
7998,Timothy Preston,jenna55@example.net,NA,2023-11-06,Standard,3333.32
7999,Samantha Lopez,sarahholmes@example.org,GY,2021-07-27,Basic,1929.25
8000,Molly Kelley,fred35@example.net,IN,2023-09-06,Standard,2441.61
8001,Andrea Johnston,whiteheadandrea@example.org,LV,2020-01-20,Basic,1009.0
8002,Michael Cruz,douglascohen@example.com,ER,2023-10-07,Standard,667.66
8003,Jason Diaz,idouglas@example.org,LU,2025-09-26,Premium,1238.02
8004,Vanessa Anderson,stephanie84@example.com,UG,2023-12-15,Premium,1571.68
8005,Stephen Riley,sandra46@example.org,PG,2024-02-03,Basic,3537.22
8006,Anthony Mccarthy,sheryl70@example.com,RS,2021-05-05,Premium,1922.11
8007,Lee Brown,paulhernandez@example.net,PH,2024-03-05,Basic,3961.63
8008,Nicholas Gaines,rodriguezroy@example.com,SE,2025-07-01,Premium,2670.36
8009,Paula Thomas,emily86@example.net,VU,2020-04-26,Standard,2969.31
8010,Taylor Brown,mitchellkevin@example.net,UY,2024-11-01,Premium,1586.39
8011,Sandra Baker,whitewanda@example.org,CV,2021-11-12,Premium,1665.69
8012,Amy Cannon MD,kristenwilson@example.net,DJ,2023-08-04,Premium,4316.87
8013,Samantha Watts,hjordan@example.org,GH,2024-06-13,Premium,1024.47
8014,Jennifer Morris,xjenkins@example.net,JP,2024-10-15,Standard,2443.55
8015,Courtney Hawkins,matthew71@example.org,SK,2024-02-09,Premium,585.33
8016,Mr. Mike Hurst,bsmith@example.org,GM,2023-09-21,Standard,2809.86
8017,Joy Sampson,jeanettesaunders@example.com,WS,2022-11-13,Basic,2752.87
8018,Nicole Rodriguez,qjones@example.net,VE,2021-04-08,Premium,815.95
8019,John Myers,halecrystal@example.org,GQ,2021-05-01,Premium,4303.44
8020,Michelle Olson,jennifer62@example.net,IT,2023-03-26,Premium,4319.81
8021,Richard Ramirez,swansonjohn@example.org,JO,2020-07-14,Premium,2440.67
8022,Christopher Cain,matthewbond@example.com,LK,2023-12-17,Premium,2874.17
8023,Danielle Torres,michaelbrown@example.net,MU,2024-09-02,Premium,3172.01
8024,Pamela Martinez,baileybrian@example.com,MD,2025-09-05,Standard,4214.88
8025,Eric Cooke,jenniferdaniels@example.com,TT,2024-08-27,Standard,4694.28
8026,Heather Hensley,scottbarnes@example.com,RO,2021-09-12,Standard,2091.32
8027,Denise Collier,ocarter@example.com,VA,2023-11-18,Standard,310.25
8028,Maria Young,larrywhite@example.com,BJ,2020-08-22,Standard,3925.1
8029,Joyce Rasmussen,kathrynadkins@example.net,CA,2025-12-07,Premium,1043.77
8030,Christopher Edwards,bsmith@example.org,DJ,2022-09-30,Basic,4660.82
8031,Karen Pittman,rebecca27@example.org,BA,2024-07-07,Standard,2304.16
8032,Willie Bell,davislaura@example.net,RW,2025-05-24,Premium,3768.18
8033,Dr. Michelle Reed,fneal@example.com,NE,2020-09-25,Premium,2448.89
8034,Tiffany Nelson,vreid@example.net,AM,2021-06-11,Basic,4454.85
8035,Kenneth Smith,karias@example.net,MG,2021-09-15,Basic,4372.17
8036,Nicole Keller DDS,cassandra81@example.net,PW,2021-05-14,Basic,870.7
8037,Angela Neal,xhall@example.com,ET,2025-10-14,Basic,2654.17
8038,Travis Davis,gloriaburns@example.org,NZ,2025-10-30,Standard,3888.19
8039,Eric Stephenson,pennyduncan@example.net,TN,2024-04-28,Standard,3039.13
8040,Kenneth Lawson,smithbill@example.org,GR,2025-01-11,Standard,425.04
8041,Ashley Jones,jennifer29@example.com,MZ,2024-12-20,Premium,3551.92
8042,Dawn Bradford,katherinemiles@example.com,RO,2022-08-20,Premium,3887.3
8043,Mariah Carter,reyesjoyce@example.com,AO,2022-08-22,Premium,1910.65
8044,Justin Lewis,jcampbell@example.net,HR,2020-04-05,Standard,1476.08
8045,Derek Roberts,sanchezkathleen@example.net,CO,2022-01-09,Basic,4053.38
8046,Michelle Parsons,matthew63@example.com,GA,2021-11-23,Standard,1587.13
8047,Wanda Reyes,simpsonchristine@example.net,TM,2021-06-21,Basic,3065.95
8048,Christine Steele,smithjason@example.org,KW,2020-04-08,Standard,4291.36
8049,Robin Bell,hcasey@example.com,AF,2025-08-28,Standard,2606.06
8050,Katie Rodriguez,ecarlson@example.org,GR,2024-01-10,Standard,3811.35
8051,Amy White,howelldarryl@example.net,WS,2023-05-03,Basic,2988.85
8052,Michael Peters,berryrebecca@example.net,UY,2023-02-25,Basic,4624.92
8053,Lisa Hood,emilystark@example.com,MX,2021-09-04,Basic,3036.78
8054,Jennifer Rodriguez,ojohnson@example.net,ZA,2023-08-11,Basic,772.61
8055,Brittany Boone,ianbrooks@example.com,LB,2020-12-06,Standard,545.84
8056,Chad Holt MD,karenstewart@example.net,BI,2021-12-14,Standard,4878.61
8057,Lori Nichols,brandonjensen@example.com,OM,2025-09-11,Basic,2633.29
8058,Dr. Stephen Payne,amartinez@example.net,YE,2022-12-23,Basic,408.38
8059,Christine Crawford,hendricksphilip@example.com,GH,2021-07-10,Basic,1414.24
8060,Jordan Fernandez,tgomez@example.net,TZ,2020-10-11,Standard,4386.28
8061,Jennifer Bond,reynoldscameron@example.net,AE,2024-07-26,Basic,2616.24
8062,Aaron Warren,deborah43@example.net,SR,2022-12-18,Standard,4641.42
8063,Daniel Gomez,smithmichael@example.net,GE,2020-01-06,Standard,4545.37
8064,Michael Flores,kristi55@example.com,BJ,2022-03-23,Basic,1037.21
8065,Amy Navarro,jeffery76@example.org,BZ,2021-08-26,Standard,1040.05
8066,Christina Maxwell,gshelton@example.org,ME,2024-08-22,Standard,2636.59
8067,Michael Hall,edward69@example.org,TW,2022-04-22,Standard,1464.76
8068,Peter White,scottleah@example.net,KN,2024-02-14,Basic,2176.86
8069,Dana Berry,jessica89@example.net,BR,2020-01-16,Basic,1022.93
8070,Donna Espinoza,lisa45@example.com,LC,2024-03-28,Basic,4463.7
8071,Matthew Edwards,crystal22@example.net,NA,2021-11-11,Premium,4031.0
8072,Kevin Dawson,dakotawilliams@example.org,SO,2024-07-20,Basic,1545.57
8073,Brandy Vega,warnerjeffrey@example.net,AU,2022-04-16,Basic,3461.3
8074,Robert Bell,wjohnson@example.com,JO,2020-06-16,Basic,2759.6
8075,David Thomas,karla02@example.com,VE,2024-10-15,Standard,1101.88
8076,Holly Herman,rachel39@example.org,UZ,2021-12-11,Standard,2950.57
8077,William Smith,michael26@example.org,PS,2022-12-05,Premium,674.33
8078,Laurie Rodriguez,meganstewart@example.net,ML,2024-12-28,Basic,4393.11
8079,Jennifer Pittman,adavila@example.com,BH,2025-09-06,Basic,1310.43
8080,Lisa Underwood,thomasprice@example.org,BY,2021-06-25,Basic,3970.73
8081,Kaitlyn Webb,taylorrobbins@example.org,CM,2022-01-26,Standard,997.08
8082,Johnny Riley,howardautumn@example.net,JM,2023-03-10,Basic,4066.93
8083,Amy Mccarty,linda87@example.net,DE,2021-09-26,Standard,1303.61
8084,William Mercer,whitemichelle@example.org,HT,2021-12-10,Standard,3613.5
8085,Tara Reed,mathewsmichael@example.org,FR,2022-09-18,Basic,2349.49
8086,Ricky Lang,butlerteresa@example.net,PK,2024-02-12,Standard,817.07
8087,Antonio Page,weberjennifer@example.org,SB,2023-04-04,Basic,453.05
8088,Heather Mccall,smithjennifer@example.net,CH,2020-05-31,Premium,4835.92
8089,Jennifer Green,elliottkatie@example.org,EC,2020-06-01,Basic,4920.95
8090,Thomas Gibbs,evilla@example.com,DO,2025-10-18,Premium,426.08
8091,Angela Cochran,golson@example.net,PA,2024-02-08,Standard,4646.25
8092,Victor Owens,smithvictoria@example.org,CU,2023-05-20,Standard,4680.28
8093,Amanda Pineda,ecook@example.com,LA,2021-12-07,Basic,2959.56
8094,Linda Spence,jameshart@example.org,NE,2021-09-09,Standard,2604.48
8095,Margaret Washington,wkaufman@example.net,AM,2025-04-14,Standard,1076.03
8096,Ian Jensen,david39@example.net,HU,2022-07-08,Premium,4909.73
8097,Caitlin Singleton,donaldvelasquez@example.net,MA,2025-10-22,Basic,4910.31
8098,Adam Reynolds,francescohen@example.com,LY,2023-08-02,Basic,629.59
8099,Jennifer Lewis,sanchezanthony@example.net,SV,2020-06-03,Standard,1995.73
8100,Frank Martinez,mcbridedominic@example.net,PH,2021-09-08,Premium,784.66
8101,David Obrien,vincentcraig@example.net,MU,2023-10-25,Premium,1870.54
8102,Douglas Fernandez,ktaylor@example.net,KW,2022-02-11,Premium,301.07
8103,Kathleen Cook,kbrown@example.com,BH,2024-10-16,Premium,1459.04
8104,Cheryl Fields,kristinasmith@example.org,NI,2025-01-16,Basic,2722.59
8105,Charles Morris,matthew28@example.org,GA,2024-08-14,Premium,3940.97
8106,Evan Fuentes,michelle32@example.com,MT,2021-07-02,Basic,3464.95
8107,Joshua Rodriguez,wthompson@example.com,TW,2020-07-07,Premium,295.69
8108,Ricky Flores,brandonelliott@example.net,TZ,2020-04-04,Basic,2876.18
8109,Lisa White,nroberts@example.com,RW,2023-09-22,Premium,646.02
8110,Eddie Gray,kellymark@example.com,IE,2020-02-06,Basic,3625.9
8111,Jennifer Mclean,katherine59@example.com,CI,2020-12-01,Standard,2206.03
8112,Danielle Baker,grahamkevin@example.com,SL,2023-12-23,Premium,1180.14
8113,Charles Brown,zlloyd@example.org,KM,2024-06-15,Basic,2896.02
8114,Sarah Salas,gonzaleschloe@example.net,UZ,2020-08-24,Standard,4646.47
8115,Brandon Williams,mcintyredanny@example.com,NR,2024-11-09,Standard,4219.76
8116,Robert Lopez,ngonzalez@example.org,YE,2025-05-26,Premium,212.47
8117,Wayne Kelly,hayestonya@example.com,PH,2021-07-16,Basic,1651.92
8118,Laura Salinas,cindy98@example.net,PT,2023-03-02,Premium,942.03
8119,Troy Huang,huffmandennis@example.net,SC,2022-12-12,Standard,1095.39
8120,Brianna Wilson,normanveronica@example.com,CH,2020-02-16,Basic,185.46
8121,Adam Turner,sarahthompson@example.org,PS,2021-04-12,Premium,546.77
8122,Brandi Whitehead,karen79@example.org,VC,2023-09-27,Basic,3109.25
8123,Eddie Smith,gjones@example.com,NG,2023-06-08,Standard,4066.8
8124,Dana Rivera,carla33@example.org,BY,2022-08-02,Premium,568.85
8125,James Johnson,heidi20@example.net,PG,2021-06-25,Standard,1182.77
8126,Ryan Gill,aburns@example.net,EC,2021-03-17,Standard,3087.08
8127,Jessica Patel,byoung@example.org,KN,2025-08-06,Premium,4596.37
8128,Anthony Johnson,alexandrashepherd@example.com,DJ,2022-04-05,Standard,626.2
8129,Diane Dennis,katelyn55@example.org,LT,2022-05-21,Premium,3388.69
8130,Lisa Walker,jacobshort@example.org,ME,2025-01-11,Standard,2940.22
8131,Carla Liu,franklincarlos@example.net,BS,2024-11-08,Basic,4262.99
8132,Angela Bridges,maryford@example.org,PH,2022-10-23,Standard,1145.6
8133,Joseph Blevins,bmontoya@example.org,DE,2023-07-18,Premium,4251.68
8134,Miguel Figueroa,lance56@example.com,PG,2020-06-24,Standard,3590.88
8135,Sarah Ibarra,virginia98@example.org,KE,2021-09-18,Standard,836.89
8136,Charles Ryan,wagneralexis@example.org,EG,2025-08-21,Standard,4267.87
8137,Jonathan Contreras,seth35@example.org,MW,2023-09-11,Standard,212.83
8138,Ashley Cortez,melissa91@example.org,CD,2021-07-31,Standard,1105.13
8139,Nathaniel Thomas,brian45@example.com,ID,2020-03-31,Basic,2508.45
8140,Andrea Thompson,younglisa@example.com,LB,2021-12-04,Basic,1777.21
8141,Dawn Lopez,richardwalker@example.com,AU,2020-08-05,Premium,2545.26
8142,Amanda Bailey,robinsonfelicia@example.org,GD,2025-05-31,Basic,2000.71
8143,Brittney Cortez,jgarcia@example.com,CZ,2024-11-04,Standard,3072.11
8144,Theodore Weaver,lsteele@example.org,GY,2022-01-30,Standard,808.13
8145,Daniel Miller,georgeolson@example.com,AR,2020-09-20,Premium,3044.67
8146,Alyssa Ramos,danielmichelle@example.org,IQ,2021-03-13,Basic,3448.06
8147,Darryl Morales,rsosa@example.net,ZA,2024-12-16,Premium,3961.54
8148,Brian Hardy,dennis76@example.com,DK,2020-08-20,Premium,1167.85
8149,Mary Potter,david26@example.org,RU,2024-11-23,Standard,2085.0
8150,Heather Fernandez,jcollier@example.com,ME,2024-02-21,Premium,3603.18
8151,Logan Calderon,walkermelissa@example.com,CM,2024-04-08,Premium,1959.28
8152,Ashley Rodriguez,burnskevin@example.com,LC,2020-03-31,Standard,4807.21
8153,Mary Solis,thomasdixon@example.com,CR,2025-05-15,Basic,4682.8
8154,Monica Anderson,kstark@example.com,BG,2020-09-15,Premium,3262.84
8155,Darren Martinez,bethrobertson@example.org,BF,2023-10-08,Premium,2316.0
8156,Brian Foster,vhamilton@example.com,BI,2024-12-24,Premium,2005.46
8157,Ronald Sullivan,morgan88@example.net,JO,2024-02-12,Standard,1861.65
8158,Deborah Taylor,brian49@example.net,SD,2024-09-18,Premium,2505.69
8159,Hector Shaw,leslie26@example.com,EE,2023-01-24,Basic,2282.11
8160,Travis Wallace,stacycooper@example.org,KW,2022-12-17,Standard,538.36
8161,John Ryan,reneedavis@example.org,MU,2025-01-09,Standard,1806.33
8162,Kristen Holmes,abbottpeter@example.com,LR,2025-09-17,Standard,1896.31
8163,Glenda Francis,esellers@example.org,JO,2025-10-13,Standard,2444.8
8164,Kathy Hood,ryanhale@example.com,EE,2022-03-15,Premium,1173.77
8165,Ian Lopez,bsmith@example.com,CR,2024-11-24,Basic,3260.54
8166,Jennifer Alvarez,markblackburn@example.com,CL,2022-02-04,Basic,2701.59
8167,Mark Smith,tammy87@example.com,DE,2023-01-15,Premium,4244.92
8168,Richard Mcdonald,caseydaniel@example.org,PW,2022-06-23,Standard,1886.4
8169,Daisy Fletcher,johnsoncody@example.net,GD,2022-03-30,Premium,540.87
8170,Juan Reed,christinacontreras@example.com,JM,2023-09-03,Premium,552.65
8171,Alexandra Hancock,jerrylarsen@example.org,GY,2025-11-19,Basic,2808.84
8172,Dawn Brooks,jyoung@example.org,TL,2021-11-30,Standard,488.35
8173,Antonio Roberts,longtara@example.net,CM,2023-12-06,Standard,2320.19
8174,Brian Conner,dmullins@example.net,KR,2021-11-25,Standard,794.01
8175,Phillip Dickerson,robertsjoseph@example.org,LI,2022-11-01,Standard,1464.72
8176,James Valentine,jamesconner@example.com,QA,2025-10-06,Premium,1222.53
8177,Kimberly Marquez,williamrich@example.com,UA,2020-07-21,Standard,916.48
8178,Joseph Atkins,jmarshall@example.com,VE,2023-09-11,Premium,1235.9
8179,Alexander Brennan,vbray@example.org,KG,2025-08-18,Premium,3142.63
8180,Scott Mitchell,dleblanc@example.net,SB,2020-01-01,Basic,3307.65
8181,John Reynolds,shannon52@example.com,MM,2023-08-10,Basic,962.13
8182,Eduardo Martin,schwartztammy@example.org,LK,2020-12-19,Basic,2404.22
8183,Patricia Decker,johnathan85@example.org,BS,2023-02-07,Standard,4485.12
8184,Marie Rodriguez,barbara46@example.org,ET,2024-05-22,Premium,184.19
8185,Thomas Kennedy,dylan69@example.org,BZ,2021-06-25,Premium,3052.91
8186,James Schneider,sharon37@example.org,LA,2022-10-20,Premium,430.17
8187,Jamie Morrison,enavarro@example.com,DZ,2020-09-27,Premium,1418.32
8188,Jennifer Jordan,kmarquez@example.org,LY,2025-05-28,Premium,2716.37
8189,Benjamin Williams,randallmartinez@example.com,SO,2021-11-14,Standard,2811.85
8190,Alexandra Marsh,gpatrick@example.net,HU,2024-09-12,Standard,3643.72
8191,David Leach,vwilliams@example.com,TT,2024-11-11,Premium,2714.92
8192,Mark Sellers,wblack@example.com,IR,2022-10-05,Premium,1303.67
8193,Melissa Edwards,tammy33@example.com,SN,2021-07-19,Premium,1694.84
8194,Francis Russell,smithgregory@example.org,TL,2025-05-02,Premium,3855.11
8195,James Harris,xroach@example.net,VE,2023-09-03,Basic,4085.2
8196,Michael Soto,david33@example.com,KM,2022-01-10,Basic,2572.1
8197,Kimberly Allen,danaruiz@example.org,PL,2020-09-24,Premium,2029.65
8198,Louis Butler,tim39@example.org,MU,2022-01-16,Premium,336.89
8199,Marc James,joewashington@example.com,BT,2023-11-09,Premium,4248.03
8200,Jonathan Mills,elliskendra@example.org,LU,2022-04-04,Premium,4322.27
8201,Karen Holmes,kristen24@example.com,ZW,2020-09-14,Standard,2911.94
8202,Darrell Palmer,rosemichael@example.org,AU,2020-04-23,Standard,2365.79
8203,Mark Klein,tbrown@example.com,SY,2024-08-22,Standard,958.21
8204,Randall Lewis,moralesnicole@example.com,EG,2023-06-08,Premium,3595.81
8205,Brandi Bryant,wilsonkevin@example.com,LU,2025-08-21,Premium,3236.67
8206,Michelle Hawkins,sanchezbruce@example.org,IL,2025-11-18,Premium,428.66
8207,Mr. Justin Flores,katherine43@example.org,CV,2020-01-07,Standard,765.93
8208,David Graves,adam43@example.com,SY,2021-07-23,Standard,2357.79
8209,Bruce Brooks,orobbins@example.com,BE,2020-08-09,Standard,3419.87
8210,Scott Hall,watsonlindsay@example.org,FR,2025-04-06,Standard,2796.55
8211,Cody Cunningham,jacobcherry@example.org,SD,2020-03-20,Basic,2079.1
8212,Caleb Tucker,marcher@example.net,NI,2021-01-08,Basic,2386.44
8213,Melissa Jones,tschroeder@example.net,BW,2025-11-07,Basic,4722.1
8214,Marie Sanchez,lisa21@example.com,NA,2021-09-21,Standard,3953.29
8215,Mark Jackson,zparker@example.net,QA,2020-04-17,Basic,3619.94
8216,Johnny Pierce,jillian37@example.org,GE,2025-10-27,Basic,2085.47
8217,Nancy Hayes,icamacho@example.net,AM,2024-03-19,Standard,2665.01
8218,Sherry Garcia,eferrell@example.net,CF,2023-05-09,Standard,917.79
8219,Stephanie Graham,ashleyrojas@example.net,TZ,2024-09-10,Standard,718.58
8220,Cathy Anderson,patriciamartin@example.org,KI,2023-12-24,Premium,1113.78
8221,Barbara Cardenas,frice@example.org,SN,2023-03-29,Basic,4974.1
8222,Laurie Mata,charlesmills@example.org,LA,2025-01-31,Standard,666.13
8223,Ms. Cindy Morris,julielawson@example.com,AE,2025-09-16,Standard,1974.6
8224,Douglas Marshall,lindapeters@example.com,ME,2024-10-27,Standard,1930.75
8225,Dr. Danielle Smith,jenkinsmary@example.net,IQ,2025-05-05,Standard,2487.39
8226,Miss Nicole Sandoval,darrellrice@example.net,AO,2020-02-25,Premium,1156.3
8227,David Melendez,rodriguezdeborah@example.org,BJ,2022-08-14,Basic,3776.7
8228,Ashley Smith,lisaking@example.com,BI,2023-08-26,Standard,4339.47
8229,Andrea Strong,qdennis@example.org,LV,2023-03-03,Basic,785.24
8230,Logan Hahn,paul11@example.net,GT,2024-12-05,Standard,2042.17
8231,Daniel White,megangreen@example.org,UY,2021-07-07,Premium,180.25
8232,Maria Maxwell,michaellynch@example.com,HN,2020-10-21,Premium,4527.95
8233,Samantha Jackson,rjackson@example.com,CA,2021-08-30,Standard,2485.2
8234,Cynthia Davis,patricia27@example.net,PA,2025-05-16,Standard,3593.16
8235,Abigail Alvarez,emmarich@example.org,MY,2025-02-21,Standard,4423.68
8236,Amanda Dyer,elizabethkelly@example.net,JO,2021-09-20,Standard,739.03
8237,Stephanie Paul,dcaldwell@example.com,MM,2020-01-21,Premium,1302.29
8238,John Porter DDS,ericrodriguez@example.org,GA,2025-09-03,Premium,4495.49
8239,Gary Carter,greenjames@example.org,BN,2023-10-25,Premium,1547.55
8240,Aaron Reilly,jonathansmith@example.org,TV,2024-06-01,Premium,1817.72
8241,Katie Casey,paulstuart@example.com,MV,2020-12-25,Standard,4446.53
8242,Riley Grimes,grayashley@example.net,BF,2022-07-19,Standard,482.81
8243,Logan Smith,testes@example.com,NE,2025-08-03,Standard,1838.39
8244,Joel Washington,heatherhaas@example.org,CU,2025-02-06,Basic,2802.87
8245,Richard Lane,rhondaadams@example.com,LS,2023-02-25,Premium,4676.49
8246,Amanda Collins DDS,lisagregory@example.org,ST,2021-12-19,Standard,432.0
8247,Tracy Sutton,anthony00@example.org,AD,2020-02-14,Standard,1048.05
8248,Joseph Berger,dwells@example.org,RS,2025-04-20,Basic,913.13
8249,Thomas Bennett,dennis21@example.com,TV,2022-08-05,Premium,815.1
8250,Lisa Jackson,lelliott@example.com,TT,2022-06-09,Basic,2851.79
8251,Sean Flores,mponce@example.com,PY,2021-05-27,Premium,220.95
8252,Mary Hardy,david60@example.com,FM,2020-10-01,Premium,3190.31
8253,Kimberly Edwards,alyssa00@example.org,AE,2025-12-16,Standard,218.29
8254,Ian White,tracy79@example.net,SR,2022-03-19,Standard,1736.8
8255,Michele Thomas,mortonjeffrey@example.net,SA,2021-08-10,Basic,2355.43
8256,Jessica Boyd,eklein@example.net,RS,2025-02-08,Basic,1700.07
8257,Chris Ware,nathanbrown@example.net,CA,2025-03-30,Standard,349.49
8258,Heather Perez,shellylopez@example.net,CR,2024-09-19,Basic,2969.54
8259,Jesse Howard,philliphaley@example.net,SM,2022-05-30,Standard,3816.61
8260,Carol Mcintyre,tayloredward@example.com,TG,2023-02-14,Standard,3841.83
8261,Nina Johnson,hmiller@example.com,LS,2021-02-16,Premium,3364.97
8262,Briana Dixon,igonzalez@example.net,VC,2022-06-07,Basic,3670.46
8263,Samantha Grant,fterry@example.com,MX,2021-04-05,Basic,2579.14
8264,Kevin Ramsey,davidadkins@example.org,CG,2022-10-28,Premium,4671.44
8265,Karla Smith,theresakim@example.com,DZ,2023-02-17,Standard,1717.75
8266,Derrick Green,chungkaren@example.net,PE,2025-03-06,Basic,2255.32
8267,Pamela Bernard,theresa50@example.org,BY,2023-11-28,Basic,3212.5
8268,Tammy Franklin,christopherturner@example.com,BS,2023-01-25,Premium,796.84
8269,Danielle Ortiz,dunnkevin@example.org,ZM,2022-11-07,Premium,556.63
8270,Chloe Davila,mitchellrivera@example.net,RS,2024-10-08,Standard,1451.22
8271,Catherine Hammond,lisa00@example.net,NI,2022-03-01,Premium,305.27
8272,Sarah Smith,melissaabbott@example.net,RW,2024-04-01,Standard,159.36
8273,Jennifer Pham,fpratt@example.org,MW,2024-11-07,Premium,1053.02
8274,Brett Campos,crystalsmith@example.org,DK,2024-03-27,Basic,1048.95
8275,Danielle Mckinney,jamessnyder@example.com,LB,2021-04-07,Premium,2191.87
8276,Ryan Ross,peterbush@example.org,EC,2021-03-31,Basic,1350.22
8277,Vincent Martin,brandy62@example.org,GT,2020-06-26,Premium,102.78
8278,Briana Vaughn,jeff60@example.net,TZ,2025-06-21,Premium,900.62
8279,A,smithstephanie@example.com,ZM,2022-04-12,Premium,1400.99
8280,Mark Brown,gutierrezmargaret@example.com,FR,2020-03-08,Standard,3956.36
8281,Michael Patel,ayaladawn@example.org,YE,2024-02-23,Premium,2394.7
8282,Luis Hansen,john24@example.net,UY,2025-02-11,Premium,4631.63
8283,Emma Church,brownlisa@example.com,SL,2021-12-27,Standard,659.76
8284,Mario Griffin,lbauer@example.org,GD,2025-07-11,Basic,2352.07
8285,Marco Ross,cassie28@example.net,NR,2021-02-09,Standard,3122.31
8286,Marie Ray,garciajennifer@example.com,TN,2021-03-16,Standard,4267.91
8287,Anthony Flores,ypowell@example.org,SZ,2024-04-30,Standard,2927.51
8288,Charles Hart,merrittpatricia@example.org,LU,2021-09-22,Basic,4456.93
8289,Jaime Gibbs,washingtonamanda@example.com,DJ,2022-03-07,Basic,1719.94
8290,Ashley Hamilton,hawkinsronnie@example.org,CO,2023-08-19,Basic,1700.01
8291,Jason Kirk,josephjoshua@example.org,KE,2023-07-08,Premium,3371.98
8292,Michael Collins,clayrobert@example.net,GQ,2025-11-16,Basic,2989.92
8293,Thomas Woods,aprilevans@example.com,PT,2023-09-13,Basic,1466.93
8294,Timothy Williams,usolis@example.com,SA,2024-12-04,Basic,3913.65
8295,Jack Watkins,john12@example.org,MW,2024-06-16,Premium,1208.37
8296,David Morris,davidruiz@example.org,KH,2023-08-17,Premium,2225.98
8297,Andrew Dunn,rebeccabrown@example.com,CU,2025-09-28,Standard,1707.95
8298,Sharon Thompson,joshuamccarthy@example.net,KE,2024-05-03,Basic,1572.79
8299,Kathleen Andrews,josephmiller@example.org,HN,2023-10-22,Basic,4957.43
8300,Matthew Anderson,bhill@example.org,TN,2025-01-30,Premium,4765.29
8301,Chad Mendoza,hensleybrenda@example.org,CM,2020-09-03,Standard,4028.2
8302,Dr. Rebecca Mason,pricesheila@example.net,SG,2023-05-17,Standard,621.83
8303,Arthur Austin,ppowell@example.org,SI,2022-03-24,Premium,2819.57
8304,William Solis,austinpeter@example.org,KM,2024-02-04,Premium,4415.66
8305,Russell Johnson,vhall@example.org,SY,2021-10-10,Premium,2375.3
8306,Marc Valencia,ncox@example.com,UG,2024-12-07,Premium,4637.65
8307,Andrew Hooper,wendy33@example.org,KH,2024-01-05,Basic,2756.83
8308,Danielle Mooney,monique69@example.net,JP,2021-08-05,Standard,2121.96
8309,Nicholas Harvey,mariobaker@example.net,BT,2025-03-07,Standard,2154.53
8310,William Smith,wgray@example.com,TG,2023-12-25,Standard,1565.51
8311,Jennifer Webb,krobertson@example.com,AE,2022-03-10,Premium,895.98
8312,Eugene Hernandez,singhdakota@example.net,GA,2025-09-05,Standard,4747.61
8313,Trevor Perez,ssmith@example.net,ZA,2022-07-11,Basic,424.97
8314,Jason Rogers,joshua14@example.org,GN,2021-12-03,Standard,4638.01
8315,Angela Torres,franklindavid@example.net,TD,2024-03-10,Premium,2234.55
8316,Henry Robertson,jennifer10@example.org,SV,2023-05-01,Standard,854.83
8317,Andrew Turner,jessica81@example.com,KP,2020-09-22,Standard,4893.96
8318,Michelle Johnson,johnsonjessica@example.net,GR,2025-09-19,Standard,4694.21
8319,Kent Casey,tlee@example.com,MK,2025-06-14,Premium,1609.24
8320,Juan Roberts,sgrant@example.net,KW,2021-11-28,Standard,4407.62
8321,Heather Porter,brandonwilliams@example.net,BS,2025-08-10,Standard,4646.39
8322,Charles Stone,falvarez@example.com,SZ,2022-04-20,Standard,2983.27
8323,Casey Velasquez,cwright@example.com,LY,2020-09-22,Standard,2207.52
8324,Jessica Foley,dalecohen@example.org,MV,2024-12-29,Premium,1503.69
8325,Brandon Ross,james22@example.net,GT,2025-11-16,Basic,4042.19
8326,Carol Dyer,herreradana@example.org,KM,2025-10-31,Standard,880.04
8327,Julie Obrien,valeriegibson@example.org,QA,2024-06-13,Standard,3007.89
8328,Blake Camacho,abigail62@example.org,PW,2022-02-15,Premium,593.23
8329,Joseph Barr,qwade@example.net,LU,2020-06-07,Premium,4001.35
8330,Jill Green,john34@example.org,CA,2021-10-18,Premium,835.23
8331,Jason Morrow,deborahdaniels@example.org,MT,2021-02-08,Standard,2513.98
8332,Christopher Grimes,rsosa@example.com,KP,2023-06-10,Premium,4678.43
8333,Michael Walker,alexander60@example.com,MM,2020-01-12,Basic,3275.05
8334,Samuel Romero,ibarnett@example.org,QA,2022-12-08,Premium,110.23
8335,John Young,hmorales@example.com,NZ,2024-05-17,Premium,260.15
8336,Hannah Todd,harveyjustin@example.org,SB,2021-07-08,Standard,4920.14
8337,Sherry Davis,sfreeman@example.com,SL,2024-02-19,Standard,3425.82
8338,Michael Randolph,sandovalryan@example.org,TH,2023-05-23,Basic,1850.53
8339,Dalton Doyle,michellecortez@example.org,AD,2020-01-26,Basic,528.85
8340,Kaitlin Tyler,bburton@example.org,VC,2020-04-13,Premium,4475.11
8341,Holly Smith,rfields@example.org,ML,2024-02-11,Standard,589.86
8342,Matthew Yang,amandasanchez@example.org,UZ,2020-12-05,Basic,503.49
8343,Todd Brown,fernandeztravis@example.net,MH,2025-10-05,Premium,3110.38
8344,Edward Suarez,jessicasmith@example.org,NO,2024-08-15,Premium,3968.76
8345,Deborah Sutton,hjones@example.net,ZW,2023-10-17,Standard,4138.54
8346,Peter Reyes,amanda78@example.org,TL,2023-12-16,Standard,626.94
8347,Nicole Thomas,kimberlyjordan@example.com,CZ,2025-07-24,Basic,1528.0
8348,Robert Mitchell,hallgrant@example.com,CA,2020-12-05,Basic,451.25
8349,Jenna Liu,guzmanjennifer@example.com,PK,2022-01-23,Basic,1493.78
8350,Paige Ibarra,daniel50@example.com,BJ,2020-11-27,Premium,2365.45
8351,Jonathan Gonzalez,carl63@example.com,JP,2024-12-20,Standard,871.23
8352,Joshua Herrera,olivia76@example.org,AD,2025-12-26,Basic,2622.97
8353,Crystal Holland,kimberly67@example.org,PH,2022-07-21,Standard,3071.77
8354,Ashley Carlson,epope@example.com,FR,2020-02-07,Basic,1490.12
8355,Nathan Miller,laurenlopez@example.com,CL,2020-10-30,Standard,4275.57
8356,Tammie Murphy,danielsbrenda@example.net,AL,2021-10-03,Basic,897.75
8357,Brian Jackson,mollyaguilar@example.org,AL,2023-09-01,Standard,4070.33
8358,Lindsay Johnson,ashleynelson@example.net,HU,2024-01-02,Standard,4763.35
8359,Lindsay Henderson,chavezthomas@example.org,SN,2021-10-30,Standard,1538.9
8360,Robert Larson,lopezleonard@example.net,MR,2025-08-14,Basic,4091.73
8361,Lori Rojas,jacksonjohnny@example.com,SV,2023-04-09,Standard,4054.13
8362,Ronald Clark,jroberts@example.com,RW,2024-08-04,Premium,3991.86
8363,Kayla Smith DVM,damonmorris@example.net,DK,2022-12-13,Standard,3364.65
8364,Christopher Robinson,jonesbrittney@example.net,MV,2025-07-26,Premium,1279.34
8365,Patricia Taylor,psanford@example.com,NL,2025-05-07,Premium,3545.85
8366,Donna Jenkins,tracy56@example.org,TZ,2020-08-08,Premium,489.32
8367,Danielle Morgan,sydneyfrost@example.net,VC,2022-09-07,Basic,4388.19
8368,Eric Clarke,evansalicia@example.com,MX,2023-10-21,Premium,627.61
8369,Brett Buckley,rodriguezmaria@example.com,BT,2021-03-12,Standard,717.94
8370,Jessica Wheeler,jorge65@example.org,BF,2020-05-06,Basic,459.87
8371,Nathaniel Norman,kathryn77@example.org,ID,2020-11-14,Standard,3469.86
8372,William Stewart,marksparks@example.org,ET,2025-02-19,Basic,1272.34
8373,Michelle Vance,kgraves@example.org,DE,2022-08-27,Standard,2233.14
8374,Stephen Marks,xgriffin@example.net,SD,2023-09-01,Premium,4656.38
8375,Miss Tonya George DDS,willieleonard@example.org,CL,2025-09-09,Basic,4718.64
8376,Zachary Lutz,oyates@example.net,GW,2024-09-06,Basic,3673.96
8377,Kelly Hernandez,robert16@example.org,LS,2021-07-27,Standard,4693.44
8378,Joseph Smith,youngtina@example.net,TW,2023-11-29,Premium,4488.39
8379,Kathleen Rowe,cranecolin@example.com,AO,2023-09-28,Basic,265.8
8380,Alejandro Turner,gsmith@example.org,MY,2024-02-10,Premium,2014.89
8381,Mr. Jason Campbell,derekwaller@example.org,BA,2025-12-06,Standard,423.67
8382,Christopher Elliott,sherridaniels@example.org,CH,2022-09-07,Premium,4221.49
8383,Alexis Long,annette07@example.org,UA,2024-02-15,Standard,2008.84
8384,Gabriel Garcia,kingmelody@example.org,FI,2023-07-10,Standard,2371.17
8385,Joy Boone,sramos@example.org,ES,2021-09-17,Standard,3940.25
8386,John Cruz,scottdavis@example.org,NI,2020-08-21,Standard,2303.1
8387,XXXXXXXXXXXXXXXXXXXXXXXXXXXXXXXXXXXXXXXXXXXXXXXXXXXXXXXXXXXXXXXXXXXXXXXXXXXXXXXXXXXXXXXXXXXXXXXXXXXXXXXXXXXXXXXXXXXXXXXX,richard10@example.org,UA,2020-06-14,Standard,3751.88
8388,Bryan Brown,larrypeterson@example.net,ET,2025-04-13,Basic,2169.51
8389,Nathan Thomas,lcox@example.net,BY,2020-08-30,Standard,4794.52
8390,Peggy Parsons,mayspaul@example.net,PA,2020-07-04,Basic,4353.86
8391,Linda Wright,ilawson@example.org,MW,2023-12-30,Premium,136.45
8392,Janet Gardner,alexa72@example.net,SA,2025-04-30,Premium,4776.02
8393,Michael Paul,markryan@example.org,IT,2020-08-15,Standard,556.76
8394,Nicholas Dudley,schwartzmichelle@example.net,EG,2023-12-28,Standard,826.02
8395,Caroline Davis,lance70@example.net,HR,2023-03-24,Premium,1276.11
8396,Susan Clark,moorebridget@example.com,TD,2021-12-02,Basic,2527.25
8397,Charles Horton,jean92@example.org,BH,2024-11-12,Standard,4545.8
8398,Marilyn Rodriguez,riverapatricia@example.net,TV,2025-12-07,Basic,984.51
8399,Michelle Simon,manninghailey@example.org,NA,2023-05-05,Premium,3877.21
8400,David Cannon,richardsanchez@example.org,LK,2023-10-08,Basic,1867.56
8401,Jose Brown,keithlewis@example.com,QA,2025-08-24,Standard,4021.02
8402,Andrea Roberts,prestonkevin@example.org,PA,2025-05-01,Standard,1752.18
8403,Craig Burns,martineztodd@example.org,VC,2021-08-29,Premium,2465.71
8404,Seth Smith,kennethvargas@example.org,EC,2021-12-15,Basic,1088.39
8405,Theresa Martin,gabrielatyler@example.com,CG,2025-04-09,Premium,1729.34
8406,Jeffrey Owens,idunlap@example.org,PT,2023-04-05,Basic,4303.09
8407,Amanda Sloan,davidsonsara@example.com,MR,2023-03-08,Basic,2574.41
8408,Richard Norman,heatheredwards@example.org,CA,2022-02-01,Basic,2014.38
8409,Aaron Williams,molinajanet@example.com,VE,2021-01-25,Basic,4968.79
8410,Tyler Jennings,donglenn@example.org,GB,2021-05-31,Basic,4640.23
8411,Andrew Fernandez,haynesamy@example.com,BE,2025-12-07,Premium,2231.19
8412,Lindsay Bush,matthewwall@example.net,IR,2022-04-29,Basic,4021.37
8413,Nathaniel Turner,david86@example.org,NA,2025-03-14,Standard,4824.3
8414,Brandon Rodgers,travis07@example.com,US,2023-03-19,Basic,2780.9
8415,Charles Lawson,donna89@example.com,MZ,2024-01-04,Basic,4984.27
8416,Jamie Williams,fcarroll@example.net,NL,2025-05-04,Standard,318.12
8417,Allison Stafford,david95@example.org,TW,2021-12-15,Standard,187.78
8418,Scott Phillips,owallace@example.com,GN,2024-11-09,Basic,3172.51
8419,James Strickland,,YE,2020-02-27,Premium,2425.14
8420,Chad Turner,tinaflores@example.net,TD,2024-12-19,Standard,4652.34
8421,Brian Orr,rebecca16@example.org,NL,2025-11-16,Basic,2902.3
8422,Isabel Durham,morganelizabeth@example.org,LT,2024-06-20,Standard,4190.53
8423,Monique Lee,johnstonkatrina@example.com,MR,2024-02-29,Premium,2301.43
8424,Mark Hernandez,kgeorge@example.net,PA,2025-11-10,Standard,4468.41
8425,Michael Gonzales,fmcguire@example.org,SD,2023-10-29,Premium,4102.01
8426,Rachel Smith,gardnerjennifer@example.org,EC,2023-05-19,Basic,4531.46
8427,Crystal Barnes,williamselizabeth@example.org,BI,2025-09-15,Standard,2034.58
8428,Joyce Orr,logannelson@example.org,ER,2023-08-30,Premium,2700.64
8429,Jamie Martinez,gibsonkelly@example.net,MW,2020-02-11,Premium,1186.82
8430,Jason Hall,davishannah@example.net,MW,2020-04-15,Standard,1271.0
8431,Lawrence Hernandez,psanchez@example.net,MN,2025-12-25,Premium,2207.05
8432,Nicole Lawrence,qadams@example.net,AD,2022-03-27,Premium,4031.72
8433,Rodney Warren,wallerallison@example.com,CY,2023-02-18,Standard,2722.76
8434,Abigail Morgan,xhicks@example.net,VN,2022-06-14,Basic,4705.59
8435,Julie Mills,dan97@example.net,ZA,2025-06-10,Premium,2558.58
8436,Amanda Jackson,mdixon@example.org,LR,2024-11-27,Basic,3993.69
8437,Stacy Vazquez,david95@example.com,CM,2024-10-28,Basic,3961.17
8438,John Jackson,lford@example.net,TM,2023-10-01,Basic,3350.24
8439,Dr. Gregory Bond,bakerrhonda@example.net,TZ,2020-10-27,Standard,4945.46
8440,Curtis Brown,jeremy18@example.net,GW,2023-01-12,Premium,2717.04
8441,Heidi Parks,murphywilliam@example.com,MN,2020-08-20,Basic,1509.03
8442,David Gordon,colemandaniel@example.org,SA,2021-07-30,Premium,4290.65
8443,Bradley Garrison,vhanson@example.com,TL,2021-09-15,Standard,2847.7
8444,Sierra Garcia,urios@example.org,KG,2022-06-20,Standard,968.46
8445,Lisa Lyons,yrodriguez@example.org,TD,2025-02-17,Basic,1081.26
8446,Kristy Hill,qgreen@example.net,MM,2025-12-24,Basic,2204.55
8447,Anthony Torres,ryanmichael@example.org,AG,2024-11-30,Standard,3269.53
8448,Cory Hanna,john63@example.com,SL,2024-06-07,Standard,201.39
8449,Jeffrey Gardner,zguzman@example.org,JP,2022-05-25,Premium,4662.3
8450,Dawn Long,amybaker@example.org,PY,2024-12-05,Basic,1365.15
8451,Alyssa Lin,loricannon@example.org,IT,2020-02-06,Basic,1532.35
8452,Susan Welch,xsteele@example.com,SM,2020-05-25,Standard,2136.32
8453,Angela Harvey,pnelson@example.com,SB,2021-01-01,Standard,1100.06
8454,Sherry Salinas,aaronjohnson@example.org,SN,2020-02-14,Premium,1871.01
8455,Andrew Rice,robertsmith@example.com,ER,2020-03-23,Standard,1616.51
8456,Lucas Smith,jwall@example.com,AF,2020-05-16,Basic,3488.63
8457,Lauren Robles,johnbean@example.net,DZ,2024-07-01,Basic,436.09
8458,Douglas Morales,austin40@example.net,QA,2025-01-26,Premium,4378.78
8459,Charles Bell,davidjackson@example.org,VU,2023-07-20,Premium,4772.57
8460,Carlos Kennedy,rvalenzuela@example.org,LV,2023-11-09,Premium,3915.46
8461,Jason Martinez,haleyharrison@example.org,LV,2023-05-29,Standard,4829.2
8462,Elizabeth Miller,bherman@example.org,CI,2022-09-21,Premium,3848.01
8463,Justin Torres,timothy16@example.net,GB,2021-09-19,Standard,695.05
8464,Jennifer Chandler,yrhodes@example.net,DO,2023-11-18,Basic,2379.96
8465,Kimberly Miranda,elizabeth55@example.net,AT,2024-01-12,Premium,2458.09
8466,Gabriela Gibson,campbellallen@example.org,RU,2025-07-04,Basic,1463.67
8467,Judith Willis,garciageorge@example.net,NL,2025-11-13,Premium,1845.67
8468,Philip Boyd,cherylmurphy@example.org,BW,2024-03-12,Premium,1830.88
8469,Brandon Lynch,lynn42@example.com,MD,2022-07-09,Standard,4052.35
8470,Shelby Young,austineric@example.net,MW,2021-06-30,Basic,4730.21
8471,Laurie Nguyen,susan08@example.org,ES,2022-02-22,Basic,189.31
8472,Larry Pena,lisanewman@example.com,TT,2023-07-06,Basic,4041.44
8473,Molly Lopez,wagnercharlene@example.net,QA,2024-08-20,Premium,4961.4
8474,Rodney Wilson,jamesbest@example.net,LT,2025-12-27,Premium,814.48
8475,Victoria Fritz,lauriewalker@example.net,LK,2021-06-18,Premium,2658.22
8476,Isabel Scott,vsmith@example.com,JP,2022-07-03,Basic,2720.57
8477,Shannon Moore,anthony17@example.org,SC,2022-03-02,Standard,4956.46
8478,Stephanie Washington,rachel82@example.com,SB,2025-11-13,Basic,1821.77
8479,Jessica Carpenter,cbennett@example.com,TR,2023-03-04,Standard,4282.18
8480,Ryan Martinez,danielkim@example.org,TT,2023-04-29,Standard,607.49
8481,William Mason,josephgordon@example.org,GR,2024-12-24,Basic,3901.72
8482,James Warren,patricia98@example.org,CD,2022-04-22,Standard,1140.56
8483,Jaime Ward,iwalker@example.com,ST,2024-12-03,Premium,3143.27
8484,Michael Turner,martinezgregory@example.com,BO,2023-02-26,Standard,3889.97
8485,Nicole Pacheco,valdezandrew@example.org,AD,2025-10-29,Basic,3517.04
8486,Matthew Mathews,gnguyen@example.com,ZW,2025-05-25,Basic,1211.08
8487,Carl Weber,shumphrey@example.net,GY,2021-01-13,Basic,4675.6
8488,Amanda Nunez,cathyturner@example.net,ME,2022-07-18,Standard,2831.54
8489,Joshua Drake,phillipsrichard@example.org,PT,2022-03-19,Standard,1997.65
8490,Sara Harrison,petersdarryl@example.net,TH,2025-03-29,Basic,1907.47
8491,Mrs. Megan Jennings MD,hamiltonnorman@example.net,SD,2022-12-19,Premium,278.26
8492,David Vasquez,chelsea17@example.org,FJ,2024-07-04,Premium,118.24
8493,Jason Thompson,fordethan@example.com,JM,2025-07-28,Standard,183.89
8494,Meghan Cruz,melissadeleon@example.net,RW,2021-04-20,Basic,4676.21
8495,Tina Sanchez,derrick05@example.org,DK,2024-06-16,Basic,1759.76
8496,Sandra Gomez,jenniferlynn@example.com,MG,2021-09-18,Basic,4203.84
8497,Jodi Hall,franklinnicole@example.net,MV,2020-05-04,Standard,4323.83
8498,Grace Sexton,ronaldruiz@example.org,MM,2025-06-18,Premium,756.99
8499,Timothy Curtis,sarahhunter@example.org,BG,2025-02-01,Premium,3013.78
8500,Jessica Curtis,carriebradley@example.org,GE,2020-11-08,Basic,3854.01
8501,Michael Klein,tina45@example.org,DK,2020-12-05,Basic,765.27
8502,Michael Smith,ahess@example.com,AF,2020-11-16,Standard,2812.57
8503,Jennifer Roberts,kathleendurham@example.org,SA,2025-09-02,Basic,3656.93
8504,Matthew Leonard,jenniferodonnell@example.org,EC,2022-12-07,Standard,686.79
8505,Emily Davis,amoss@example.com,IQ,2023-04-13,Premium,3952.12
8506,Sherry Pena MD,michaelcole@example.net,UG,2020-10-06,Basic,1653.63
8507,James Snyder,vbaldwin@example.org,ML,2025-05-06,Standard,2731.7
8508,Laura Hall,matthewmason@example.net,LB,2022-09-16,Standard,1537.91
8509,Holly Potter,millerkirk@example.net,IN,2023-12-29,Premium,369.07
8510,Jacqueline Francis,parksrodney@example.com,GM,2022-09-13,Standard,3357.64
8511,Eric Hernandez,kathleenhoffman@example.net,GT,2021-07-14,Premium,3509.94
8512,Christopher Castillo,kim05@example.com,UG,2024-03-26,Standard,4996.48
8513,Mallory Cole,sarahblake@example.org,AZ,2022-07-18,Standard,1765.71
8514,Jordan Lin,williamsnicole@example.com,NR,2020-08-06,Standard,4908.42
8515,Carla Holmes DVM,upitts@example.net,CF,2025-11-01,Basic,1882.55
8516,Michael Peters,lori79@example.org,KM,2022-01-23,Standard,1611.09
8517,Joseph Hawkins,cynthiahawkins@example.com,LY,2022-08-28,Standard,2093.67
8518,Allen Caldwell,,GW,2020-09-21,Premium,4908.14
8519,Teresa Green,ricegerald@example.com,CN,2020-04-17,Standard,1005.4
8520,Jessica Williams,davisryan@example.com,GW,2025-02-01,Premium,4360.57
8521,Omar Brown,amy57@example.net,UZ,2025-08-22,Basic,3054.24
8522,Lance Hartman,marthaholmes@example.org,ID,2023-11-18,Premium,1876.41
8523,Katherine Hughes,qhill@example.com,BT,2020-02-12,Premium,4875.73
8524,Alyssa Evans,samanthanoble@example.net,CA,2024-12-19,Standard,1659.73
8525,Adam Lopez,noblenatalie@example.org,SD,2022-09-25,Premium,994.83
8526,Adrienne Elliott,fieldsjessica@example.net,CA,2025-02-16,Premium,2952.92
8527,Michael Ortega,emartinez@example.com,PA,2025-12-09,Premium,1234.44
8528,James Roberts,aguirreteresa@example.com,TM,2020-12-08,Standard,1626.29
8529,Heather Gibson,vtaylor@example.net,AT,2022-01-19,Basic,3798.72
8530,Taylor Simpson,barbara61@example.com,WS,2023-01-04,Premium,4076.73
8531,Kristina Jefferson,andre48@example.org,GB,2023-03-18,Basic,4682.53
8532,Caroline Johnson,randyhill@example.com,MH,2024-01-15,Basic,2775.72
8533,Austin Soto,warddonald@example.com,EC,2025-12-03,Basic,3323.71
8534,Robyn Collins,raventorres@example.com,TH,2021-02-19,Premium,4487.1
8535,Francisco Jordan,henryamanda@example.net,LC,2025-09-26,Premium,1628.27
8536,Thomas Lopez,wball@example.com,PE,2023-09-22,Standard,555.54
8537,Michelle Powell MD,ashley14@example.com,IL,2023-08-05,Standard,1418.34
8538,Courtney Page,hernandezcynthia@example.net,ZA,2022-02-11,Premium,770.77
8539,David Moore,david58@example.net,CA,2023-05-25,Premium,4750.02
8540,Erica Rivera,lindaacevedo@example.com,ME,2022-02-27,Basic,119.65
8541,Jeffrey Shaffer,chelseaadams@example.com,CL,2021-02-08,Standard,308.37
8542,Albert Warren,smithandrew@example.com,AL,2023-02-21,Standard,2089.34
8543,Victoria Krause,anthony28@example.org,GM,2025-02-19,Premium,1394.98
8544,Michael White,jessemorris@example.net,US,2023-10-18,Basic,4704.32
8545,Kathleen Petersen,kbyrd@example.org,SR,2025-01-15,Premium,501.84
8546,Ryan Mcbride MD,jennifermckay@example.com,GY,2021-01-02,Premium,1007.13
8547,Jeremy Townsend,walkerdarren@example.net,IT,2024-10-04,Basic,3533.42
8548,Kimberly Moore,tanyajenkins@example.org,TZ,2021-06-09,Premium,3191.11
8549,Joshua Bird,williamsjames@example.net,MN,2022-01-06,Premium,2404.55
8550,Frank Wheeler,hsingleton@example.org,KM,2022-04-10,Basic,3569.99
8551,Taylor Herrera,rosevega@example.org,ST,2024-11-29,Premium,3715.52
8552,Megan Smith,rebeccamiller@example.net,RW,2025-04-26,Basic,2597.45
8553,Brittany Cooke,jacquelinelowery@example.net,MT,2021-06-08,Standard,125.9
8554,John Roberts,tiffanycompton@example.org,UA,2024-03-19,Basic,4387.86
8555,Sergio Meyer,russellbryce@example.org,NP,2023-01-11,Basic,3993.84
8556,Melissa Doyle,timothy01@example.com,ST,2025-12-06,Premium,2514.0
8557,Olivia Kennedy,pbailey@example.com,TD,2024-06-29,Premium,390.92
8558,Carol Houston,cmendez@example.org,CU,2021-06-09,Premium,3104.96
8559,Ronald Clark,lhamilton@example.net,AO,2023-11-08,Standard,1043.11
8560,Timothy Jones,amyclark@example.net,KZ,2023-06-18,Basic,1534.26
8561,Michael Gray,karenmorgan@example.net,SN,2020-06-05,Premium,2082.15
8562,Alexandra Baldwin,sbarrett@example.org,AO,2021-01-18,Basic,2116.56
8563,Kenneth Johnson,gramirez@example.net,EE,2020-07-27,Basic,1509.55
8564,Veronica Davidson,michaelmcdonald@example.org,PY,2021-09-01,Premium,3120.29
8565,Renee Chapman,nelsontimothy@example.net,IS,2024-01-28,Premium,3563.83
8566,Christopher Koch,blacklisa@example.net,LA,2024-06-12,Standard,3276.85
8567,Brian Norton,fordjustin@example.net,UA,2020-01-23,Standard,107.12
8568,Alec Russell,acastillo@example.com,GY,2023-01-10,Premium,2087.17
8569,Amy Watson,michaelmeyer@example.org,KH,2023-10-05,Premium,3759.25
8570,Chad Atkinson,jonesphillip@example.com,MN,2025-10-26,Basic,728.14
8571,Joel Vasquez,johncampbell@example.net,NR,2025-04-27,Premium,4090.79
8572,Jeffrey Fox,cynthia50@example.org,GY,2022-05-11,Basic,687.89
8573,Jonathan Horton,floresdennis@example.com,MG,2022-02-23,Basic,1319.02
8574,Amanda Johnson,nancy85@example.com,UZ,2020-03-23,Basic,297.01
8575,Sandra Potter DDS,imccullough@example.org,TZ,2023-12-29,Premium,3749.91
8576,David Bowen,heather63@example.net,IE,2023-10-01,Basic,453.78
8577,Kevin Jimenez,johnrobinson@example.org,NZ,2021-04-23,Standard,751.51
8578,Robert Espinoza,dbrewer@example.com,CL,2020-09-14,Premium,1455.09
8579,Sheila Luna,dunnleah@example.org,NG,2023-09-06,Premium,2915.42
8580,Vicki Rivers,debra05@example.com,MU,2025-04-13,Basic,1130.0
8581,Deborah Maddox,david78@example.com,EE,2022-12-03,Premium,4166.86
8582,Jimmy Santiago,scottcooper@example.com,KP,2023-10-20,Premium,2125.44
8583,Jeremy Farmer,maria64@example.net,TR,2023-05-05,Standard,1111.03
8584,Angela Murray,andradewilliam@example.com,FM,2025-04-30,Premium,820.24
8585,Sean Wood,angelaglenn@example.com,BD,2025-10-26,Basic,3949.43
8586,David Baker,jeffersonterri@example.org,AD,2021-01-01,Standard,1693.05
8587,Danny Taylor,kjohnson@example.org,CZ,2021-01-11,Standard,1955.75
8588,Lisa Lopez,figueroacandice@example.net,RU,2025-07-06,Basic,3433.54
8589,Dana Hernandez,robinwalker@example.org,AL,2025-07-23,Standard,3349.29
8590,Joshua Morris,thomasalan@example.com,CU,2020-11-30,Basic,814.99
8591,Tyler Newton,zwilliams@example.com,UA,2020-10-12,Standard,1830.57
8592,Brooke Chavez,olynch@example.org,UA,2024-02-08,Basic,4304.76
8593,Julie Willis,wilcoxlori@example.com,BD,2020-02-04,Basic,1289.57
8594,Alexis Fields,kimmiranda@example.net,VU,2024-01-13,Standard,4750.8
8595,Samantha Montgomery,,TR,2020-10-17,Standard,339.77
8596,Katherine Stewart,eadams@example.net,ER,2023-02-26,Premium,2223.14
8597,Louis Sloan,robert32@example.net,AG,2022-04-22,Premium,400.88
8598,Tina Brandt,davidtravis@example.net,GY,2022-06-20,Premium,3766.79
8599,Taylor Mata,myersshelby@example.com,LU,2024-07-24,Basic,1516.46
8600,Justin Murphy,robinsonnicole@example.org,NZ,2022-09-15,Standard,641.04
8601,Jennifer Houston,jeffreyeverett@example.net,TG,2022-04-15,Standard,789.42
8602,Claudia Adkins,christina52@example.org,ID,2020-05-28,Standard,967.59
8603,Charles Braun,garrett73@example.net,KH,2022-02-18,Premium,2418.85
8604,Alexandria Hayes,pramsey@example.org,ZM,2024-08-18,Basic,419.95
8605,Meredith Perez,kelly00@example.org,CU,2024-02-27,Standard,1804.43
8606,Michael Hamilton,jhansen@example.com,TV,2020-01-20,Basic,1199.15
8607,Oscar Berg,tracy27@example.org,ZW,2022-02-27,Premium,3473.31
8608,Crystal Wyatt,brownellen@example.org,TZ,2020-02-15,Standard,4213.39
8609,Antonio Williams,lorimercado@example.org,AD,2020-01-26,Standard,1421.23
8610,Sarah Moreno,cookpatricia@example.org,PT,2021-03-08,Standard,1180.77
8611,Jessica Mitchell,lindseymonique@example.com,EE,2023-01-08,Premium,184.01
8612,Linda Nielsen,micheal38@example.com,BE,2024-05-31,Premium,3261.58
8613,Ann Bates,teresathompson@example.net,CH,2023-06-03,Standard,1172.48
8614,Matthew Bautista,terrancehorton@example.net,RO,2025-02-26,Basic,2597.52
8615,Leonard Lewis,megan46@example.com,BG,2021-12-22,Premium,638.14
8616,David Adams,peggymonroe@example.org,AL,2021-11-14,Basic,1917.09
8617,Richard Garcia,richmondryan@example.org,UY,2020-08-21,Standard,3480.55
8618,Jeffrey Banks,jennifer02@example.com,CD,2022-08-25,Standard,4323.81
8619,Lisa Frost,gordonlisa@example.com,IQ,2025-09-09,Basic,4017.36
8620,Raymond Porter,kellysusan@example.org,GB,2025-01-15,Basic,2078.2
8621,Tiffany Cohen,coxdominique@example.com,ES,2021-05-29,Premium,2879.06
8622,Sherry Smith,stevenbrowning@example.net,ZW,2025-03-24,Premium,1282.01
8623,Gregory Woodard,thernandez@example.com,MW,2023-06-21,Standard,1335.28
8624,Ariana Sherman,janderson@example.org,MW,2023-04-20,Premium,3812.91
8625,Sarah Thomas,cynthiaalvarado@example.net,BS,2020-09-09,Invalid,4663.72
8626,Lori Park,annette29@example.com,KP,2022-10-11,Basic,2914.63
8627,Alyssa Chandler,kimberly63@example.net,CU,2021-08-06,Basic,4616.95
8628,Alex Valencia,vparsons@example.org,NP,2020-07-09,Basic,2535.48
8629,Ryan Grant,kenneth76@example.org,DZ,2023-04-28,Basic,116.52
8630,Jordan Silva MD,kcohen@example.net,NG,2022-12-05,Premium,1704.15
8631,David Wilcox,lori25@example.net,SG,2022-12-27,Basic,3871.46
8632,Jennifer Martin,michaelramsey@example.net,AT,2020-05-08,Standard,2882.96
8633,Rachel Walker,leah13@example.org,GH,2025-03-28,Premium,2456.99
8634,Eric Hunter,erowland@example.com,IQ,2022-02-19,Premium,631.48
8635,Amy Holloway,landerson@example.com,FM,2021-05-29,Standard,3632.32
8636,Jack White,kevin58@example.net,NO,2025-05-07,Standard,1330.72
8637,Bruce Parks,tasha11@example.com,AD,2024-06-03,Standard,2972.34
8638,Kari Estrada,michaelfowler@example.net,NA,2023-03-25,Basic,2069.57
8639,Olivia Clements,bob85@example.com,CG,2020-09-14,Basic,2869.56
8640,Nicole Medina,huffmanjames@example.com,LA,2020-07-21,Standard,570.84
8641,Brandon Rowland,dmedina@example.org,YE,2020-09-11,Standard,3160.63
8642,Brian Blankenship,danielle71@example.org,BH,2022-10-08,Premium,1691.1
8643,Veronica Lowery,hamiltonedwin@example.net,AE,2021-03-09,Standard,1848.72
8644,Ana Bell,jennifer56@example.net,BH,2022-10-31,Premium,2709.18
8645,Gina Nguyen,riverakaren@example.com,EG,2022-05-13,Standard,1215.13
8646,Anthony Johnson,gballard@example.com,FJ,2022-11-04,Basic,180.51
8647,Summer Scott,kathrynjames@example.org,AL,2025-05-06,Premium,605.64
8648,Abigail Parker,kimberly20@example.net,GB,2025-11-29,Premium,1233.39
8649,Sean Montgomery,carlroberts@example.com,FJ,2020-12-13,Premium,1104.3
8650,Jason Scott,joshua21@example.net,BJ,2024-02-18,Standard,2721.41
8651,Charles Thomas,porterterri@example.com,CN,2022-11-24,Basic,455.76
8652,Aaron Hernandez,fischerpatricia@example.net,TO,2025-06-06,Basic,4949.9
8653,Ashley Collins,charlene28@example.org,TV,2020-02-17,Basic,2262.28
8654,Charles Johnson,frusso@example.org,LA,2024-03-09,Premium,1181.59
8655,Christian Macdonald,jsmith@example.com,NI,2021-07-25,Premium,1170.51
8656,Mrs. Caroline Martinez,martinjessica@example.org,US,2022-12-09,Premium,279.42
8657,Samantha Wilkerson,oliverjoshua@example.com,VC,2025-12-15,Premium,4599.2
8658,Wendy Berry,andrea30@example.com,NE,2023-01-23,Standard,689.36
8659,Melissa Gonzalez,ramseycharlene@example.org,SE,2022-03-26,Standard,3250.79
8660,Gary Trujillo,fcruz@example.org,IQ,2024-01-16,Standard,4476.2
8661,Corey Hill,joe04@example.com,BW,2021-02-02,Premium,1769.99
8662,Dr. Adam Miller,carriekelly@example.org,JP,2021-11-05,Premium,3097.69
8663,Jeffery Wilson,millerallison@example.org,LB,2023-06-01,Premium,4046.54
8664,Maria Stuart,pmckenzie@example.org,ZW,2025-07-08,Basic,2730.77
8665,Brenda Davis,taylorthomas@example.com,SV,2022-06-01,Basic,4697.53
8666,Hunter Smith,donna31@example.org,GM,2023-08-10,Premium,316.44
8667,Kurt Lewis,mcampbell@example.net,TD,2025-02-19,Basic,1457.7
8668,Samuel Wells,jshaw@example.com,SG,2024-02-17,Premium,3320.76
8669,Sara Smith,maydylan@example.net,TM,2023-01-03,Basic,3670.46
8670,Lisa Kirk,wjackson@example.com,KI,2022-02-12,Standard,4103.62
8671,Steven Weiss,hendersonmatthew@example.com,CA,2020-11-08,Premium,3999.04
8672,Heather Clark,not-an-email,FJ,2024-09-30,Standard,590.46
8673,Sabrina Parker,tyler21@example.com,EE,2025-12-12,Basic,2956.11
8674,Sabrina Herrera,ygarcia@example.net,TH,2022-01-07,Basic,1460.58
8675,Richard Silva,annettemoore@example.net,ME,2020-03-07,Standard,3512.26
8676,Taylor Good,hjennings@example.com,NP,2025-03-17,Standard,3791.3
8677,Megan Matthews,claudia53@example.org,IN,2024-11-17,Basic,3510.1
8678,Ryan Day,devans@example.com,HU,2021-08-10,Premium,3720.61
8679,Sarah Ward,mendozaaaron@example.org,VU,2025-08-21,Basic,2901.35
8680,John Sanchez,hrobinson@example.org,TT,2022-08-31,Basic,1448.76
8681,Christina Clark,meyerheather@example.org,TL,2020-01-17,Premium,4129.34
8682,Laura Camacho,zmontgomery@example.com,WS,2023-06-29,Premium,3713.63
8683,Austin Payne,williamsdavid@example.net,AD,2024-04-13,Basic,979.02
8684,Christopher Davis,david19@example.com,MD,2025-04-30,Premium,1068.46
8685,Kelly Johnson,gibsonjessica@example.com,JP,2021-03-24,Standard,2358.19
8686,Kari Daniel,sarah68@example.net,NP,2022-03-12,Basic,2302.39
8687,John Peck,normanbrian@example.net,ET,2023-04-17,Basic,759.12
8688,Heidi Wallace,lrandolph@example.org,HU,2023-05-12,Premium,3656.14
8689,William Brown,beverly46@example.com,TZ,2023-09-26,Basic,1100.4
8690,Deanna Powers,mcaldwell@example.net,TT,2022-05-04,Basic,3807.29
8691,Kelly Perez,not-an-email,TL,2020-10-30,Standard,4190.26
8692,Diana Brown,baileykelly@example.org,AT,2022-02-17,Standard,854.25
8693,Dominique Ellison,loribarker@example.com,AE,2021-11-08,Premium,4184.74
8694,Steve Keith,andrew64@example.org,CU,2022-06-16,Premium,2421.28
8695,Jessica Freeman,jasonjames@example.org,AM,2023-06-21,Premium,939.74
8696,Kimberly Romero,thomas91@example.com,MN,2020-02-20,Premium,2711.85
8697,Ashley Rice,rickythomas@example.net,AT,2020-08-08,Basic,4230.25
8698,Julia Page,hurleytimothy@example.org,CN,2023-03-19,Standard,631.77
8699,Mrs. Angela Long,meganwong@example.org,PW,2021-08-28,Premium,1137.75
8700,Linda Dean,ashley94@example.net,BG,2020-12-04,Premium,2133.76
8701,Michelle Montgomery,paulwhite@example.net,GT,2024-10-11,Standard,1223.36
8702,Maria Cole,hunterrobert@example.com,ES,2024-07-13,Premium,1404.09
8703,Shawna White,karla70@example.org,KG,2020-03-25,Basic,3597.24
8704,Hannah Brooks,david60@example.com,US,2023-07-17,Basic,2701.24
8705,Jennifer Larson,pamelaacosta@example.net,CM,2025-04-30,Basic,4504.98
8706,Andrew Abbott,nicholas34@example.com,PA,2025-07-23,Basic,4923.6
8707,Samuel Campos,ogolden@example.org,KI,2022-10-21,Standard,871.25
8708,Barbara Johnson,angelaesparza@example.net,BI,2024-01-30,Basic,2710.95
8709,Deanna Carney,woodardjonathan@example.org,BJ,2021-10-27,Basic,1156.38
8710,Carol Reed,derrick71@example.net,CU,2022-01-05,Standard,2181.94
8711,Alicia Watson,valdezashley@example.com,PK,2024-06-28,Basic,4199.78
8712,Daniel Meyer,pattersonlauren@example.org,FJ,2020-01-10,Standard,1467.96
8713,Karen Mcdaniel DDS,jenningswendy@example.org,FJ,2023-03-06,Standard,3070.78
8714,Tracy Hansen,kellymelissa@example.org,NR,2025-08-24,Basic,4011.68
8715,Katie Garcia,johnsonjason@example.net,PW,2023-07-29,Premium,1061.72
8716,Debra Jones,michael51@example.com,GA,2025-02-18,Standard,1940.08
8717,Kathy Allen,ushelton@example.org,BB,2023-03-07,Basic,2377.86
8718,Michael Gardner,wilsonkatherine@example.org,VE,2022-03-22,Premium,4386.15
8719,Robert Hutchinson,baldwineric@example.org,KG,2023-05-08,Premium,4003.35
8720,David Byrd,rodrigueztina@example.com,ZM,2025-10-13,Premium,4514.07
8721,Suzanne Tate,jamespeterson@example.com,TV,2021-09-13,Premium,3711.32
8722,Julia Murphy,alvinpatterson@example.org,ZA,2020-04-30,Basic,4752.86
8723,Ms. Lauren Jenkins,brianwallace@example.com,EE,2022-12-13,Premium,2844.32
8724,Dawn Dean,xgregory@example.org,PW,2022-06-07,Standard,4555.73
8725,Jennifer Wilcox,randyschaefer@example.org,KN,2023-08-07,Basic,3591.0
8726,Roberto Smith,colecristina@example.net,SO,2022-06-01,Premium,358.88
8727,Amanda Walker,johnsonjason@example.com,MX,2024-01-14,Premium,2741.22
8728,Joseph Edwards,clarkmonique@example.com,GD,2020-03-26,Premium,4014.82
8729,Abigail Barnes,elee@example.com,HU,2022-08-19,Premium,4549.21
8730,Sarah Hernandez,brownemily@example.net,AT,2022-08-02,Basic,4305.69
8731,Sara Ray,elaine30@example.org,DM,2023-09-27,Basic,4433.66
8732,Mr. Joshua Bennett DVM,millerkathryn@example.org,CR,2020-01-23,Invalid,2741.11
8733,Tiffany Lang,deborah72@example.com,BS,2024-08-17,Premium,1761.65
8734,Michael Maxwell,krodriguez@example.com,ET,2025-02-19,Basic,558.33
8735,Rebecca Sandoval,james82@example.org,SL,2025-05-31,Standard,1727.17
8736,Richard Rivera,kfriedman@example.net,GH,2025-07-06,Premium,4157.74
8737,Bradley Baldwin,zoemorgan@example.org,CV,2022-04-23,Premium,2195.83
8738,Monica Herman,sherri52@example.com,MX,2021-11-11,Premium,784.59
8739,Michael Burton,,QA,2023-01-31,Premium,3524.0
8740,Kathy Burton,bradleyreed@example.org,GY,2024-09-14,Premium,2637.98
8741,Sarah Chaney,christinathompson@example.org,MZ,2022-10-22,Basic,2267.5
8742,Mark Oliver,brownrobert@example.com,BO,2025-07-25,Standard,3632.51
8743,Sean Johnson,crystalatkins@example.net,BI,2024-07-24,Basic,492.77
8744,Nicole Kelly,kristi72@example.org,SL,2021-01-04,Standard,2358.41
8745,Scott Mitchell,kathleenortiz@example.net,AL,2022-10-06,Basic,1453.93
8746,William Hart,nathanielknapp@example.com,MA,2024-03-19,Standard,246.8
8747,Cindy Horton,lindsayrodriguez@example.org,LB,2023-12-16,Premium,3922.23
8748,Larry Anderson,brownjoseph@example.org,LV,2024-07-01,Basic,3485.33
8749,Carla Wilson,nunezmaria@example.net,RU,2023-09-22,Basic,248.7
8750,Michael Cervantes,ashley43@example.com,AL,2024-06-18,Standard,908.13
8751,Robert Wise,gfrederick@example.net,KP,2022-01-30,Basic,4059.06
8752,Mary Gibson,lisa52@example.org,KW,2025-02-18,Basic,497.21
8753,Julie Aguilar,michael55@example.org,IT,2022-03-22,Basic,1033.07
8754,John Cline,kevin99@example.org,EC,2020-05-30,Premium,2251.0
8755,Christie Ortiz,candicemoore@example.net,KE,2023-09-14,Basic,3272.98
8756,Robert Moran,shawn63@example.com,SI,2023-04-28,Premium,3958.58
8757,Samantha Guerrero,mooregabriella@example.org,UZ,2024-06-17,Basic,4846.35
8758,Christopher Hardin,krowe@example.net,MY,2024-05-09,Premium,3624.2
8759,Breanna Hunt,adamsrobert@example.org,TN,2022-04-09,Standard,1632.94
8760,Colleen Campbell MD,margaretrobbins@example.org,CD,2023-10-31,Basic,664.27
8761,Patrick Hogan,dillonmeza@example.org,US,2024-09-12,Basic,3263.47
8762,Edwin Russell,eschmidt@example.org,IS,2023-03-25,Standard,1377.94
8763,Henry Allen,whitepaula@example.org,US,2024-05-29,Premium,2774.3
8764,Thomas Sandoval,ujohnson@example.com,TO,2020-02-01,Premium,3041.71
8765,Jennifer Orozco,holly44@example.net,GB,2020-05-01,Basic,2746.07
8766,Nicole Green,deborahbaldwin@example.org,NG,2025-05-08,Standard,2506.58
8767,Mandy Bean,cynthiajohnson@example.org,NE,2022-08-28,Premium,837.83
8768,Ann Morgan,qgarcia@example.org,GD,2024-08-23,Standard,2556.94
8769,Jeffrey Wolf,kperez@example.net,TT,2024-12-25,Premium,1639.16
8770,Amanda Jones,jessica97@example.net,BD,2020-11-28,Standard,297.88
8771,Gina Snyder,markbrown@example.com,CG,2024-03-05,Standard,2389.83
8772,Lance Moore,cglass@example.org,NG,2022-08-02,Premium,3036.14
8773,Victoria Ali,rogerscheryl@example.org,KZ,2023-12-13,Premium,3343.98
8774,Tamara Zimmerman,smarquez@example.net,YE,2025-06-19,Premium,1951.69
8775,Travis Griffin,harriscrystal@example.org,GY,2025-08-24,Basic,1773.3
8776,Hunter Davidson,parsonsjacqueline@example.net,BZ,2025-04-16,Standard,3647.11
8777,Alexander Richards,justin57@example.org,SO,2025-01-13,Standard,2697.17
8778,Antonio Heath,grahamrachel@example.net,BZ,2020-05-23,Standard,1950.83
8779,Tammy Ashley,robertjones@example.com,SB,2024-12-20,Premium,1255.43
8780,Shelby Gray,lopezjasmine@example.net,CM,2020-03-03,Premium,4008.73
8781,Brian Olson,raymondpena@example.net,BA,2025-01-30,Basic,1216.44
8782,Andrea Floyd,wayneroberts@example.com,HR,2022-12-19,Standard,1910.87
8783,Rebecca Jones,nathan56@example.com,MT,2024-02-20,Premium,1894.43
8784,Lisa Dunlap,rachel41@example.org,NO,2024-03-22,Premium,3947.19
8785,Linda Davis DVM,keithrichmond@example.com,CY,2023-12-29,Standard,3675.04
8786,Tyrone Petty,lstanley@example.com,TN,2024-08-08,Basic,3600.01
8787,Jose Gilbert,williamstanner@example.org,SC,2025-09-03,Basic,2401.87
8788,Roberto Smith,hinestyler@example.net,BA,2024-10-31,Standard,1118.79
8789,Donna Cunningham,jwilliams@example.org,KP,2022-07-18,Standard,3050.3
8790,Shawn Jones,todd70@example.org,SO,2020-07-27,Basic,2835.49
8791,Mary Romero,gordonkaren@example.com,MT,2021-05-02,Basic,1839.88
8792,Lisa Knapp,angelpugh@example.org,CZ,2020-01-30,Premium,3884.6
8793,Betty Hudson,debranelson@example.org,MR,2024-09-25,Basic,4770.22
8794,Craig Castro,todd78@example.org,CO,2022-09-15,Basic,1005.36
8795,Susan Joseph,traci73@example.com,BS,2024-10-10,Premium,397.49
8796,Vicki James,chamilton@example.net,NZ,2021-12-06,Premium,4647.88
8797,Mr. Daniel Simon,jmay@example.org,IN,2022-06-17,Standard,1338.79
8798,Jesus Rodriguez,mary98@example.org,AR,2023-02-28,Basic,708.9
8799,Brittany Davidson,zfields@example.org,NZ,2021-11-18,Basic,4584.65
8800,Patrick Brown,mcopeland@example.net,ZM,2025-09-25,Basic,124.36
8801,Nicole Mendez,victorchurch@example.net,LK,2020-12-05,Invalid,3693.1
8802,Gary Bowen,oholloway@example.com,LB,2025-07-08,Basic,969.48
8803,Michael Horton,ureed@example.net,BY,2020-09-11,Standard,2542.39
8804,Phillip Martin,christinagonzalez@example.com,SE,2021-04-19,Premium,2626.75
8805,Michelle Gilbert,vmathis@example.org,AU,2023-04-15,Standard,3619.09
8806,Joshua Barron,normanbyrd@example.net,US,2024-05-01,Premium,2688.77
8807,Jonathan Brooks,wesley94@example.org,VA,2020-06-16,Premium,2058.57
8808,Sydney Henson,caitlinmiller@example.com,SN,2021-10-16,Premium,858.82
8809,Stacy Barnes,jonathan80@example.net,ZM,2020-01-14,Premium,793.35
8810,Jessica Johnson,bairdrobert@example.org,CY,2022-07-25,Standard,3133.47
8811,Dale Griffin,allenkyle@example.com,EG,2021-02-08,Standard,3657.35
8812,Leslie Underwood,lstephens@example.org,VC,2025-02-11,Basic,2899.96
8813,Tina Moreno,katiecabrera@example.org,IL,2021-01-11,Basic,3368.2
8814,Thomas Johnston,randyrusso@example.org,MZ,2021-06-20,Standard,2097.44
8815,Steven Lang,john04@example.net,GR,2021-02-26,Premium,201.48
8816,Frank Davis,jacksonchelsea@example.com,PE,2020-02-20,Standard,3806.75
8817,Karen Harper,orodriguez@example.com,TM,2022-03-26,Premium,1904.46
8818,Katie Ramirez,ssummers@example.org,PY,2021-12-05,Basic,4240.69
8819,Rodney Thomas,lynchcarolyn@example.com,DO,2020-11-24,Standard,1147.98
8820,Roger Warner,lisayoung@example.org,NO,2024-09-24,Standard,4807.79
8821,Lisa Lara,ewise@example.org,MK,2022-03-08,Standard,502.62
8822,Abigail Kerr,samanthawallace@example.com,BZ,2022-01-21,Premium,4127.98
8823,Melvin Johnson,amandaarnold@example.net,LV,2023-12-14,Standard,4732.72
8824,Matthew Nelson,jeffreydominguez@example.org,TM,2024-02-22,Basic,2010.42
8825,David Turner,devon56@example.com,AO,2023-01-23,Standard,4736.09
8826,Mark Sanders,rhondahumphrey@example.org,BE,2024-06-13,Standard,3812.52
8827,Theresa Pratt,cookgabriella@example.com,LR,2023-01-24,Premium,1014.29
8828,Michele Whitehead,mjackson@example.net,EE,2020-01-07,Premium,3633.51
8829,Adam Sanchez,mflores@example.org,CO,2025-03-10,Standard,1765.66
8830,Kelly Baker,armstrongchristopher@example.com,KE,2021-03-04,Basic,1016.08
8831,Peter Irwin,adamslisa@example.com,LU,2021-08-28,Premium,4800.17
8832,Dr. John West DDS,rachelcastaneda@example.org,KN,2025-12-24,Basic,213.99
8833,Amanda Carney,elizabethwalker@example.net,AZ,2020-07-11,Premium,2402.18
8834,Thomas Miranda,mflowers@example.org,HT,2022-09-30,Standard,2114.84
8835,Mary Cook DVM,nicole67@example.org,SZ,2025-07-14,Standard,4329.11
8836,Anthony Frey,umcdonald@example.net,VC,2021-02-19,Basic,2920.98
8837,Lorraine Rivers,syoung@example.com,AR,2024-03-17,Basic,2575.56
8838,Thomas Johnson,mercadoheather@example.org,US,2022-03-17,Premium,3882.98
8839,Richard Dixon,randyboyd@example.org,LS,2020-10-26,Basic,633.93
8840,Anthony Hernandez,diana52@example.com,PH,2024-08-14,Premium,2824.84
8841,Michael Rosales,victoria32@example.org,DK,2025-06-24,Basic,2641.86
8842,Christopher Jones,alanchambers@example.org,ER,2023-04-21,Standard,1724.6
8843,Eric Roberts,smithmichael@example.com,JO,2020-10-02,Premium,2381.85
8844,Cathy Jackson,vincentsnyder@example.com,EE,2021-08-24,Basic,401.5
8845,Dennis West,bakersamantha@example.net,IN,2021-08-27,Basic,1765.65
8846,Katherine Reyes,danameyers@example.com,GD,2021-09-20,Standard,3465.45
8847,Rebecca Roberts,julieyu@example.com,TR,2022-03-16,Premium,4966.32
8848,Juan Hamilton,stephanie30@example.org,SD,2022-04-28,Standard,1270.2
8849,Ruth Davis,vthomas@example.net,KH,2024-10-20,Premium,1123.79
8850,Pamela Wagner,julie46@example.net,JO,2020-08-28,Standard,1052.21
8851,Jennifer Graves,richard60@example.org,TL,2023-06-26,Basic,1362.81
8852,Charles Lloyd,christopher30@example.net,NE,2020-03-02,Standard,4429.05
8853,Julia Perez,makayla94@example.net,KG,2020-09-02,Premium,2034.13
8854,Melissa Martin,emma95@example.org,OM,2020-06-12,Premium,4052.85
8855,Shawn Bell,christopher87@example.com,IR,2025-08-09,Premium,541.28
8856,Adam Taylor,carlos85@example.net,TJ,2023-07-30,Basic,3039.29
8857,Kayla Jones,michael89@example.org,KR,2023-08-02,Basic,2385.61
8858,Jessica Jacobs,shepherdsteven@example.net,TW,2023-07-28,Premium,2767.45
8859,Nicholas Powers,kpineda@example.org,SL,2025-08-25,Basic,4880.39
8860,Brittney Fuentes,eugeneberry@example.net,UY,2023-12-25,Premium,3007.26
8861,Carlos Cameron,rebecca78@example.com,PK,2024-08-30,Basic,3426.04
8862,Richard Wood,stewartjacob@example.net,KG,2021-12-04,Standard,1162.23
8863,John Vargas,linda20@example.com,GA,2023-09-07,Standard,3255.74
8864,Dylan Wall,kaitlynsnyder@example.net,US,2020-03-15,Premium,292.13
8865,Melissa White,peter85@example.net,LV,2023-11-02,Standard,4288.59
8866,Jacqueline Barrett,theodore99@example.com,ML,2022-09-29,Basic,476.52
8867,Victoria Montoya,patelkaylee@example.net,TL,2024-04-07,Premium,4598.84
8868,Gregory Mason,robert52@example.net,BR,2020-08-22,Basic,3830.63
8869,Wanda Ward,diazrachel@example.org,PA,2024-03-19,Standard,3816.15
8870,Meghan Smith,john26@example.org,CV,2022-04-24,Standard,4957.97
8871,Michael Davis,karengordon@example.net,MV,2024-07-03,Premium,2362.39
8872,David Owen,ucastro@example.com,SR,2020-12-03,Basic,4306.05
8873,Austin Raymond,don23@example.com,RS,2022-03-07,Basic,3629.4
8874,Eric Horton,watsonjennifer@example.org,BF,2021-11-25,Basic,4469.94
8875,Jessica Johnson,hernandezdaniel@example.org,BF,2024-12-11,Premium,4566.4
8876,Isaiah Bender,sbarker@example.net,TD,2021-07-16,Premium,4119.71
8877,Christopher Williams,stephaniejohnson@example.org,VE,2022-05-10,Premium,2971.84
8878,Christopher Miller,zacharyneal@example.com,BB,2023-04-02,Standard,3915.3
8879,Bryan Brooks,katrinacarpenter@example.com,AF,2020-10-07,Premium,2793.73
8880,Brian Glenn,kimberlysparks@example.org,BE,2021-07-04,Basic,2666.96
8881,Veronica Bass,matthewgreen@example.org,CH,2023-02-03,Premium,1297.49
8882,Steven Blevins,wisejessica@example.net,BA,2024-06-02,Standard,1735.87
8883,Destiny Stewart,stapia@example.net,KG,2024-09-05,Basic,3543.91
8884,Tamara Oliver,qlyons@example.net,TT,2022-08-27,Standard,3673.38
8885,Matthew Vazquez,jenkinselizabeth@example.com,MU,2023-10-18,Basic,686.53
8886,Cathy Jordan,palmerderek@example.com,SC,2022-05-11,Basic,4548.89
8887,Julia Daniels,kellystone@example.com,SD,2024-12-04,Premium,4423.18
8888,Jeffrey White,cwalker@example.com,KE,2025-01-22,Basic,1147.14
8889,Erin Evans,vanessa16@example.net,FJ,2024-02-25,Standard,3087.74
8890,Derek Wilson,tanner38@example.org,ET,2024-08-19,Standard,756.24
8891,Gabriel Evans,jacksonsonia@example.org,EC,2020-12-10,Premium,473.63
8892,Aaron Meyers,allison20@example.net,AE,2021-07-01,Basic,447.47
8893,Maria Banks,rfitzpatrick@example.com,BY,2022-11-09,Premium,4367.12
8894,Matthew Perry,kurtshannon@example.com,CO,2024-01-26,Basic,3882.15
8895,Tyler Franklin,miranda03@example.net,LA,2025-04-23,Standard,633.4
8896,Brian Harmon,juliafitzgerald@example.com,SG,2020-07-28,Standard,1206.64
8897,Robin Morris,chrismiller@example.com,WS,2022-01-11,Standard,2696.45
8898,Christopher Rodriguez,floresanna@example.org,UY,2023-04-22,Standard,4206.52
8899,James Solis,bennettelizabeth@example.org,DM,2020-02-16,Basic,782.54
8900,Cody Hurley,hoganwilliam@example.org,IS,2024-06-25,Standard,1054.06
8901,Jimmy Anderson,andersonlisa@example.net,ST,2020-01-03,Basic,872.62
8902,Amy Jordan,boyerjoseph@example.net,ZW,2025-08-03,Premium,3072.18
8903,Dana Kemp,tonya11@example.net,RO,2020-11-19,Basic,824.62
8904,Zachary Obrien,lauramarshall@example.com,BJ,2020-11-08,Premium,2311.33
8905,Dr. Ashley Vargas,zholland@example.com,YE,2021-02-19,Standard,1754.7
8906,Kristopher Jones,ipierce@example.net,LV,2022-03-01,Premium,551.9
8907,David Martinez DDS,nathanrodriguez@example.com,IQ,2025-06-19,Premium,3507.54
8908,Daniel Hall,susanbrown@example.com,MN,2020-03-03,Basic,1540.35
8909,Tracy Ramirez,christinapratt@example.com,AO,2024-04-12,Basic,2726.91
8910,Karen Henson,wyattjonathon@example.com,GN,2024-05-24,Basic,309.98
8911,Alexander Anderson,lstein@example.org,ZM,2025-08-29,Standard,3189.34
8912,Judith Robertson,ibarber@example.com,SE,2025-02-15,Standard,1264.48
8913,Gina Williams,christianjackson@example.org,MR,2025-09-16,Standard,2200.48
8914,Nicole Hall,omoore@example.net,MT,2025-03-22,Basic,327.16
8915,Christine Thomas,briannagonzalez@example.org,BN,2022-12-10,Basic,570.33
8916,Charlotte Lewis,sharonmorgan@example.net,HR,2022-01-18,Basic,731.05
8917,Heather Davis,bobby79@example.com,CN,2024-02-11,Premium,4700.34
8918,Amber Grant,grantwilliam@example.org,SI,2020-12-25,Premium,4386.66
8919,Andrew Williams,garciavictoria@example.org,AU,2023-08-07,Premium,2649.26
8920,James Lee,zhill@example.org,DO,2021-05-22,Premium,1870.48
8921,Joanna Moody,schaefercarrie@example.net,JO,2022-05-30,Standard,4434.24
8922,Jessica Gray,fowlerdaniel@example.org,GM,2025-01-09,Premium,4109.04
8923,Jessica Simon,nelsonmercedes@example.org,AF,2020-06-22,Premium,1992.79
8924,Angela Munoz,brenda35@example.net,MD,2022-12-18,Basic,2332.58
8925,Christopher Pitts,tylermelissa@example.net,GB,2024-04-22,Standard,4707.52
8926,Amanda Morris,rodriguezsandra@example.com,GN,2023-05-26,Premium,589.73
8927,Austin Rich,wjohnson@example.org,CU,2020-01-09,Premium,3861.21
8928,Erik Landry,michaelshelton@example.com,KZ,2024-02-12,Standard,4497.72
8929,Jessica Caldwell,ibailey@example.com,UZ,2025-04-14,Standard,355.06
8930,Cassie Mcguire,isaiah91@example.com,SI,2020-07-29,Standard,2594.47
8931,Ashley Gilbert,ymorris@example.net,LU,2022-01-02,Premium,2237.58
8932,Daniel Montgomery,deborahmiller@example.com,CL,2021-07-11,Premium,2478.39
8933,Tasha Thomas,nicholasgentry@example.org,BI,2025-10-28,Standard,2179.92
8934,Alicia Martinez,susanthomas@example.org,RU,2024-12-14,Basic,3256.34
8935,Timothy Madden,tanyadavis@example.com,RU,2020-09-01,Premium,3143.78
8936,Omar Cameron,john02@example.com,LC,2020-05-04,Basic,4173.82
8937,Mary Duncan,joshuahebert@example.org,IT,2022-05-07,Standard,3773.35
8938,Joseph Anderson,valeriewilliams@example.com,IQ,2025-10-15,Premium,667.56
8939,Rebecca Carter,ajacobs@example.com,MX,2020-06-27,Standard,4492.17
8940,Nathan Dawson,harrismichael@example.org,BS,2021-10-10,Premium,3989.68
8941,Denise Shannon,alexander55@example.org,NZ,2025-04-13,Standard,3923.19
8942,Nicole Mcdonald,chloesullivan@example.net,NL,2025-07-10,Standard,1562.36
8943,Diana Clayton,murraykyle@example.com,SY,2023-07-13,Standard,4327.89
8944,Kathy Brown,jessica20@example.com,LU,2022-09-16,Basic,3709.62
8945,Mark Lindsey,amanda37@example.org,LB,2022-11-01,Basic,768.83
8946,John Lee,tuckeryolanda@example.net,CA,2021-04-05,Premium,1138.61
8947,Judy Perez,davidweaver@example.com,CZ,2025-11-11,Basic,1934.08
8948,Jordan Dudley,mstewart@example.net,CA,2022-02-04,Basic,708.27
8949,Yolanda Mathis,qvaldez@example.com,ES,2022-11-15,Premium,3368.43
8950,Ryan Lawson,riverajessica@example.com,IS,2022-01-11,Standard,3486.43
8951,Lucas Wilson,karla82@example.org,IS,2025-12-10,Premium,3067.84
8952,Amy Kim,jkaiser@example.org,GQ,2020-10-28,Premium,2586.26
8953,Donald White,walkerdawn@example.net,TH,2021-12-14,Basic,2946.13
8954,Melissa Keller,urobinson@example.net,TJ,2022-07-07,Premium,4036.1
8955,Mrs. Laura Erickson,mistyharper@example.com,MK,2023-10-23,Standard,2913.03
8956,Tonya Sanchez,john80@example.org,UG,2023-04-12,Premium,3601.8
8957,Douglas Jones,svargas@example.org,RW,2021-07-15,Standard,4960.28
8958,Sabrina Richards,brian36@example.org,GY,2020-06-11,Basic,4055.89
8959,Robert Peters,sperez@example.net,AM,2022-08-02,Standard,3805.47
8960,Shannon Hudson,robert21@example.com,RO,2022-04-16,Basic,2906.66
8961,Logan James,rnguyen@example.com,JM,2025-04-11,Basic,2161.62
8962,Susan Cunningham,nparks@example.org,LK,2021-04-15,Basic,2906.3
8963,Aaron Sanders,xbrown@example.net,ML,2022-08-24,Standard,4360.94
8964,Thomas Navarro,lisawashington@example.org,AO,2024-02-02,Basic,1552.42
8965,Derek Johnson,harveychristian@example.com,SZ,2021-12-24,Basic,3244.57
8966,Jeffrey Perez,wendy91@example.net,TD,2025-12-09,Basic,3755.49
8967,Michael Sweeney,jessica91@example.com,KW,2020-02-20,Basic,3423.57
8968,John Lee,jessebarker@example.com,AD,2024-10-03,Standard,539.31
8969,Rodney Lee,pjefferson@example.org,PY,2025-01-12,Basic,1548.18
8970,Benjamin Aguirre,edwardwagner@example.net,ZA,2022-10-27,Basic,3939.3
8971,Emily Simmons,qbailey@example.org,NA,2022-12-16,Basic,1982.08
8972,Kyle Crawford,igross@example.com,KI,2021-08-05,Basic,1316.18
8973,Ann Morrow,perryjoseph@example.net,MC,2020-10-12,Standard,2870.17
8974,Carolyn Francis,samanthaosborne@example.net,TV,2021-12-30,Standard,204.24
8975,Dr. Tiffany Williams,michellediaz@example.net,GQ,2021-10-05,Basic,4447.96
8976,Lawrence Hill,janet14@example.org,AG,2024-11-15,Basic,3132.04
8977,Morgan Buckley,nicholasvega@example.com,VN,2020-06-21,Premium,4771.11
8978,Curtis Lee,mollybryan@example.com,NO,2024-09-17,Premium,630.94
8979,Tyler Mathews,banksjames@example.com,VC,2025-10-22,Premium,1542.72
8980,Kathleen Walker,hamptonjacob@example.net,LS,2020-01-10,Premium,3903.72
8981,Kathleen Simpson,phillipscourtney@example.com,NL,2024-12-16,Standard,2080.64
8982,Travis Patel,gwright@example.com,AT,2022-12-20,Basic,4807.08
8983,Brandon Mclean,brandon47@example.net,TJ,2025-07-19,Premium,2098.31
8984,James Fisher,nicholefuller@example.org,PS,2020-11-03,Basic,212.51
8985,Joseph Peters,wdennis@example.org,PA,2025-11-08,Basic,2417.59
8986,Victor Gray,cpatrick@example.net,SL,2023-10-31,Standard,3237.17
8987,Earl Miller,eortega@example.net,ET,2022-09-02,Standard,3842.58
8988,Karen Rocha,mmatthews@example.org,SZ,2025-09-15,Premium,3245.49
8989,Victor Maxwell,elizabeth65@example.net,NP,2020-01-24,Premium,3771.46
8990,Katherine Ramirez,joseph22@example.org,GH,2024-06-18,Standard,2852.13
8991,Willie Lyons,james47@example.org,TV,2025-02-27,Basic,1217.74
8992,Mary Moore,hancockdavid@example.net,TT,2024-01-22,Basic,1179.95
8993,Angela Owen,mcmahonalexandra@example.com,ST,2022-03-01,Basic,3346.46
8994,Jorge Reynolds,mcleanbrittany@example.org,ME,2024-05-30,Standard,3285.93
8995,Karen Evans,jasonblake@example.com,LU,2021-02-06,Basic,778.76
8996,Sandra Matthews,james89@example.com,HU,2023-03-25,Basic,3809.36
8997,Jason Mckinney,cvalencia@example.com,KR,2023-11-02,Standard,4157.27
8998,Tristan Duncan,walkerhayley@example.net,GQ,2024-02-11,Standard,4804.1
8999,Kyle Castillo,ruizjeffrey@example.net,SC,2025-01-14,Basic,677.25
9000,Matthew Mendoza,erik24@example.com,AT,2020-03-05,Premium,4521.02
9001,Cheryl Watson,jimenezsteven@example.org,TG,2025-01-14,Basic,3089.03
9002,Timothy Brandt,wallacejesse@example.net,BJ,2023-01-21,Standard,246.71
9003,Maria Fischer,smithkathryn@example.net,LT,2021-03-23,Premium,2090.53
9004,Tammy Boyd,wking@example.org,GM,2023-08-24,Standard,2768.05
9005,Allen Ellis,qharris@example.com,CG,2021-03-21,Premium,2227.31
9006,Christopher Hughes,roger20@example.net,IR,2025-10-16,Standard,558.14
9007,Michele Long,hernandezwilliam@example.org,TM,2025-12-29,Basic,1973.93
9008,Cheryl Harrison,susanjones@example.org,ZM,2023-01-04,Standard,1789.12
9009,William Cooper,warnerlawrence@example.org,AU,2025-07-09,Basic,456.74
9010,Karen Mcmillan,greenjasmine@example.com,SO,2025-10-27,Premium,173.17
9011,Randall Kent,not-an-email,LS,2020-08-02,Standard,4062.84
9012,Steve Peters,gregorymclean@example.com,ME,2020-03-29,Premium,3392.86
9013,William Fuller,fwilkerson@example.com,NE,2023-11-13,Basic,4423.21
9014,Yolanda Smith,mortonmichael@example.com,MA,2025-09-15,Premium,4055.44
9015,Curtis Taylor,nicholsmelanie@example.org,GD,2022-07-06,Standard,2900.38
9016,James Sandoval,not-an-email,US,2020-10-23,Premium,1334.46
9017,Dr. Johnathan Johnson MD,christinereilly@example.org,EG,2023-09-29,Premium,3908.37
9018,Tyler Smith,hensleymichael@example.org,FJ,2023-02-27,Standard,2753.19
9019,Elizabeth Martinez,knightdavid@example.org,LS,2021-08-12,Premium,2979.29
9020,Jesse Davis,brad41@example.net,PH,2022-09-07,Standard,4263.84
9021,Alexander Foster,hwinters@example.com,TT,2024-03-04,Standard,3167.6
9022,Amanda Harris,kimberly57@example.net,WS,2024-03-31,Premium,4287.72
9023,Mary Rosario,hbyrd@example.net,JM,2025-07-07,Premium,2444.24
9024,Brian Bishop,christinamccormick@example.org,EE,2020-09-20,Premium,104.79
9025,Nicole Maxwell,colonblake@example.com,AT,2024-05-21,Basic,4275.82
9026,Brian Guerra,iclark@example.net,LR,2025-06-28,Standard,3041.92
9027,Amy Brown,qrowe@example.net,GQ,2022-07-31,Standard,406.76
9028,Donald Smith,travis26@example.net,MY,2021-02-10,Premium,672.24
9029,Christian Kelly,nhernandez@example.com,AR,2021-03-10,Standard,2569.11
9030,Derrick Moore,terri83@example.org,LA,2023-06-24,Premium,497.95
9031,Kyle Wolf,weberjacob@example.org,SA,2024-07-29,Premium,4090.14
9032,Morgan Larson,sbailey@example.com,HT,2022-10-09,Standard,4135.45
9033,Yolanda Thomas,margaretturner@example.net,MN,2024-10-10,Premium,334.79
9034,Tamara Taylor,stephen99@example.net,TG,2024-11-05,Premium,1938.44
9035,Lindsey Woods,curtis08@example.net,NL,2022-03-31,Premium,3099.13
9036,Christopher Terry,gina18@example.net,MN,2022-08-16,Standard,492.51
9037,Rodney Ramirez,joshuajackson@example.net,SZ,2023-12-02,Basic,3072.02
9038,Jason Martinez,brownjennifer@example.com,UG,2022-03-12,Basic,1674.82
9039,Natasha Campbell,robinbrady@example.com,CA,2024-04-19,Standard,2098.18
9040,Jason Kent,nicholaswilson@example.com,NG,2021-06-22,Premium,4328.2
9041,Michael Russell,perezrichard@example.org,VU,2021-12-08,Basic,1059.91
9042,Lisa Morton,caleb65@example.com,AF,2022-12-15,Basic,4752.18
9043,Linda Perkins,aaronlee@example.com,SG,2022-11-25,Basic,2114.56
9044,John Thompson,thammond@example.net,PY,2023-12-02,Premium,346.47
9045,Taylor Hinton,dbutler@example.org,PY,2020-03-01,Standard,1180.5
9046,Daniel Munoz,lewisteresa@example.org,ZW,2021-04-20,Standard,1423.6
9047,Hayden Robinson,dustinwillis@example.org,ST,2025-11-06,Standard,2259.18
9048,Rachael Sanchez,eclayton@example.com,DK,2022-12-07,Basic,-25.0
9049,Amber White,rangelfelicia@example.org,NA,2020-04-13,Premium,385.09
9050,Veronica Bryant DVM,jonathangreene@example.org,FJ,2023-11-11,Standard,4438.63
9051,Mark Copeland,felicia74@example.org,MR,2023-10-18,Basic,2075.77
9052,Daniel Archer,tbrooks@example.net,SI,2020-11-09,Standard,3389.83
9053,Rebecca Miller,ptorres@example.net,GY,2025-10-29,Basic,772.25
9054,Lori Freeman,rebeccacampbell@example.net,SM,2024-06-02,Premium,2821.78
9055,Julie Gomez,wendychandler@example.com,LA,2022-02-12,Premium,3754.73
9056,Isabella Myers,vanessa23@example.org,SI,2024-04-22,Standard,3652.44
9057,Erica Barnes,camachojane@example.org,NI,2025-12-07,Standard,4621.86
9058,Ashley Cervantes,brookelozano@example.com,AU,2023-04-03,Premium,4911.71
9059,Cheryl Murphy,porterbrandon@example.com,PT,2021-06-07,Basic,3526.47
9060,Christopher Diaz,,AL,2020-07-08,Basic,427.29
9061,Katie Lee,cherylyoder@example.org,CG,2023-01-12,Standard,211.4
9062,Sierra White,tobrien@example.com,BH,2024-12-28,Basic,3405.7
9063,Brenda Young,carrie86@example.com,KN,2022-03-15,Standard,429.07
9064,Kimberly Quinn,emilykelley@example.net,EG,2023-09-24,Premium,1072.35
9065,Rebecca Odonnell,sloanconnie@example.com,GW,2021-08-10,Standard,1237.35
9066,Dr. David Reed,shawn51@example.org,VC,2024-12-18,Premium,4775.55
9067,Hannah Harris,hmay@example.com,SK,2024-05-29,Standard,1853.61
9068,Brianna Green,larsenheather@example.org,AM,2020-11-09,Premium,1092.83
9069,Matthew Miller,robert39@example.org,SK,2023-12-15,Standard,632.7
9070,Kaitlyn Haynes,pnixon@example.com,JO,2024-06-10,Basic,4643.12
9071,Brianna Ray,jacobwade@example.com,KR,2023-09-21,Standard,152.14
9072,Joshua Sanchez,collinskathryn@example.net,SR,2020-12-21,Premium,3422.36
9073,Debra Russell,natalietaylor@example.net,GH,2020-04-25,Premium,3054.34
9074,Yvette Joseph,catherine82@example.org,IR,2022-08-05,Premium,1961.16
9075,Christopher Cain,mdavis@example.net,BR,2023-07-14,Premium,3776.65
9076,Michael Briggs,javierrobertson@example.com,GD,2022-09-20,Premium,4143.32
9077,Amanda Miller,andrea99@example.net,CG,2020-05-27,Basic,1657.0
9078,Renee Clarke,katherine24@example.net,HR,2020-08-23,Standard,-25.0
9079,Nancy Martinez,michelle66@example.org,TM,2021-08-17,Basic,4884.52
9080,Jordan Rogers,erica19@example.org,BW,2020-02-05,Standard,694.19
9081,Elizabeth Welch DDS,kaitlin12@example.com,CU,2024-09-07,Premium,2292.7
9082,Brian Moyer,jgomez@example.net,TH,2025-10-02,Basic,2771.43
9083,David Jones,michael98@example.net,MH,2025-04-24,Standard,1396.53
9084,Heather Wells,jwade@example.org,DO,2022-06-24,Premium,3657.33
9085,Kelsey Hughes,jamiewallace@example.com,KW,2020-06-07,Premium,4336.33
9086,Christina Jackson,brownleonard@example.com,MN,2025-05-23,Standard,334.15
9087,Amy Jones,scottrobinson@example.com,BF,2022-02-20,Standard,1540.68
9088,Brett Taylor,jeffreyhuff@example.org,CZ,2021-02-14,Premium,4868.08
9089,Christina Carter,christybrown@example.com,CL,2021-07-14,Premium,2212.68
9090,Nicholas Johnson,jason00@example.com,DE,2021-01-16,Standard,4975.15
9091,Samuel Bowman,joseph44@example.org,LU,2021-05-07,Premium,2313.52
9092,Jo Campbell,vbrown@example.com,SM,2020-08-10,Basic,1325.62
9093,Patrick Cline,lisabanks@example.com,KP,2020-01-27,Premium,2051.96
9094,Kenneth Hudson,lauragonzalez@example.net,CU,2023-09-11,Basic,630.58
9095,Terry Jackson,kimberlylewis@example.org,BE,2025-05-04,Premium,4534.71
9096,Brian Arroyo,ojackson@example.com,MG,2020-07-03,Basic,3975.59
9097,Jose Ellis,fmartinez@example.org,GR,2025-12-18,Basic,2615.61
9098,Tracy Tucker,parkerian@example.org,RU,2023-12-07,Premium,468.37
9099,Alexandra Atkinson,conleyhaley@example.net,TL,2021-07-27,Premium,3231.41
9100,Tina Frey,nicole36@example.net,GR,2020-12-24,Standard,4481.9
9101,Rebecca Ford,stephenwilliams@example.org,TH,2020-06-23,Basic,2727.6
9102,Jeremy Rios,nsmith@example.org,ET,2024-04-13,Premium,601.46
9103,Alyssa Lee,bowerssamuel@example.org,CR,2024-11-18,Premium,1379.38
9104,Jim Rivera,smithjohn@example.org,CA,2021-04-28,Standard,940.94
9105,Cassandra Herring,khoward@example.org,CG,2022-08-09,Basic,1766.67
9106,Jennifer Navarro,omiller@example.com,BS,2025-09-18,Standard,3943.53
9107,Brett Buchanan,zblake@example.org,MT,2023-02-12,Basic,3071.82
9108,Wendy Hogan,richardelizabeth@example.org,SI,2021-01-31,Premium,3813.6
9109,Robert James,emarshall@example.org,TT,2021-08-15,Premium,4386.19
9110,Dana Gonzalez,alexschaefer@example.net,MY,2025-02-26,Basic,1290.84
9111,John Miller,russell28@example.com,TM,2025-12-17,Premium,4255.57
9112,Jared Austin,amy20@example.net,BW,2023-12-17,Premium,2763.21
9113,Robert Patterson,inorton@example.org,ZW,2020-02-06,Standard,2101.28
9114,Crystal Burns,oosborne@example.net,CH,2023-04-03,Standard,1221.65
9115,Stacy Savage,richardkennedy@example.net,SI,2021-03-23,Standard,4802.86
9116,Gerald Mcclure,dianadiaz@example.com,KR,2022-01-07,Premium,2514.85
9117,Julie Oneill,johnathangarcia@example.com,CY,2021-05-19,Basic,2984.2
9118,Ms. Mckenzie Mccormick,armstrongrobert@example.net,LC,2023-07-24,Basic,3219.59
9119,Anne Mckee,bdiaz@example.com,SC,2022-07-05,Standard,3435.65
9120,Amanda Crawford,mkeller@example.net,JM,2023-03-28,Premium,2322.51
9121,Kayla Sanders,emily90@example.org,BO,2020-11-29,Basic,399.34
9122,Stephen Velez,garciacody@example.net,CR,2025-11-30,Standard,1256.15
9123,Donna Goodman,brianarmstrong@example.org,TO,2025-05-17,Standard,2639.56
9124,Kenneth Park,ccurry@example.org,GT,2024-10-06,Premium,4314.5
9125,Benjamin Hernandez,marydillon@example.org,NG,2024-10-18,Premium,1888.92
9126,Kim Cabrera,bradychristopher@example.com,GA,2024-03-10,Premium,1942.97
9127,Robert Rowland,charlenetorres@example.net,CU,2023-06-05,Premium,513.33
9128,Andrea Delacruz,desireeharris@example.com,CZ,2024-05-27,Premium,984.2
9129,Frances Herring,madisonwalker@example.com,MV,2021-01-06,Basic,1811.59
9130,Dominique Dunn,sgraves@example.com,ML,2022-01-13,Basic,880.16
9131,Adriana Barrera,ryork@example.com,HN,2022-07-12,Standard,3425.86
9132,Eric Turner,swood@example.net,HN,2020-09-29,Basic,1893.6
9133,Christian Silva,pbrown@example.org,BH,2020-12-05,Standard,2741.47
9134,Brandon Martinez,rball@example.org,PY,2023-11-20,Standard,4691.59
9135,Allison Giles,james72@example.com,CD,2023-06-11,Basic,1398.05
9136,Kevin Austin,epierce@example.com,UZ,2023-11-24,Basic,836.67
9137,Melissa Rodriguez,dmitchell@example.net,RS,2023-04-06,Premium,2661.9
9138,Dr. Willie Stewart,lambertlindsay@example.com,RW,2024-06-16,Premium,456.49
9139,William Diaz,lyonschristopher@example.com,CF,2023-01-21,Basic,779.85
9140,Mr. Austin Long,fgreen@example.com,LV,2023-01-07,Basic,2049.86
9141,Janet Beck,caustin@example.com,CH,2025-01-05,Standard,3799.32
9142,Linda Wood,rogersjustin@example.org,CZ,2022-04-11,Premium,2831.88
9143,Jeffrey Carter,john66@example.com,TJ,2023-04-22,Basic,3885.6
9144,Justin Howell,sgarcia@example.com,LB,2024-01-24,Standard,1252.57
9145,Shari Aguirre,usaunders@example.net,MN,2021-08-20,Basic,3083.91
9146,Miss Kelsey Davis,scott95@example.net,NL,2023-02-03,Standard,3938.41
9147,Michele Kelly,ngonzales@example.org,SD,2021-11-02,Premium,4770.13
9148,Vincent Robinson,tayala@example.com,TV,2021-12-18,Premium,4471.67
9149,Philip Dalton,steelewilliam@example.com,CH,2021-05-10,Premium,4269.28
9150,Michelle Weaver,williamwoodward@example.net,IR,2025-06-13,Premium,4761.86
9151,Kevin Martinez,samuel62@example.net,UA,2025-01-14,Basic,3675.22
9152,Peter Love,jessica18@example.com,CV,2021-10-24,Basic,4224.64
9153,Julie Burns,andrewsjamie@example.com,PH,2024-04-14,Standard,4877.55
9154,Jesus Brown,jacksonhannah@example.org,VN,2022-04-17,Basic,3612.08
9155,Anthony Bean,leslie16@example.org,JM,2021-05-31,Standard,2586.07
9156,Elizabeth Andersen,williamsonjeremy@example.org,CO,2025-07-02,Standard,3277.02
9157,Chris Turner,bellpatricia@example.com,LA,2021-10-26,Standard,4424.21
9158,Matthew Brown,lisamcfarland@example.org,MZ,2023-12-13,Standard,4246.06
9159,Melanie Mitchell,bethrivera@example.com,LV,2022-10-16,Basic,2609.81
9160,Brianna Smith,randolphseth@example.com,US,2022-04-18,Basic,423.48
9161,Bruce Sandoval,dodsonadam@example.org,IT,2022-10-09,Premium,1489.47
9162,Susan Carpenter,kellyvicki@example.net,JM,2025-10-24,Standard,3167.72
9163,Beverly Watson,beasleykatrina@example.org,TW,2023-02-06,Basic,2343.64
9164,Tiffany Martin,schneiderjoshua@example.com,SG,2023-11-27,Premium,3506.87
9165,Zachary Bell,ggalloway@example.org,EC,2023-05-25,Standard,549.16
9166,James Elliott,connie86@example.com,PY,2023-03-24,Premium,1252.88
9167,Shelby Thompson,melaniethornton@example.net,CZ,2022-10-22,Basic,2068.1
9168,Kerry Casey,ojohnson@example.net,KR,2023-04-24,Standard,2440.25
9169,Grace Villa,oconnorsteven@example.net,AU,2022-12-12,Basic,3868.63
9170,Manuel Jimenez,olawrence@example.net,ID,2023-03-27,Basic,1015.13
9171,Brian Mitchell,carrjennifer@example.net,CH,2024-10-09,Basic,2314.83
9172,Megan Delgado,raymondmoreno@example.net,LI,2025-02-22,Standard,3923.21
9173,Brian Richardson,rodney23@example.org,MX,2022-12-17,Basic,411.06
9174,Michael Martinez,tsanchez@example.com,KZ,2025-03-29,Basic,3352.09
9175,Megan Gardner,kflores@example.net,MX,2024-06-26,Standard,2525.0
9176,Tanya Donovan,jacksonaustin@example.com,LC,2020-02-22,Basic,2513.11
9177,Lauren Hernandez,sarnold@example.net,LC,2024-08-06,Basic,834.59
9178,Richard Miller,fostercameron@example.net,YE,2021-08-12,Basic,2915.51
9179,Mary Callahan,christopher57@example.org,AZ,2021-09-19,Standard,2578.45
9180,Jason Esparza,joshuahall@example.net,FI,2020-01-02,Basic,4243.01
9181,Stephen Wood,ocollins@example.org,KG,2025-05-25,Premium,1668.57
9182,Linda Pruitt,jchapman@example.com,AL,2024-03-23,Basic,1061.15
9183,Tracy Vazquez,zblankenship@example.com,NL,2020-08-13,Basic,287.08
9184,Kelly Glover,rebecca22@example.net,DM,2023-03-02,Basic,2707.49
9185,Mr. Steve Thomas,psawyer@example.net,SD,2021-10-22,Basic,2669.5
9186,Marcus Newman,daviskathleen@example.net,AU,2023-11-11,Standard,3253.39
9187,Sonya Nelson,smitherin@example.com,PY,2022-04-04,Basic,3163.48
9188,Timothy Davis,cisnerosedward@example.net,CD,2023-08-01,Premium,1906.54
9189,Jeffrey Meadows,marialopez@example.net,BE,2020-05-26,Basic,1419.7
9190,James Wilson,pearsonjillian@example.net,TD,2024-05-30,Premium,3351.49
9191,Joy Singh,zmcgee@example.org,KG,2024-11-15,Standard,3802.28
9192,Adrian Savage,robert21@example.net,SV,2023-09-02,Standard,1966.6
9193,Melissa Herman,mikayla70@example.com,SN,2023-10-24,Basic,1726.2
9194,Taylor Vargas,joseph25@example.org,CO,2023-03-30,Standard,2889.05
9195,Casey Pierce,xburton@example.net,LI,2024-03-08,Premium,3397.76
9196,Karen Garcia,jason58@example.com,PA,2020-01-12,Premium,1470.03
9197,Donald Wilson,kirkstephanie@example.org,MD,2020-07-03,Basic,961.95
9198,Dr. Christina Pennington MD,terryanthony@example.org,PK,2020-12-04,Basic,1778.89
9199,Katherine Williams,albert63@example.net,LI,2020-01-13,Standard,1414.78
9200,Kimberly Garza,matthew99@example.org,AU,2024-08-12,Premium,4677.73
9201,Riley Murillo,bgreene@example.com,BB,2020-05-04,Standard,2357.36
9202,David Ellis,megansmith@example.org,X1!,2023-03-10,Standard,1060.93
9203,Amber Allison,collinsrichard@example.org,AL,2021-10-10,Standard,4149.7
9204,Anna Williams,leerobert@example.org,ID,2021-06-29,Basic,1541.4
9205,Jerry Parker,robert89@example.com,SD,2021-07-25,Basic,1308.46
9206,Tina King,ramosmeredith@example.com,NR,2020-12-27,Premium,3449.28
9207,Lance Vasquez,arose@example.org,BH,2021-02-03,Basic,2922.66
9208,Amanda Webb,jerrysmith@example.org,LU,2022-01-08,Standard,3968.72
9209,Daniel Miller,ptaylor@example.net,QA,2025-09-25,Premium,4344.83
9210,Stephanie Taylor,jscott@example.net,MC,2024-03-29,Premium,2776.29
9211,Dana Garcia,christianleonard@example.net,PK,2021-01-15,Basic,4679.23
9212,Rebecca Taylor,grahammichael@example.com,FI,2025-04-03,Standard,2084.02
9213,Stephen Evans,ydominguez@example.net,KR,2021-03-08,Standard,490.07
9214,Patrick Mitchell PhD,sarah39@example.com,BW,2023-10-10,Basic,4588.39
9215,Audrey Hebert,josephsmith@example.org,TR,2023-12-15,Premium,2711.9
9216,Mark Franco,jeremyespinoza@example.org,MT,2021-07-05,Standard,3639.86
9217,Donna Stewart,amanda67@example.org,KH,2020-08-04,Standard,971.7
9218,Kevin Moran,jacquelinesanford@example.org,IE,2025-10-02,Standard,2006.48
9219,Adam Vincent,djackson@example.net,RO,2025-05-16,Basic,942.1
9220,Andrew Gallagher,thomascox@example.net,DO,2020-03-14,Basic,1186.1
9221,Anthony Monroe,frobles@example.net,CH,2022-06-05,Basic,1189.13
9222,Jennifer Jackson,caroline84@example.net,LS,2025-02-22,Basic,3078.89
9223,Jeff Jenkins,calderonbrenda@example.org,LV,2022-10-10,Basic,1913.25
9224,Zachary Rodriguez,lewistravis@example.org,IS,2020-05-06,Premium,4316.21
9225,Ashley Stephens,uallen@example.org,NL,2024-10-08,Basic,620.43
9226,Michael Humphrey,mschneider@example.org,EG,2023-05-17,Basic,2016.97
9227,Kevin Conner,aduffy@example.net,MU,2020-09-07,Standard,225.73
9228,Brian James,jessicaallison@example.com,NP,2025-02-01,Basic,2499.2
9229,Chad Harris,benjaminwilliams@example.com,TD,2024-04-11,Standard,4785.67
9230,Brenda Hoffman,smithlauren@example.com,GN,2022-01-31,Basic,1689.44
9231,Kristen Raymond,lonnie61@example.com,GD,2021-10-25,Basic,1670.16
9232,Leslie Miller,steeleangela@example.net,CN,2025-01-15,Standard,3887.72
9233,Christina Burton,ginarobinson@example.com,FR,2020-05-18,Standard,4141.82
9234,Jason Fields,wmatthews@example.com,EG,2023-12-08,Premium,137.25
9235,Erin Poole,frankpearson@example.com,AF,2020-03-10,Standard,3177.83
9236,Javier Morris,hcole@example.net,NI,2025-05-25,Premium,4400.98
9237,Sarah Orr,pamela49@example.net,BN,2024-08-22,Basic,4139.21
9238,Kelly Mata,brittany44@example.org,MU,2022-06-07,Premium,4638.96
9239,Alicia White,rrobinson@example.com,UY,2023-02-27,Premium,4578.01
9240,Paula Smith,stonewilliam@example.org,IL,2023-05-23,Basic,2472.82
9241,Nancy Petersen,smithmarie@example.com,ZA,2021-08-13,Premium,1075.82
9242,Vincent Brock,heatherdavenport@example.org,GE,2021-07-15,Basic,1734.71
9243,Kaitlin Henson,troberts@example.com,ET,2024-01-15,Premium,1418.76
9244,Mandy Martinez,kbanks@example.net,BE,2021-08-08,Premium,521.45
9245,Susan Lee,bonnie28@example.org,KI,2020-11-18,Standard,1129.91
9246,Edward Cardenas,dennisrodriguez@example.com,UA,2025-05-06,Standard,532.22
9247,Dawn Snyder,mcclainisabel@example.net,PT,2023-09-05,Standard,2323.02
9248,Sheila Olsen,zachary98@example.org,MZ,2024-06-07,Standard,4155.24
9249,Charles Black,tiffany03@example.com,NP,2022-08-10,Premium,625.39
9250,Michael Clark,mary00@example.org,VU,2023-04-22,Basic,950.2
9251,Rodney Graham,vernonmunoz@example.org,NG,2022-03-24,Basic,4441.88
9252,Janice Kidd,kaylamontes@example.net,IQ,2023-01-10,Standard,2431.69
9253,Jacob Santos,ksmith@example.net,NR,2021-08-18,Basic,577.15
9254,Kayla Castillo,fschmidt@example.org,MR,2023-08-12,Standard,2291.9
9255,Robert Jenkins,territhompson@example.net,MN,2023-07-24,Standard,324.38
9256,Eric Miranda,sheiladonaldson@example.com,LV,2025-07-26,Basic,1402.2
9257,Miguel Banks,michael89@example.net,BD,2020-12-03,Premium,3515.92
9258,Dr. Michelle Perkins,zpotts@example.com,ZM,2024-08-02,Basic,4031.67
9259,Erica Powers,pamelaschultz@example.com,SZ,2022-12-30,Standard,4756.9
9260,Robert Nielsen,ymcdonald@example.com,TJ,2022-03-11,Premium,272.44
9261,Robert Roach,jacksonjared@example.org,GY,2020-04-16,Standard,968.89
9262,Nicole Benitez,tanyaedwards@example.com,PW,2022-10-16,Standard,3117.02
9263,James Anderson,stephanie02@example.net,BS,2023-09-17,Premium,3510.79
9264,Vickie Morales,nicolesimmons@example.com,PK,2020-09-21,Basic,2417.15
9265,Ryan Keller,mmitchell@example.org,TL,2024-06-11,Premium,3064.85
9266,Amanda Bailey,curtismalone@example.com,GW,2024-09-20,Premium,3813.05
9267,Mary Orr,franklincraig@example.com,WS,2022-04-06,Premium,1431.24
9268,Vanessa Miller,warrenralph@example.net,PS,2024-07-19,Premium,1251.55
9269,David Arnold,andersonjames@example.org,PL,2025-03-08,Basic,2681.24
9270,Michelle Warren,emily78@example.com,TR,2025-10-05,Standard,2070.75
9271,Mark Collins,jacksonmelinda@example.com,VE,2020-01-01,Premium,4682.35
9272,Steve Perry,edavis@example.org,RO,2024-01-18,Basic,4064.58
9273,Jonathan Sheppard,davisjanice@example.org,MG,2025-08-13,Standard,2138.81
9274,Johnny Scott,thomasjessica@example.org,AD,2022-01-31,Standard,4333.77
9275,Colleen Mason,kylemendez@example.net,PE,2022-03-22,Basic,2581.55
9276,XXXXXXXXXXXXXXXXXXXXXXXXXXXXXXXXXXXXXXXXXXXXXXXXXXXXXXXXXXXXXXXXXXXXXXXXXXXXXXXXXXXXXXXXXXXXXXXXXXXXXXXXXXXXXXXXXXXXXXXX,daniel67@example.net,PA,2025-10-16,Standard,2740.68
9277,Alison Hamilton,steven25@example.net,ES,2024-02-03,Standard,1563.39
9278,Christopher Frank,kevinhughes@example.net,BN,2023-06-16,Premium,777.27
9279,Anne Henry,brownerika@example.org,BH,2024-02-26,Basic,1755.66
9280,Deanna Frederick,shawn71@example.com,TM,2021-03-27,Standard,-25.0
9281,Jennifer King,amaynard@example.org,TH,2023-06-06,Basic,1470.11
9282,Joshua Davis,wferguson@example.com,BJ,2020-12-19,Basic,1763.73
9283,Christopher Schultz,vlewis@example.org,SO,2025-03-17,Basic,2167.63
9284,April Hood,vbowman@example.org,UA,2020-07-07,Standard,4003.35
9285,Gabriel Wilson,slewis@example.com,LV,2024-12-21,Standard,3959.28
9286,Joshua Terry,leeadam@example.net,SI,2020-07-06,Basic,1511.36
9287,Lisa Clayton,glovermelissa@example.net,LR,2025-01-30,Basic,731.59
9288,Briana Baker,keithbest@example.org,VC,2023-08-23,Basic,4561.39
9289,Edward Foster,pwilson@example.net,SL,2023-10-09,Premium,4080.85
9290,Daniel Gentry,hsalazar@example.net,RO,2023-04-17,Standard,4928.39
9291,Rachel Cobb,margaretmartinez@example.net,DZ,2023-01-26,Premium,767.01
9292,Jessica Owens,david56@example.org,PT,2025-10-08,Premium,4424.2
9293,Melissa Dixon,vlee@example.net,NI,2020-08-08,Premium,864.12
9294,Madison Ortega,donald71@example.net,MR,2025-09-12,Standard,1925.27
9295,Daniel Proctor,icole@example.org,SG,2025-01-20,Premium,2973.02
9296,Craig Edwards,gmeyers@example.com,SG,2022-10-19,Premium,456.47
9297,Michele Ruiz,lewisjesse@example.net,CO,2021-05-20,Premium,742.53
9298,Jennifer George,obaxter@example.com,BE,2021-02-18,Premium,4016.63
9299,William Duarte,masseymary@example.org,GR,2025-05-20,Standard,439.29
9300,Cindy Miller,bridgetcole@example.net,PT,2023-01-21,Premium,1687.49
9301,Gina Washington,aestrada@example.com,LA,2023-11-15,Standard,265.57
9302,Brittany Thompson,ograham@example.com,SE,2021-02-05,Premium,3203.75
9303,Daniel Meyers,gfisher@example.org,ZW,2023-04-03,Standard,2822.18
9304,Jason Elliott PhD,jameslee@example.net,NP,2021-03-22,Premium,3441.78
9305,Deborah Wade,jacqueline82@example.com,HN,2024-06-14,Standard,1585.99
9306,Joshua Caldwell,perryclifford@example.net,SI,2023-10-16,Basic,2671.48
9307,Anne Robertson,jessicahamilton@example.net,CY,2025-06-01,Standard,1990.55
9308,Travis Harper,terrance15@example.net,LY,2023-09-18,Basic,4975.99
9309,Robert Terry,nathanielhicks@example.net,SC,2022-04-04,Standard,805.95
9310,Katrina Stafford,dianebrown@example.org,SC,2023-01-31,Basic,4953.27
9311,Matthew Massey,christine09@example.net,PT,2020-09-08,Premium,2173.05
9312,Brian Harrington,wendy68@example.org,TZ,2021-05-29,Basic,3965.26
9313,Dawn Jacobs,kfrey@example.com,MR,2022-04-22,Basic,4752.34
9314,Stephanie Smith,gmartin@example.com,GH,2023-10-06,Basic,2125.07
9315,Stacy Rice,ygreen@example.com,MD,2025-11-25,Basic,131.19
9316,Ryan Adams,carolyn86@example.com,HR,2024-11-07,Standard,4245.22
9317,Paula Smith,brandygilmore@example.org,ZA,2020-01-10,Basic,3548.05
9318,Alyssa Bradley,sarahlong@example.org,CR,2024-01-19,Standard,1510.77
9319,Vincent Guzman,jackrice@example.org,CA,2020-01-10,Premium,2676.56
9320,Justin Howard,lowerydavid@example.net,SC,2021-01-22,Premium,3567.07
9321,Wesley Tran,johnschmidt@example.net,LK,2020-06-11,Premium,3711.53
9322,Rachael Banks,ahoffman@example.com,VE,2022-01-08,Premium,4198.06
9323,Anthony Mays,barbara86@example.org,BG,2022-04-28,Premium,1080.89
9324,Matthew Mahoney,michaelthomas@example.com,BY,2020-04-30,Premium,4405.45
9325,Jason Moore,joystewart@example.org,WS,2023-11-12,Basic,134.71
9326,Francisco Elliott,powellheather@example.org,MG,2020-09-02,Standard,3157.93
9327,Amanda Rios DDS,aaron12@example.net,NO,2020-10-19,Premium,1948.07
9328,Timothy Adams,carmen54@example.com,NG,2023-11-03,Premium,4438.86
9329,Rita Taylor,shawn22@example.org,ES,2022-12-16,Basic,1299.27
9330,Hannah Boyd,abbottrichard@example.net,CN,2024-01-10,Standard,2498.74
9331,John Jordan,kimberly36@example.com,CA,2023-07-09,Premium,3615.97
9332,Ashley Taylor,mblackburn@example.org,SC,2020-11-17,Standard,1790.53
9333,Michael Mills,frankmaynard@example.net,FJ,2024-12-08,Basic,908.79
9334,Jose Baker,katherine12@example.com,AM,2024-04-29,Standard,2079.72
9335,Chelsea Duffy,johnbailey@example.net,TL,2021-09-05,Basic,526.75
9336,Joshua Frank,kmanning@example.com,ZM,2024-11-30,Standard,967.01
9337,Heidi Boyd,jeffreycampbell@example.org,KN,2025-04-08,Premium,4509.27
9338,Benjamin Williamson,timothy11@example.com,CY,2025-07-07,Standard,2374.88
9339,Keith Walker,reevesbrittany@example.org,KZ,2023-12-10,Standard,3759.45
9340,Melissa Williams,fhernandez@example.net,MR,2024-01-03,Standard,2854.0
9341,Christopher Pearson,jonestyler@example.com,GR,2022-01-27,Standard,2470.78
9342,Brian Anderson,wallrichard@example.org,SZ,2025-12-20,Standard,858.3
9343,Laurie Sosa,william28@example.net,MT,2022-08-16,Basic,4716.47
9344,Debra Martinez,vwright@example.net,NG,2021-10-13,Standard,797.98
9345,Russell Martin,jimbrown@example.com,SA,2023-01-13,Premium,2603.55
9346,Edward Garza,jasonwarner@example.com,MY,2025-03-09,Basic,3735.32
9347,Nathan Bryan,thomas95@example.net,SB,2023-04-21,Standard,4508.29
9348,James Pena,mtodd@example.com,CF,2023-11-24,Basic,1281.34
9349,Stacey Johnson,paul63@example.net,MX,2025-09-08,Premium,2023.23
9350,Joseph Adams,alvaradocharles@example.com,TO,2024-05-07,Basic,4358.25
9351,Abigail Neal,robert60@example.org,KW,2025-08-11,Basic,2253.73
9352,Corey Pierce,matthewmorris@example.com,TG,2022-07-23,Premium,3262.56
9353,Stephanie Lee,dave46@example.com,KR,2020-07-08,Premium,410.28
9354,Chris Harris,stacy61@example.net,BB,2022-09-23,Basic,1153.84
9355,Dean Wong,wmartinez@example.com,AE,2025-12-22,Standard,3957.34
9356,Miguel Jimenez,yhill@example.net,VN,2025-03-16,Basic,1164.62
9357,Crystal Cruz,nichole31@example.net,CU,2022-02-22,Basic,3311.44
9358,Sara Payne,evansrachel@example.org,NO,2025-06-09,Premium,4787.79
9359,Lauren Simmons,donna40@example.com,MA,2020-08-17,Premium,1696.53
9360,Sherri Castro,theodore92@example.net,CV,2020-03-22,Premium,860.44
9361,Kim Harris,simssamantha@example.net,VN,2020-12-26,Basic,4557.24
9362,Casey White,jessicagoodwin@example.net,TV,2020-07-01,Premium,3730.87
9363,Rachel Zavala,kristina53@example.org,QA,2023-03-29,Premium,4781.18
9364,Andrew Watson,hermansandra@example.com,BW,2022-12-23,Basic,2192.79
9365,Michael Zhang,sthomas@example.com,NP,2025-06-14,Standard,3320.51
9366,Kevin Morgan,josephlarson@example.com,MK,2022-06-13,Basic,469.28
9367,Garrett Brown,ashley45@example.com,MG,2025-08-02,Standard,1257.73
9368,Jennifer Lewis,gibsoncorey@example.net,GQ,2021-07-04,Basic,804.98
9369,Ronald Holland,james57@example.org,NE,2025-12-14,Premium,1693.0
9370,Charles Rowland,vincenttaylor@example.org,TO,2020-06-15,Standard,3542.1
9371,Melanie Hamilton,fjackson@example.com,CV,2021-07-18,Premium,3967.82
9372,Tanya Scott,fcox@example.org,GM,2021-08-11,Basic,1095.61
9373,Andrea Taylor,sstout@example.com,MV,2020-04-20,Basic,4704.51
9374,Anna Reese,sanderson@example.org,GQ,2022-02-02,Standard,2147.59
9375,Christina Carr,riley84@example.com,MU,2021-05-24,Standard,3651.45
9376,Shannon Olson,yhaynes@example.org,SM,2024-12-03,Standard,3711.86
9377,Toni Hernandez,robin43@example.com,HN,2022-10-31,Standard,1172.44
9378,Autumn Hensley,baileyteresa@example.org,SC,2024-06-20,Standard,1520.23
9379,Megan Schultz,travis62@example.com,GR,2024-08-12,Premium,2898.11
9380,Juan Russell,elizabeth92@example.org,CG,2023-04-06,Standard,4340.62
9381,Steven Huerta,jeffreyhoward@example.net,ET,2025-01-06,Basic,4072.74
9382,Dalton Colon,jeffery68@example.net,LA,2022-06-08,Standard,3094.94
9383,Patrick Davis,courtney12@example.org,TV,2020-12-03,Basic,670.75
9384,Jesse Sanchez,yvonneshields@example.net,ER,2021-12-07,Standard,3057.68
9385,Roy Potts,angelaberry@example.net,DK,2022-05-26,Basic,2250.1
9386,Richard Harvey,cheryl86@example.com,GM,2025-04-11,Premium,2898.11
9387,Brent Taylor,djones@example.org,CH,2025-02-05,Standard,442.42
9388,Amy Smith,stuartmedina@example.org,FM,2025-04-02,Premium,1722.44
9389,Richard Baker,fcooper@example.com,AT,2023-09-17,Basic,4515.26
9390,Debra Mckenzie,sarahmartinez@example.com,CD,2025-12-18,Standard,3822.75
9391,Johnny Pratt,vreeves@example.org,MY,2021-09-06,Standard,3621.95
9392,Troy Bright,mercershawn@example.com,MU,2022-12-29,Premium,2502.6
9393,Lauren Dean,johnsonangela@example.net,ME,2025-07-05,Standard,777.55
9394,Kimberly Vazquez,mkane@example.net,LU,2023-07-29,Basic,4734.44
9395,Jason Evans,brandonnelson@example.com,AD,2020-12-03,Basic,1290.83
9396,Patrick Taylor,james37@example.org,TV,2025-11-25,Premium,237.58
9397,Alexis Burns,robertstewart@example.net,TT,2020-01-05,Basic,3788.47
9398,Susan Mccarty,foxmartin@example.com,IL,2020-09-07,Premium,760.11
9399,Kevin Green,amichael@example.com,CF,2023-08-19,Standard,2045.95
9400,Brooke Allen,cathy51@example.org,PH,2023-08-14,Basic,4328.59
9401,Mary Watson,jacksonerika@example.net,ER,2020-12-28,Basic,1023.36
9402,Tonya Parker,handerson@example.net,HR,2024-02-15,Premium,4428.52
9403,Chelsea Campbell,gonzalezcory@example.org,LC,2023-02-14,Standard,3828.88
9404,A,lbailey@example.com,KW,2024-07-20,Standard,3072.24
9405,Mark Hampton,gbowman@example.net,PS,2023-06-01,Basic,4435.64
9406,Joshua Valdez,amyholmes@example.net,MX,2023-02-17,Basic,2566.96
9407,Brittany Gonzales,lisa81@example.com,NO,2022-04-20,Basic,2248.01
9408,Pedro Brown,coxtim@example.org,NZ,2021-06-30,Basic,1131.87
9409,Theresa May,cheryldavis@example.net,MW,2021-03-27,Basic,3638.02
9410,Kim Wolfe,daviswilliam@example.net,LA,2021-01-11,Standard,3370.0
9411,Mary Rogers,michellehughes@example.com,NA,2024-04-29,Standard,1004.82
9412,Rebecca Morgan,janice23@example.net,DZ,2023-11-28,Basic,2721.45
9413,Alexander Powell,wallen@example.net,CU,2025-01-01,Premium,4013.59
9414,Sharon Smith,shirleyclark@example.com,X1!,2020-10-12,Premium,1089.78
9415,Deborah Schmitt,lindsay95@example.org,MA,2022-12-14,Standard,4892.15
9416,Thomas Tyler,nhanna@example.net,KR,2020-11-30,Premium,4620.47
9417,Michael Cooper,kristiharrison@example.com,CL,2020-12-16,Basic,501.85
9418,Mary Leonard,edwinmeyers@example.com,DM,2021-05-23,Basic,4290.41
9419,Terry Brown,elizabethkim@example.net,AU,2023-05-24,Basic,1671.6
9420,James Acosta,stephaniemorris@example.org,MY,2023-03-28,Standard,425.4
9421,Wayne Whitney,justin79@example.org,GY,2023-11-25,Premium,4775.06
9422,Tiffany Johnson,hburton@example.org,DM,2024-08-13,Basic,2895.53
9423,Megan Sawyer,robin62@example.net,LR,2025-03-05,Premium,211.92
9424,Oscar Wolf,srice@example.com,MX,2022-10-06,Premium,3250.27
9425,Raymond Lee,aaronburns@example.net,GA,2021-12-14,Premium,3918.18
9426,Michael Ray,billy07@example.org,EE,2025-11-05,Basic,4714.95
9427,Kathleen Wilson,brownronnie@example.net,MW,2022-11-18,Basic,1806.41
9428,William Barrett,stephanierodriguez@example.net,DO,2020-04-03,Premium,553.13
9429,Heather Hoover,kristin52@example.net,HU,2022-09-01,Premium,2442.05
9430,Katherine Snyder,yolandawilliams@example.org,TN,2023-11-02,Basic,4352.5
9431,Dylan Fernandez,karen11@example.com,AT,2021-02-19,Basic,1044.97
9432,Jamie Salas,hamiltonchelsea@example.org,AM,2025-10-24,Basic,4133.92
9433,Ryan Jones,jacobthompson@example.com,SO,2025-10-16,Premium,2925.09
9434,Wendy Waller,bkhan@example.net,CO,2025-04-29,Standard,504.97
9435,Hayley Vazquez,robert19@example.org,AG,2025-09-22,Basic,3008.08
9436,Ryan Phelps,ramossara@example.com,JO,2020-06-15,Premium,3082.62
9437,Renee Dickerson,ljones@example.org,RW,2021-10-23,Premium,811.4
9438,Erik Allen,gailbanks@example.com,WS,2024-03-18,Premium,3203.12
9439,Jackie Kidd,onealjacob@example.org,LT,2020-11-01,Basic,843.76
9440,Samuel Baker,zachary48@example.org,TW,2023-02-20,Premium,871.28
9441,Dustin Shepard,rickyharris@example.org,US,2023-10-09,Basic,4627.54
9442,Cassidy Smith,harveyderrick@example.com,GT,2020-09-04,Standard,2109.55
9443,Barbara Rivera,ycummings@example.net,HT,2022-12-24,Basic,784.21
9444,Stephanie Barnes,david67@example.org,LV,2021-04-07,Premium,3068.6
9445,Dale Lee,michaelmorgan@example.org,TW,2024-06-25,Basic,3399.84
9446,David Hill,matthew40@example.com,IE,2022-07-18,Premium,652.28
9447,Bradley Williams,timothybrown@example.com,TR,2023-06-20,Standard,612.08
9448,Kristin Baker,batesapril@example.com,NP,2024-02-05,Premium,305.07
9449,Helen Jordan,tiffany88@example.org,ZA,2022-10-01,Basic,3636.19
9450,Charles Daniel,petersonsusan@example.org,CG,2020-02-23,Standard,766.34
9451,Linda Reyes,sjohnson@example.org,MD,2025-04-14,Standard,3342.42
9452,Tiffany Page,sheatimothy@example.org,UA,2024-04-12,Basic,3823.76
9453,Tiffany Stewart,kaitlynmiller@example.org,GY,2025-08-24,Premium,1069.96
9454,Brian Caldwell,glenn22@example.com,TL,2023-01-05,Basic,3759.19
9455,Keith Gallagher,dkelly@example.com,VC,2021-12-08,Premium,281.41
9456,Margaret Powell,ericbenjamin@example.com,MA,2025-02-03,Basic,1042.98
9457,Scott Moses,twoods@example.org,SB,2020-02-17,Standard,1752.83
9458,Courtney Martinez,frichardson@example.org,KE,2023-10-10,Basic,165.7
9459,Dr. Paul Barker,towens@example.org,MU,2020-06-20,Premium,2331.18
9460,Joseph Bowers,nicholasthompson@example.org,QA,2021-11-20,Basic,4075.17
9461,Tanner Jones,jacob08@example.org,TH,2025-05-10,Basic,607.78
9462,Maria Thomas,pbrown@example.org,WS,2021-05-16,Standard,963.07
9463,Teresa Huynh,chavezchristina@example.org,HU,2021-10-26,Premium,1493.81
9464,Mark Poole MD,ryanriley@example.net,CM,2022-06-04,Basic,3446.9
9465,Natalie Smith,vsimon@example.org,SO,2024-05-03,Basic,2671.6
9466,Christian Davis,ahodge@example.org,SE,2024-04-15,Standard,4313.23
9467,Jamie Adams,walkerstephanie@example.net,BH,2025-12-05,Basic,3358.13
9468,Benjamin Smith,sotomichael@example.org,LI,2020-06-19,Premium,835.63
9469,Carmen Neal,justin97@example.net,MH,2025-05-06,Standard,1940.33
9470,Lisa Schwartz,wrogers@example.com,DM,2025-01-05,Premium,4215.96
9471,Melinda Montoya,pamela54@example.com,SK,2024-08-31,Basic,1048.9
9472,John Hunt,brittneycooke@example.org,MX,2022-08-08,Standard,4973.38
9473,Michele Henson,villegasbreanna@example.com,LR,2023-12-16,Standard,3635.71
9474,Miss Jennifer Munoz DDS,thompsonmiranda@example.org,RO,2021-01-20,Premium,4071.28
9475,Patrick Heath,patriciarobinson@example.com,WS,2021-08-07,Basic,3310.27
9476,Brian Larsen,amy39@example.net,MY,2020-02-12,Premium,3606.8
9477,Joshua Vargas,christina34@example.com,GR,2025-04-16,Basic,3021.39
9478,Mr. Tony Wallace,kimandrea@example.com,ZW,2025-06-23,Premium,3918.17
9479,Kevin Williams,hughescrystal@example.org,LC,2024-04-13,Basic,2533.13
9480,Larry Gonzales,pwhite@example.com,NI,2022-01-20,Premium,3904.18
9481,Tammy Mason,william18@example.org,KG,2020-12-06,Premium,4847.54
9482,Heidi Espinoza,xjackson@example.org,AZ,2021-12-08,Premium,795.21
9483,Tina Marquez,qchen@example.net,LY,2025-09-01,Premium,2176.92
9484,Trevor Olson,hjones@example.org,LV,2020-12-07,Standard,2793.51
9485,Melissa Martin,nmatthews@example.com,MY,2023-03-06,Basic,1896.78
9486,Kevin Fisher,james96@example.com,BG,2020-11-09,Standard,3836.6
9487,Crystal Lawson,barnettkathryn@example.org,SE,2023-09-04,Premium,1138.86
9488,Justin Johnson,hallsara@example.net,BA,2020-07-20,Premium,1370.85
9489,Charles Perry,tyler43@example.com,IQ,2023-11-21,Premium,4451.7
9490,Victoria Hart,patriciacole@example.com,EE,2020-03-09,Premium,225.66
9491,Elijah Anderson,thomasrios@example.org,TO,2020-05-10,Standard,4657.91
9492,Christopher Hall,lnguyen@example.net,MC,2020-05-23,Standard,703.25
9493,Mark Orr,qsmith@example.net,LR,2024-03-23,Basic,893.57
9494,Kelsey Jimenez,yhernandez@example.com,CA,2023-08-02,Premium,2831.89
9495,Susan Frost,cortezallison@example.com,ME,2023-08-25,Standard,395.51
9496,Travis Hood,millerkelly@example.com,MY,2022-12-23,Basic,3135.18
9497,David Monroe,fmanning@example.com,WS,2020-12-31,Standard,3622.32
9498,Patricia Smith,zjordan@example.net,HN,2020-09-13,Premium,2212.99
9499,Robert Rodriguez,tony04@example.com,CY,2025-06-03,Basic,209.66
9500,Brett Scott,jessicaedwards@example.com,JP,2021-02-15,Premium,736.94
9501,James Flores PhD,brucemunoz@example.com,MT,2022-06-16,Standard,2702.13
9502,Tyler Brown,simpsondaniel@example.net,BI,2022-05-08,Premium,1777.71
9503,Carla Johnson,chapmanbenjamin@example.net,BW,2021-11-02,Standard,4769.28
9504,Scott Clark,montgomerymark@example.net,LI,2022-05-18,Premium,4156.06
9505,Adam Meyer,heatherschmitt@example.net,BT,2023-01-28,Basic,3195.5
9506,Reginald Pacheco,richard47@example.org,ER,2024-02-02,Premium,1187.0
9507,Dr. Anthony Rivera,amycobb@example.org,GD,2020-05-26,Basic,4345.63
9508,Tammy Carpenter,bvargas@example.net,UY,2022-07-24,Premium,1323.52
9509,Tina Anderson,hoffmanpreston@example.com,SD,2025-08-07,Premium,182.61
9510,Mark Brown,christy45@example.com,TO,2024-10-06,Standard,4549.1
9511,Corey Evans,cookjessica@example.net,BZ,2024-09-23,Standard,4787.29
9512,Brenda Cummings,youngkari@example.com,GY,2020-07-26,Basic,4579.61
9513,Roy Saunders,nataliemcguire@example.org,LC,2021-10-15,Basic,2312.22
9514,William Henderson,lisa33@example.org,CL,2022-04-11,Standard,4475.91
9515,Peter Mcmillan,janicebrown@example.net,SA,2021-08-09,Standard,3152.24
9516,Christina Diaz,adam35@example.org,MT,2022-11-13,Standard,2269.78
9517,Emily Davis,victoria48@example.org,BF,2020-03-04,Basic,3914.06
9518,Amy Henderson,christopher81@example.org,BJ,2024-06-08,Standard,1922.65
9519,Amy Price,kwright@example.org,JP,2025-09-22,Standard,4233.18
9520,Joshua Mclean,jeffrey61@example.com,AD,2023-06-06,Premium,1331.28
9521,Tamara Brown,michaelli@example.com,AE,2024-05-31,Premium,770.61
9522,Joshua Stout,brian38@example.net,HT,2024-04-22,Standard,2362.55
9523,Traci Jones,nmitchell@example.com,GT,2024-12-17,Premium,641.75
9524,Joel Mills,not-an-email,GE,2023-02-24,Basic,391.05
9525,Emily Burns,oscar80@example.org,PH,2021-05-20,Premium,4006.57
9526,Jennifer White,parkercolleen@example.net,SO,2023-09-14,Basic,700.92
9527,Patricia Hernandez,snyderamanda@example.com,ET,2024-04-22,Premium,230.56
9528,Paula Allen,blanchardpatricia@example.org,NR,2022-08-20,Basic,3983.4
9529,Brittany Harris,samantharice@example.com,NI,2022-11-10,Basic,1226.27
9530,Jamie Miller,andreaparker@example.net,ST,2023-08-01,Standard,2053.33
9531,Michael Schneider,xmccarthy@example.org,SD,2025-02-01,Premium,2496.02
9532,Derek Richardson,qhodge@example.org,KH,2020-05-21,Standard,2629.77
9533,Brandon Martinez,ricky02@example.com,US,2024-11-19,Basic,164.33
9534,Anita Simmons,millerjoseph@example.net,BG,2023-12-20,Premium,4080.45
9535,Ashley Robinson,sharonwashington@example.net,GR,2025-07-06,Basic,1894.6
9536,Antonio Simmons,fpadilla@example.com,NP,2025-07-11,Premium,825.85
9537,Lori Brown,kathrynanderson@example.com,UG,2025-03-25,Premium,4355.32
9538,Nicole Martinez,kquinn@example.com,EG,2024-10-23,Premium,4873.59
9539,Darrell Medina,meganlopez@example.org,DM,2024-02-29,Basic,397.93
9540,Vanessa Caldwell,ramosmathew@example.net,TG,2025-09-30,Premium,1057.88
9541,Mr. Shawn Nelson,kimberlyadams@example.net,SK,2020-01-18,Premium,2102.08
9542,Jacob Fitzpatrick,robertpalmer@example.com,NI,2022-08-19,Premium,1307.86
9543,XXXXXXXXXXXXXXXXXXXXXXXXXXXXXXXXXXXXXXXXXXXXXXXXXXXXXXXXXXXXXXXXXXXXXXXXXXXXXXXXXXXXXXXXXXXXXXXXXXXXXXXXXXXXXXXXXXXXXXXX,ivazquez@example.org,MA,2022-10-14,Standard,3591.84
9544,Sarah Taylor,greenolivia@example.com,GQ,2021-08-08,Standard,490.57
9545,Laura Anderson,mbailey@example.org,MX,2020-06-21,Premium,4083.69
9546,Patricia Harvey,rebecca47@example.net,LT,2024-11-26,Standard,1869.49
9547,Michael Macias,eric71@example.net,PS,2022-02-16,Basic,4774.05
9548,Jeffrey Lambert,ewilliams@example.net,IR,2022-01-01,Standard,1571.16
9549,Edward Garrett,walkerrichard@example.net,NO,2023-04-10,Standard,957.41
9550,Dustin Brown,llewis@example.org,MD,2020-09-10,Basic,1063.11
9551,Wendy Myers,rowlandalyssa@example.com,HU,2021-01-29,Premium,2869.14
9552,Amber Nicholson,chandlerbrendan@example.com,SE,2020-09-23,Premium,1809.77
9553,Larry Anderson,qmcguire@example.org,SA,2020-06-16,Basic,3414.19
9554,Katherine Hernandez,avilakristi@example.org,KG,2021-04-15,Standard,2186.95
9555,Aaron Cooper,barbara13@example.net,BE,2025-11-09,Standard,3021.19
9556,Andrea Peters,tonyahuber@example.com,KZ,2024-06-30,Standard,245.45
9557,Teresa Estes,nolanjonathan@example.org,TL,2025-12-26,Premium,2850.16
9558,Sherry King,daniel01@example.org,CN,2025-03-08,Standard,1074.93
9559,Ashley Robinson,josephwilliams@example.net,BI,2020-05-18,Basic,4037.9
9560,Michael Meza,georgehenry@example.net,ET,2021-08-02,Premium,3074.12
9561,John Diaz,stephaniebeck@example.net,SA,2025-05-05,Premium,4130.67
9562,Michael Perkins,psanchez@example.net,NZ,2023-03-27,Standard,4617.65
9563,Kenneth Bryant,crystal24@example.com,BT,2022-07-23,Standard,4459.22
9564,Valerie Clark,dcastaneda@example.com,GN,2025-03-08,Standard,4133.65
9565,Shannon Walton,veronicawashington@example.net,LT,2022-06-23,Premium,1830.85
9566,Jeremiah Steele,hernandeztodd@example.com,NE,2023-04-22,Premium,2670.62
9567,Rachel Gillespie,esawyer@example.org,ER,2022-11-11,Premium,3527.44
9568,Terry Green,not-an-email,IR,2024-08-30,Standard,193.0
9569,Brenda Owen,kduran@example.org,CM,2024-06-12,Premium,4901.13
9570,Mary Alexander,jacob70@example.com,SA,2023-03-15,Standard,2132.54
9571,James Horn,ribarra@example.com,TO,2024-09-29,Premium,1621.95
9572,Nancy Gibson,kimberlyreyes@example.net,BF,2022-07-28,Standard,3171.5
9573,Ronald Bernard,smithjoseph@example.org,MT,2023-03-16,Premium,3799.97
9574,Melissa Smith,bakeranna@example.org,DM,2024-12-01,Premium,347.83
9575,Mary Mathews,bkirk@example.net,NL,2021-07-07,Basic,2479.7
9576,Yvonne Sullivan,cranejoseph@example.org,PT,2020-02-14,Standard,709.18
9577,Michelle Russell,smithjames@example.org,PS,2023-02-28,Standard,283.02
9578,Joyce Williams,chughes@example.net,MH,2022-10-29,Basic,3310.01
9579,Christine Vega,thomastracy@example.com,LT,2023-03-28,Basic,1256.16
9580,Dennis Estrada,briannawagner@example.net,MC,2020-11-29,Basic,432.93
9581,Calvin Mann,briannamorris@example.org,JO,2023-10-03,Basic,2858.31
9582,Matthew Miller,markandersen@example.com,KN,2020-05-05,Basic,4303.81
9583,Kayla Reilly,gbridges@example.com,UG,2023-04-27,Basic,3512.55
9584,Brittany Kelley,bwang@example.org,MM,2022-11-29,Basic,114.83
9585,Michael Gomez,michaeleverett@example.net,VE,2020-08-18,Premium,3371.78
9586,Antonio Johnson,hlee@example.org,GB,2021-12-18,Basic,422.32
9587,Madison Sanchez,leblancpeter@example.com,VN,2020-03-10,Premium,307.25
9588,Robert Stewart,johnsonjason@example.org,AG,2021-05-07,Basic,3083.36
9589,Frances Hodges,hgonzalez@example.net,EG,2022-05-25,Premium,4058.38
9590,Shelby Maynard,johnpatel@example.org,EC,2024-12-13,Standard,3268.26
9591,Gregory Davies,floresmatthew@example.net,DJ,2025-12-29,Basic,4126.39
9592,Diane Farmer,christina71@example.org,VU,2025-11-09,Standard,3938.3
9593,Madeline Franklin,martineztina@example.net,NO,2025-10-29,Basic,4949.52
9594,Andrea Stephenson,costajenny@example.net,ST,2023-04-04,Basic,1196.04
9595,Marcus Deleon,joyhayden@example.org,CV,2021-05-28,Premium,1073.45
9596,Stephanie Ramirez,andre27@example.com,MU,2023-06-26,Basic,2251.18
9597,Jessica Collins,jamiewells@example.org,UZ,2020-08-18,Premium,4086.96
9598,Jennifer Montgomery,callahanjeremy@example.org,IL,2020-04-19,Standard,3054.64
9599,Diana Bond,myersjay@example.com,PT,2020-08-06,Basic,1533.82
9600,Alejandro Le Jr.,sharon19@example.net,BO,2024-11-15,Standard,4549.57
9601,Christine Williams,dbrennan@example.com,MX,2021-11-17,Premium,827.36
9602,Nancy Carter,lisabarker@example.net,NP,2021-06-17,Standard,1504.61
9603,Adam Dunlap,moransarah@example.com,GR,2020-10-08,Premium,2476.6
9604,Tyler Anderson,franciscoparsons@example.com,EG,2023-01-18,Basic,1404.25
9605,Patricia Butler,josephstanton@example.com,DK,2021-05-20,Premium,4171.49
9606,Steven York,marvinmartinez@example.net,DM,2025-01-11,Standard,2240.78
9607,Shane Trevino,acoleman@example.org,TM,2022-09-28,Premium,3711.14
9608,Sherri Kelly PhD,danagarrett@example.com,JM,2024-07-06,Basic,3381.68
9609,Andrea Kidd,garrett49@example.org,EG,2023-06-16,Basic,1516.62
9610,Kim Peck,abarnes@example.org,KM,2022-11-18,Basic,4568.65
9611,Sara Whitaker,warias@example.com,UG,2025-07-03,Basic,2285.73
9612,Judy Rodriguez,christophermendez@example.org,SE,2025-10-02,Premium,428.28
9613,Brittany Pham,brandonwise@example.net,TL,2022-01-26,Standard,909.2
9614,Alexander Chang,alisonstone@example.net,FJ,2022-06-01,Standard,4255.8
9615,Joseph Johnson,reedkaren@example.org,IE,2022-06-15,Basic,783.88
9616,Leonard Stein,delgadowilliam@example.net,NI,2021-06-19,Premium,2389.62
9617,Elizabeth Fisher,cynthia30@example.com,SB,2022-10-26,Basic,2357.63
9618,John Hunt,amymoore@example.com,LK,2021-02-02,Invalid,4236.83
9619,Laura Salazar,jeremiah74@example.com,LC,2021-05-07,Premium,536.21
9620,Allison Zamora,lori05@example.net,LC,2025-06-29,Premium,4221.03
9621,Emily Rush,xwilliams@example.com,CU,2021-04-20,Basic,3360.25
9622,Jessica Stone,shaffermichael@example.org,RW,2022-02-27,Premium,3191.04
9623,Crystal Armstrong,diana09@example.org,SN,2022-10-28,Basic,3176.07
9624,Michelle Stein,markwilliams@example.org,NO,2020-06-23,Premium,4263.13
9625,Joseph Mendoza,mcdowelltina@example.com,GN,2024-08-11,Basic,4724.2
9626,Melissa Curry,hhanna@example.org,SN,2020-01-11,Premium,1252.53
9627,Andrew Gonzales,craig03@example.org,NG,2024-06-15,Basic,3538.9
9628,Jean Moore,ashleygonzalez@example.org,MZ,2025-08-18,Basic,2900.66
9629,Carlos King,cassiehorne@example.org,DZ,2022-03-03,Basic,2571.84
9630,Patricia Beltran,ncarter@example.org,ST,2023-09-19,Basic,2298.04
9631,Victor Cole,daniel73@example.com,PE,2021-10-31,Premium,4497.49
9632,Susan White,jamie23@example.org,VA,2020-08-24,Premium,4882.46
9633,William Rivera,mweaver@example.com,BB,2022-01-31,Premium,3681.69
9634,Ross Freeman,brian90@example.net,MU,2023-02-23,Basic,2567.88
9635,Evan Mack,marymcneil@example.org,SO,2020-08-26,Basic,4826.45
9636,Shane Rodriguez,alexis24@example.net,KH,2020-12-01,Basic,2590.27
9637,Brandon Garcia,ortizmichael@example.com,RO,2025-03-20,Premium,4855.49
9638,Brandon Reed,pmitchell@example.com,LY,2023-01-08,Standard,4481.4
9639,Matthew Flores,emendoza@example.com,GR,2023-05-13,Standard,2722.01
9640,Kathryn Hart,fyoung@example.org,TO,2021-10-26,Premium,3813.38
9641,Jerry Mcdowell,bryanbanks@example.com,LR,2022-08-22,Standard,4739.34
9642,Sara Nelson,nrusso@example.org,ID,2021-03-14,Standard,2657.54
9643,Tara Jenkins,meganmiller@example.net,X1!,2025-11-23,Basic,4642.8
9644,Sue Guerrero,vwalters@example.org,AZ,2023-02-27,Basic,4915.99
9645,Dean Cook,normandanielle@example.com,LA,2022-08-26,Basic,1931.62
9646,Samuel Simpson,anthony15@example.net,MK,2024-10-29,Premium,2741.59
9647,Andrea Dunn,sorr@example.org,UG,2024-07-24,Premium,4078.16
9648,Brandon Adams,jschmidt@example.net,KI,2024-05-08,Standard,2746.47
9649,Lisa Sherman,fmoore@example.net,VC,2024-05-12,Standard,2424.11
9650,Sarah Cobb,jmcclain@example.com,LK,2025-09-08,Standard,3366.26
9651,Warren Williams,tiffany81@example.org,TO,2025-10-11,Premium,4226.38
9652,Morgan Rodriguez,campbellsean@example.net,NR,2024-03-15,Standard,2860.8
9653,Joseph Garner,lthompson@example.org,VE,2024-03-11,Standard,3018.83
9654,Tony Davis,emily17@example.com,UZ,2023-10-31,Premium,3846.59
9655,Dan Haynes,chris54@example.org,SK,2023-12-31,Basic,511.76
9656,Joseph Wilson,enelson@example.net,PY,2023-07-16,Premium,2603.4
9657,Mandy Logan,curtis93@example.net,KH,2021-03-18,Standard,3404.27
9658,Melissa Taylor,erincabrera@example.net,PG,2022-02-15,Basic,1425.04
9659,Paige Murphy,fieldsjeffrey@example.net,OM,2020-01-24,Premium,3039.52
9660,Megan Ward,phodges@example.com,EE,2025-09-11,Standard,2842.48
9661,James Meyers,austinandre@example.org,SD,2023-06-02,Basic,837.14
9662,Robert Edwards,georgehays@example.com,SC,2021-01-05,Basic,3785.57
9663,Kelly Crawford,dennistaylor@example.net,IN,2022-11-27,Basic,4722.02
9664,Sarah Rowe,dakota61@example.net,MU,2024-10-14,Basic,4658.05
9665,Debra Carroll,katherinejohnson@example.com,BT,2022-04-16,Standard,3356.46
9666,Autumn Phillips,jordan22@example.net,TV,2021-04-17,Premium,1408.96
9667,David Morales,brittanydavis@example.net,OM,2022-10-30,Basic,1837.74
9668,Lisa Williams,moniquegarza@example.org,NZ,2020-09-18,Basic,677.78
9669,Richard Noble,charles65@example.com,PY,2022-07-26,Premium,3971.57
9670,Mary Patterson,nguyencarl@example.com,DM,2021-03-09,Standard,651.22
9671,Erin Lopez,jamiefrank@example.org,ES,2020-09-30,Standard,315.7
9672,Eric Barnes,fpetty@example.com,ES,2024-08-01,Basic,3247.4
9673,Laura Medina,cobbelizabeth@example.net,KI,2024-09-01,Premium,2488.78
9674,Theodore Hoffman,richardsonchelsea@example.net,TG,2024-04-03,Basic,4479.44
9675,Carlos Barnett,justinward@example.org,GQ,2025-05-17,Basic,2810.74
9676,Chelsea Cook,rrodriguez@example.org,SK,2020-12-29,Premium,1733.2
9677,Tanner Ashley,kayla27@example.com,SI,2024-01-06,Standard,1834.81
9678,Paige Brown,melissa66@example.com,BG,2024-09-11,Standard,2947.07
9679,Travis Mclaughlin,williepark@example.org,GT,2021-09-19,Basic,3383.14
9680,Andrew Gray,heatherhoward@example.net,RU,2021-01-04,Standard,990.45
9681,Jason Roberts,sjackson@example.org,FI,2020-08-02,Basic,321.32
9682,Amy Baker,isalazar@example.net,MN,2022-01-07,Basic,4638.51
9683,David Phelps,jdean@example.com,CR,2024-10-19,Basic,3234.3
9684,Tiffany Tucker,bowmandeanna@example.org,TN,2022-03-11,Basic,1943.94
9685,Stacy Mcgee,mosesrachel@example.org,ST,2022-06-08,Basic,1318.41
9686,Shannon Freeman,jbarrett@example.org,MG,2020-05-26,Standard,4684.23
9687,Kayla Gray,mooresabrina@example.org,IT,2022-05-17,Standard,225.54
9688,William Barrett,hopkinsrandall@example.org,GQ,2022-11-02,Standard,2607.33
9689,Terry Hughes,dorseyjerry@example.com,TJ,2022-12-15,Premium,417.32
9690,Scott Smith,qbrown@example.com,AG,2021-08-27,Premium,849.45
9691,Heather Rocha,ralph95@example.com,LS,2025-03-07,Standard,600.83
9692,Christopher Dominguez,sfoster@example.org,LR,2025-12-06,Premium,883.06
9693,Judith Buchanan,williamsonmary@example.com,UZ,2025-03-26,Standard,2941.99
9694,Mark Murray,sandratran@example.org,TW,2023-05-13,Premium,4145.05
9695,Michael Floyd,reginald39@example.com,IN,2023-02-25,Standard,1448.56
9696,Matthew Shepherd,hhood@example.com,BT,2024-04-07,Basic,712.78
9697,Jennifer Savage,webstertracy@example.com,TN,2022-01-16,Basic,4841.54
9698,Scott Keller,not-an-email,KM,2022-07-30,Premium,1403.0
9699,Cody Rodriguez,dgray@example.org,UY,2023-06-24,Standard,2710.25
9700,Stacy Thomas,scottreid@example.org,JM,2025-10-18,Basic,1216.97
9701,Ryan Murphy,bboyd@example.net,UA,2024-04-27,Premium,4413.64
9702,Hannah Williams,cwhite@example.com,NR,2024-05-28,Premium,4926.56
9703,Timothy Griffin,lambertclifford@example.net,SM,2023-06-13,Standard,2449.67
9704,Julia Hammond,shannon86@example.org,BI,2025-02-22,Basic,2281.35
9705,Allison Rodriguez,zallen@example.org,DO,2023-01-13,Basic,433.93
9706,Beth Dunn,qwilliams@example.com,AD,2020-01-15,Premium,3153.87
9707,Lindsay Greene,wbell@example.com,BH,2024-04-29,Premium,536.99
9708,Kristin Davis DDS,tthompson@example.org,DZ,2022-08-07,Premium,1150.81
9709,Ann Keller,alyssa41@example.org,SO,2022-09-17,Premium,2973.84
9710,James Morris,sean69@example.org,PA,2024-03-02,Basic,1316.6
9711,Kelly Baker,waltersjennifer@example.net,QA,2023-04-20,Basic,3801.91
9712,Ryan Johns,marshalljeanne@example.com,PH,2021-04-08,Basic,3236.48
9713,Kevin Green,justinbrown@example.org,AG,2022-01-19,Premium,4993.04
9714,Helen Liu,maydavid@example.net,TG,2024-12-09,Premium,3602.2
9715,Jason Francis,amandahuffman@example.com,ES,2020-11-03,Premium,1239.98
9716,Michael Harvey,xbuchanan@example.com,BN,2026-09-25,Standard,3626.6
9717,Amber Anderson,jeannelson@example.net,DM,2024-12-01,Premium,1774.47
9718,Mr. Austin Johnson,heatherbond@example.net,SN,2020-05-15,Premium,314.58
9719,Steven Simpson,sylvia96@example.com,DE,2023-09-05,Standard,1673.97
9720,Dylan Brown,helen97@example.com,NZ,2023-03-29,Basic,562.54
9721,Kevin Proctor,lewisjessica@example.net,SL,2023-03-31,Standard,3920.82
9722,Frederick Smith,garciamichael@example.net,TN,2021-10-16,Basic,207.46
9723,Robert Rhodes,christopher89@example.org,EC,2024-05-24,Premium,1865.55
9724,Kristin Ray,ronaldmorris@example.com,KW,2025-07-11,Standard,3777.33
9725,Christopher Marquez,shanelyons@example.org,LB,2021-01-03,Standard,808.76
9726,Paul Chapman,,QA,2025-09-16,Premium,3119.77
9727,Patrick Owens,cassandraclark@example.net,BO,2020-11-03,Standard,1657.63
9728,Justin Cole,taylor69@example.net,GY,2024-10-22,Premium,4377.91
9729,John Gray,peggy90@example.net,CR,2025-01-23,Basic,1516.85
9730,Matthew Rice,brendaleon@example.net,TJ,2022-02-09,Premium,3959.72
9731,Mrs. Maria Hendricks,johnparker@example.net,JM,2023-04-28,Standard,2070.12
9732,Annette Green,fwebb@example.net,EE,2022-08-27,Premium,2403.23
9733,Eugene Vincent,doughertyhaley@example.net,IT,2022-08-05,Basic,2472.77
9734,Steven Sanchez,edward64@example.com,DJ,2021-06-03,Basic,420.13
9735,Dwayne Williams,rebecca33@example.org,CF,2020-12-11,Basic,721.21
9736,Elizabeth Sanchez,lherrera@example.net,NO,2025-05-07,Standard,3013.28
9737,Matthew Evans,amanda38@example.net,KH,2023-11-02,Basic,3789.74
9738,Ann Munoz,whorton@example.net,LT,2025-08-27,Basic,304.97
9739,James Gould,juan11@example.com,FI,2022-11-11,Basic,4786.49
9740,Nicholas Nelson,blackburnpatricia@example.org,CA,2021-01-27,Basic,113.97
9741,Sarah Hansen,chase50@example.com,MZ,2022-12-14,Standard,2362.45
9742,Kristin Ellison,esparzathomas@example.net,LS,2023-05-07,Basic,812.75
9743,Jaime Hammond,justin28@example.org,TN,2024-11-04,Standard,490.14
9744,Cody Guerra DDS,norrischristopher@example.org,SA,2021-01-08,Standard,2127.13
9745,Pamela Brooks,brittanycollins@example.com,TO,2025-02-02,Premium,3957.66
9746,Theresa Carter,craigmariah@example.org,CD,2022-04-25,Standard,3150.48
9747,Timothy Rodriguez,qharris@example.net,UY,2021-06-25,Standard,3170.29
9748,Cassandra Fuller,bradleydavis@example.com,KP,2022-12-22,Standard,2774.98
9749,Lisa Carney,tricia75@example.net,IR,2020-10-09,Basic,3349.52
9750,Aaron Davidson,jamesdavid@example.net,AO,2024-12-14,Basic,4043.36
9751,Jeremiah Garcia,jessica52@example.org,BF,2023-08-08,Premium,3524.52
9752,Vanessa Rodriguez,evan69@example.com,GE,2021-07-20,Basic,2039.56
9753,Robert Mckee,fnelson@example.org,IE,2022-11-16,Basic,2792.81
9754,Richard Herrera,carlsonbryan@example.org,CU,2023-07-09,Standard,4658.52
9755,Samantha Adams,ronnienelson@example.org,BT,2023-06-25,Standard,2879.38
9756,Robert Pena,hsmith@example.org,TN,2022-09-17,Basic,4473.36
9757,Brett Rodriguez,ddavis@example.org,NI,2020-03-03,Premium,1703.9
9758,Courtney Baker,danielphelps@example.org,GN,2024-11-07,Basic,1379.97
9759,Meghan Chan,olsonvanessa@example.net,KW,2024-03-25,Standard,4037.54
9760,Mike Wilson,diazshelley@example.org,ER,2022-05-02,Premium,642.17
9761,Michael Shelton,nancy83@example.org,AR,2020-03-10,Basic,760.36
9762,Candace Velasquez,gutierrezbrittany@example.org,ID,2022-08-14,Basic,3429.66
9763,Patrick Cook,fernandezmegan@example.net,DJ,2023-06-04,Premium,4239.61
9764,William Pierce,prestoncassandra@example.net,CF,2023-09-21,Standard,4973.95
9765,James Peterson,wilkinsonmichael@example.org,ID,2020-09-03,Premium,3515.26
9766,Craig Oneal,flemingchristina@example.com,DE,2026-09-25,Standard,4456.85
9767,Jennifer Dunn,barrynicole@example.net,RU,2023-05-30,Premium,1821.18
9768,Ryan Lang MD,campbelladam@example.org,FI,2024-11-09,Premium,2424.96
9769,Sharon Bailey,toddcarrillo@example.com,TL,2024-08-06,Standard,3445.55
9770,Michael Ortiz,wferguson@example.com,PS,2025-02-13,Premium,1212.64
9771,Gary Kennedy,chavezjason@example.net,AG,2022-09-04,Basic,2735.31
9772,Andrew Robertson,hicksvanessa@example.com,TD,2020-11-30,Basic,4056.77
9773,Mary Powell,carla96@example.org,BW,2024-09-30,Premium,2164.12
9774,Katherine Wilson,hcarlson@example.net,KH,2025-09-19,Premium,2112.87
9775,Ashley Kim,clarkenathan@example.com,BH,2021-01-25,Basic,3273.33
9776,Felicia Gomez,evansstephen@example.net,KZ,2021-12-30,Premium,2621.87
9777,Brian Woods,williamwinters@example.org,ML,2020-08-15,Standard,1705.5
9778,Laura Mejia,adkinsjonathan@example.net,CD,2023-03-28,Basic,373.48
9779,Linda Lynch,brianagregory@example.org,LB,2025-10-15,Standard,137.62
9780,Tonya Baldwin,bradybetty@example.org,OM,2023-05-11,Premium,3011.18
9781,A,not-an-email,FR,2021-03-25,Basic,2904.76
9782,Raymond Norris,richard54@example.net,SM,2023-03-20,Premium,1563.7
9783,Carl Downs,xrobinson@example.com,GB,2022-07-18,Basic,1326.07
9784,Alexandria May,andrea91@example.com,TH,2023-08-21,Premium,1537.26
9785,Melody Brown,preed@example.org,BS,2025-02-02,Standard,4993.34
9786,Tina Gonzalez,craigmarshall@example.net,GR,2022-08-07,Basic,4339.4
9787,Mary Morales,cindysnyder@example.net,BF,2020-04-15,Basic,4321.66
9788,Miguel Herman,carrollmatthew@example.net,BF,2021-10-19,Basic,2231.05
9789,Lawrence Diaz,heidi97@example.com,BA,2021-06-05,Standard,2111.26
9790,William Moreno,randallrodriguez@example.com,SG,2025-08-11,Standard,3966.97
9791,David Rogers,alexanderbarrera@example.org,HN,2022-01-30,Standard,892.96
9792,Amy Ramirez,jameshenson@example.org,SG,2021-10-03,Standard,1642.26
9793,Julie Lewis,dianascott@example.org,PA,2020-05-07,Standard,2501.14
9794,Benjamin Stephens,adriana58@example.com,CF,2021-05-30,Standard,1765.59
9795,Erin Coffey,jasonfloyd@example.com,IT,2021-01-22,Premium,2898.93
9796,Tiffany Brown,jenniferkane@example.net,RW,2022-09-09,Standard,3863.23
9797,David Daniels,williamsontanner@example.org,KG,2021-09-14,Premium,1042.21
9798,Anne Paul,zsmith@example.org,SN,2024-08-25,Basic,4045.8
9799,Tina Wang,vwagner@example.net,MC,2020-05-26,Premium,2183.24
9800,William Mayo,aharmon@example.com,BS,2021-04-24,Premium,4299.48
9801,Ricky Alvarado,matthewramsey@example.com,GQ,2022-04-22,Standard,1364.63
9802,Benjamin Wilson,khartman@example.net,CL,2022-07-27,Standard,4391.84
9803,Angelica Russell,zevans@example.org,LY,2023-01-08,Premium,4286.01
9804,Mrs. Tina Lewis,shelley47@example.com,KN,2020-07-01,Premium,3875.08
9805,Jennifer Carpenter,robinsonsarah@example.net,TJ,2020-10-31,Standard,3532.93
9806,George Lee,matthew59@example.com,TL,2023-09-22,Premium,631.15
9807,Mary Stephens,cburke@example.com,EG,2021-11-13,Basic,1736.61
9808,Eric Bowers,jacksonjeffrey@example.com,AU,2021-01-26,Basic,1800.42
9809,Theodore Johnson,not-an-email,TO,2024-03-29,Premium,144.86
9810,Leah Huff,bgrant@example.com,LA,2023-03-25,Basic,2184.93
9811,Angela Reynolds,shawkins@example.org,BT,2020-09-08,Premium,680.23
9812,Kristie Nguyen,rasmussencynthia@example.net,GB,2022-03-09,Premium,1541.15
9813,Heather Lopez,andrew17@example.net,LT,2021-08-17,Standard,2198.09
9814,Leonard Welch,beth21@example.com,MX,2023-02-09,Standard,3500.35
9815,Jonathan Cooper,kempstephanie@example.com,NE,2020-11-27,Standard,1622.02
9816,Thomas Johnson,nanderson@example.org,MA,2025-01-03,Premium,3842.66
9817,Richard Ryan,laurie72@example.net,SN,2024-07-21,Basic,429.93
9818,Luis Garcia,rogersamanda@example.com,BF,2020-12-09,Premium,607.92
9819,Kimberly Roberts,tvelasquez@example.com,AR,2023-10-30,Premium,1476.56
9820,Michael Cruz,charleskennedy@example.com,PG,2023-08-25,Premium,552.27
9821,Bradley Webb,not-an-email,CL,2024-12-04,Basic,4094.9
9822,Mr. Russell Torres MD,alvaradomartha@example.com,AZ,2023-10-25,Standard,2713.7
9823,Nicholas Dixon,tiffanysanchez@example.net,BO,2021-04-26,Basic,3233.15
9824,Dawn Atkins,wilsonrebecca@example.org,IT,2020-08-22,Premium,129.98
9825,Dustin Shea,lnelson@example.net,GM,2025-11-30,Basic,173.57
9826,Bruce Perez,andrew04@example.net,TJ,2021-12-17,Standard,2985.17
9827,Derrick Mason,carrrenee@example.com,HT,2023-02-14,Standard,2457.88
9828,Kathryn Thompson,katherinejohnson@example.net,YE,2022-09-12,Standard,4959.02
9829,Sherry Evans,jessica14@example.com,EG,2023-09-05,Premium,1059.83
9830,Stacey Bond,scotttammy@example.org,BH,2025-10-09,Premium,947.16
9831,Cole Boyd,prangel@example.net,FM,2021-08-13,Basic,4424.14
9832,Valerie Alexander,christopher65@example.com,CG,2024-04-22,Standard,2276.03
9833,Chelsea Nguyen,angel60@example.org,LU,2021-07-07,Premium,4661.83
9834,Justin Arias,imassey@example.com,VU,2025-12-13,Standard,2285.97
9835,Adam Hanson,miguelchavez@example.net,OM,2022-12-18,Basic,2101.89
9836,Christine Green,melissawallace@example.net,ZM,2025-05-20,Standard,4278.43
9837,Samuel Smith,garciastephanie@example.com,ES,2021-06-15,Basic,4078.75
9838,Kyle Cooper,annahall@example.net,FJ,2024-03-13,Premium,821.65
9839,Jerry Barton,juliajoseph@example.com,BB,2025-09-07,Premium,4605.66
9840,Jamie Ramos,paul62@example.com,CA,2021-07-12,Premium,1099.07
9841,Douglas Rodriguez,randysanchez@example.org,GR,2021-03-24,Standard,1221.16
9842,Kimberly Williams,lvance@example.org,HN,2025-05-13,Standard,1776.54
9843,Sandra Green,bobjames@example.net,LR,2022-02-04,Standard,1794.02
9844,Christina Carrillo,kevin65@example.net,TM,2020-03-17,Basic,3674.53
9845,Connie Crawford,cynthiaflores@example.net,SI,2025-10-23,Basic,335.66
9846,Matthew Buckley,rdeleon@example.net,SC,2022-02-08,Basic,1816.74
9847,Brian Stevenson,natalienixon@example.org,KN,2022-01-12,Basic,927.14
9848,Scott Jones,hayley88@example.com,MK,2025-07-14,Standard,4745.14
9849,Michael Johnson,crystalchavez@example.com,SV,2022-12-16,Premium,1617.84
9850,Kimberly Wilkinson,osbornebryan@example.org,BN,2024-08-23,Premium,3391.57
9851,Sarah Cox,sarah93@example.net,BD,2023-03-21,Basic,3780.77
9852,Jeffrey Jones,huntertimothy@example.com,TZ,2023-03-17,Basic,1689.06
9853,Kristina Porter,rick47@example.net,DZ,2024-12-31,Standard,1873.94
9854,Oscar Pierce,johnsonjason@example.org,NL,2025-01-27,Standard,331.03
9855,Susan Garcia,mooredwayne@example.com,TL,2021-04-15,Basic,4728.41
9856,Kara Woodard,heatheralexander@example.org,BG,2020-12-03,Standard,1596.97
9857,Sara Miller,garymann@example.org,CZ,2024-07-23,Standard,1497.51
9858,Kimberly Cordova,jeffreysmall@example.org,JO,2020-06-27,Standard,1758.84
9859,Sergio Thomas,likatherine@example.org,RO,2022-08-04,Premium,4362.36
9860,Luis Campbell,teresa38@example.org,GN,2021-09-03,Premium,645.88
9861,John Williams,umartin@example.net,AM,2025-04-23,Premium,855.4
9862,Linda Carpenter,ismith@example.com,ZW,2024-02-03,Basic,4925.15
9863,Elizabeth Poole,srush@example.org,AM,2021-11-15,Standard,3871.78
9864,Norman Grant,enielsen@example.net,SB,2020-03-22,Basic,3850.21
9865,Barbara Campbell MD,laura83@example.net,SE,2023-04-09,Basic,4888.04
9866,James Lee,ewinters@example.com,GM,2025-07-09,Basic,4706.42
9867,Joshua Anderson,mary31@example.net,EE,2020-04-18,Basic,4096.43
9868,Shannon Gonzalez,johngray@example.org,PE,2024-01-19,Premium,2308.68
9869,Katherine Nixon,erikmata@example.org,LR,2023-05-31,Standard,3844.37
9870,Robert Nicholson,mbrennan@example.net,VE,2021-08-14,Premium,3356.04
9871,Keith Burke,zkane@example.org,FJ,2024-03-04,Basic,3243.43
9872,Virginia Edwards,lisa96@example.com,FM,2020-01-08,Basic,915.15
9873,Robin Collins,vancemelanie@example.com,MR,2023-07-11,Premium,250.45
9874,Donna Dixon,jtorres@example.org,ZA,2024-06-26,Basic,2740.59
9875,Kathy Goodwin,nguyenbrett@example.com,CH,2020-02-12,Basic,931.61
9876,Cindy Griffith,debra26@example.com,GD,2021-10-05,Premium,4498.92
9877,Michele Hudson,christopher95@example.com,CU,2023-11-09,Standard,3599.66
9878,Kristina Gray,fitzgeraldmark@example.com,BD,2025-11-30,Basic,2760.22
9879,Bobby Butler,vellis@example.org,UG,2021-12-11,Premium,3073.03
9880,Shawn Campos,torreschristopher@example.com,RW,2022-12-24,Standard,4815.35
9881,Jacqueline Underwood,nguyenmichele@example.net,DE,2025-07-28,Premium,1349.16
9882,George Edwards,lindawhite@example.net,GQ,2025-01-20,Basic,3213.17
9883,Lisa Johnson,nicholasreynolds@example.net,MW,2020-09-05,Premium,1994.4
9884,Jeffrey Williams,nicholasreed@example.net,MY,2021-06-27,Premium,1692.5
9885,Ashley Roberson,rodriguezdeanna@example.com,BE,2022-03-21,Basic,2564.9
9886,Steven Nunez,cordovarobert@example.org,HR,2024-09-17,Premium,1407.15
9887,Leslie Johnson,qkelly@example.com,MD,2024-06-29,Premium,1722.02
9888,Richard Jones,,ST,2024-03-03,Premium,4417.37
9889,David Curtis,tinapalmer@example.com,ID,2024-06-03,Premium,275.24
9890,Sherri Johnson,randall41@example.net,CV,2025-12-14,Basic,3960.41
9891,Daniel Murphy,joseph39@example.org,PW,2023-11-18,Basic,608.8
9892,Rebecca Johnson,rsharp@example.com,ST,2025-04-19,Premium,3604.26
9893,Anthony Davis MD,sophia99@example.com,GA,2022-10-13,Standard,2258.65
9894,Mike Lawson,iberger@example.org,TN,2020-11-19,Basic,1504.37
9895,Mr. Shawn Webb,pamelapace@example.com,GE,2021-02-04,Premium,4228.54
9896,Phillip Barnes,amanda99@example.org,DZ,2021-09-10,Standard,4945.6
9897,Karen Garza,scottwest@example.net,DE,2020-05-03,Standard,1345.1
9898,Jonathan Richardson,jameslaura@example.com,BG,2022-12-13,Basic,4782.01
9899,Edward Nelson,richard11@example.com,PL,2021-09-29,Standard,1383.25
9900,Anthony Casey,rebeccaarmstrong@example.net,BW,2020-07-14,Premium,4146.67
9901,Amanda Moran,rachelrosales@example.com,QA,2021-04-09,Premium,4115.3
9902,Timothy Edwards,amanda15@example.org,VC,2022-01-06,Standard,3473.33
9903,Shane Rodriguez,igreene@example.com,BY,2020-11-02,Standard,3053.56
9904,Antonio Cline,joseph12@example.com,SZ,2025-02-16,Premium,2306.65
9905,Steven Watts,morganreginald@example.org,IQ,2023-04-14,Basic,625.05
9906,Michael Parker,jenniferhiggins@example.com,NA,2021-04-09,Basic,3462.58
9907,Bethany Mueller,whiteheaddavid@example.net,KN,2021-03-20,Basic,3380.64
9908,Jimmy Johnson,umendoza@example.org,VU,2023-07-08,Premium,3253.88
9909,Daniel Davidson,mdiaz@example.org,TZ,2022-10-25,Premium,820.71
9910,William Oconnor,matthew96@example.net,TT,2021-10-30,Standard,4805.69
9911,Courtney Austin,bcross@example.net,CH,2025-03-03,Basic,3339.25
9912,Roger White,ihanson@example.com,GY,2022-11-15,Basic,3703.17
9913,Chelsea Schultz,rlawson@example.com,BH,2021-03-25,Basic,2882.7
9914,Jose Barnes,robin89@example.net,TW,2022-09-08,Standard,4942.04
9915,Garrett Sanders,jschneider@example.org,SK,2020-09-08,Basic,2621.01
9916,Susan Higgins,bhoffman@example.org,BJ,2023-05-28,Premium,4435.52
9917,Travis Sanders,christinerodgers@example.net,NO,2020-04-12,Basic,3034.37
9918,Sarah Schroeder,ryan98@example.net,MY,2024-06-29,Standard,4966.72
9919,Christina Anderson,rford@example.org,LS,2025-02-23,Standard,2458.08
9920,Wendy Stephens,karenfrost@example.com,AD,2022-03-18,Basic,750.94
9921,Kristen Harvey,justin47@example.net,CN,2021-03-31,Standard,612.81
9922,Abigail Jackson,hboyd@example.org,CV,2023-03-10,Standard,3437.02
9923,Joshua Castro,jeffery39@example.net,MD,2023-12-21,Standard,1946.53
9924,Sarah Wood,wwall@example.org,US,2025-07-08,Premium,4070.1
9925,Emma Long,brianrice@example.org,AZ,2022-01-25,Basic,4933.83
9926,Veronica Johnson,hnelson@example.org,NR,2020-03-21,Basic,3763.73
9927,Robert Davis,charlesfox@example.com,TL,2023-11-30,Standard,3581.32
9928,Rebekah Jennings,lindsey47@example.com,MU,2023-10-05,Premium,1412.22
9929,Christopher Murillo,fmitchell@example.com,HN,2025-09-12,Premium,4175.04
9930,Mark Dixon,jonathanhiggins@example.com,KI,2025-07-06,Basic,1209.28
9931,Steven Welch,diazadam@example.org,DO,2024-09-08,Standard,897.4
9932,Linda Noble,rodrigueztravis@example.com,CV,2023-07-19,Premium,1267.51
9933,Jonathan Harrison,hillemily@example.net,HT,2020-06-27,Premium,839.64
9934,Chad Good,erinnguyen@example.org,CY,2024-06-12,Premium,4928.12
9935,Anna Vega,catherine39@example.org,US,2020-03-16,Basic,2793.56
9936,Timothy Nicholson,andersonjoseph@example.org,BZ,2020-04-24,Premium,2020.3
9937,Scott Green DDS,framsey@example.net,ME,2024-11-17,Premium,4724.14
9938,Holly Duran,patelmary@example.com,SE,2023-10-08,Basic,1129.44
9939,Deborah Young,brandivargas@example.net,SE,2020-07-06,Premium,2633.7
9940,Laura Schwartz,larsondebra@example.org,RO,2023-04-15,Basic,4628.35
9941,Alan Krueger,cassie97@example.com,AG,2025-12-18,Basic,2932.56
9942,Devin Sampson,tiffany82@example.org,PT,2024-09-03,Premium,922.14
9943,Rickey Wilson,michael56@example.net,KN,2024-01-19,Premium,319.43
9944,Maureen Moore,joshuafisher@example.org,SK,2021-11-10,Premium,173.02
9945,Roger Thomas,frederick92@example.com,CR,2024-06-24,Premium,961.07
9946,Tammy Smith,elizabethbailey@example.net,JP,2024-03-01,Premium,179.76
9947,Laura Lopez,clin@example.com,SA,2021-05-25,Basic,2657.91
9948,Brian Daugherty,mbarry@example.org,PL,2020-10-22,Standard,2226.46
9949,Terri Mccormick,laura30@example.com,AG,2023-02-11,Premium,322.02
9950,Kristen Brooks,edward57@example.org,IR,2022-08-15,Premium,2588.82
9951,Jacob Meza,bbutler@example.org,TW,2024-09-14,Basic,3024.65
9952,Dawn Austin,wilcoxrobert@example.com,TL,2024-03-18,Basic,4605.8
9953,Nathan Smith,chad51@example.net,BD,2020-10-26,Basic,2456.15
9954,Ashley Alexander,,CF,2024-07-23,Standard,696.34
9955,Sandra Newman,kgray@example.com,VA,2020-11-30,Basic,509.7
9956,Angela Austin,kallen@example.org,MW,2020-04-19,Standard,1027.82
9957,Colin Warren,benjaminchavez@example.org,ZM,2024-08-18,Standard,4004.61
9958,Sherry Martinez,jgoodman@example.net,PE,2023-10-03,Standard,402.39
9959,Danielle Robbins,jerrycoleman@example.net,LU,2023-03-01,Basic,1252.64
9960,Richard Miller,jjohnson@example.org,GM,2023-03-15,Basic,1517.88
9961,Ricky Sharp,cwilliams@example.net,VE,2025-04-16,Standard,3284.39
9962,Derek Brown,fullerkathryn@example.net,RO,2022-01-31,Basic,4722.69
9963,Stephen Gibbs,aguirremike@example.org,TR,2024-04-24,Basic,2600.64
9964,Penny Moss,stodd@example.org,AG,2022-04-24,Premium,3952.23
9965,Janet Young,richardclark@example.com,ER,2022-08-31,Standard,2163.59
9966,Brenda Hernandez,michelle95@example.org,MR,2021-07-27,Basic,3243.42
9967,Andrew Bryan,anthony75@example.org,WS,2021-06-10,Premium,1642.82
9968,Jennifer Wood,joanna31@example.org,GR,2022-05-15,Standard,4345.14
9969,Lisa Nielsen,dmendoza@example.net,YE,2023-11-02,Basic,1650.32
9970,Angela Hodges,stephanieromero@example.org,EC,2025-02-20,Basic,3971.52
9971,Cynthia Smith,hughesglenn@example.org,LB,2020-03-22,Premium,117.88
9972,Jeffrey Taylor,tburns@example.net,LY,2020-03-06,Basic,3888.16
9973,Christina Walters,jpowers@example.net,NR,2022-10-11,Premium,2339.52
9974,Emily George,robinmorgan@example.net,BW,2022-11-19,Standard,4588.4
9975,Jeremy Wright,bsullivan@example.org,MN,2023-09-24,Premium,1913.29
9976,Katherine Mitchell,qbriggs@example.org,MG,2023-07-31,Standard,4722.95
9977,James Johnson,twilliams@example.net,UG,2021-04-05,Basic,2982.8
9978,Billy Richardson,kimberly68@example.com,FI,2023-06-14,Standard,4187.05
9979,Tracy Park,leslie18@example.net,SV,2025-09-20,Standard,195.77
9980,Ryan Mitchell,jennifercummings@example.com,MN,2025-11-10,Basic,325.78
9981,Daniel Tate,penningtoncheryl@example.net,ST,2021-12-10,Standard,4864.98
9982,Jamie Gibson,wperez@example.com,TW,2023-01-31,Basic,2010.68
9983,Mary Duke,cantubrenda@example.com,DK,2025-11-19,Standard,550.93
9984,Carlos Nixon,cooleymckenzie@example.org,LS,2021-01-12,Premium,4534.44
9985,Adam Macias,,TW,2021-06-13,Standard,4589.09
9986,Robert Martinez,luisgray@example.com,PG,2020-07-13,Standard,4350.77
9987,Heather Garcia,cherylespinoza@example.org,BD,2025-02-28,Basic,542.45
9988,James Potts,bethgarza@example.com,PY,2020-06-03,Premium,4935.23
9989,Karen Vega,cgarcia@example.com,ML,2022-11-05,Premium,4058.04
9990,Melissa Moore,smithlaurie@example.com,UY,2020-09-04,Basic,1687.26
9991,Angela Mcpherson,robertharrell@example.org,NE,2020-03-18,Standard,3109.18
9992,Adam Jackson,millerjacqueline@example.com,MM,2022-04-25,Basic,1417.44
9993,Kathy Schmidt,josephellis@example.org,BG,2020-09-05,Basic,2400.23
9994,Jennifer Smith,bradyamanda@example.net,PY,2020-08-19,Basic,3114.36
9995,Brian Roberson,michael19@example.com,BI,2021-05-05,Standard,3887.73
9996,Natalie Martin,roberthays@example.com,BB,2021-05-01,Premium,2206.49
9997,Barbara Walters,briggshannah@example.com,TN,2023-08-12,Basic,1091.28
9998,Nathaniel Johnson,scott88@example.com,RW,2025-07-15,Basic,790.05
9999,Heather Thompson,ramirezjennifer@example.net,CM,2020-09-16,Basic,3655.52
10000,Joshua Walker,grivera@example.net,MN,2021-11-22,Basic,3146.97
,Donald Walker,rhodespatricia@example.org,UA,2023-11-01,Basic,645.52
,Daniel Wagner,hoffmanjennifer@example.net,ST,2022-07-13,Basic,1447.64
,Donald Booth,helenpeterson@example.org,GM,2022-07-08,Premium,783.74
,Brandon Davis,cassandra07@example.net,CM,2025-09-28,Premium,3415.83
,Juan Calderon,barbara10@example.net,GT,2025-11-02,Basic,526.0
9103,Alyssa Lee,bowerssamuel@example.org,CR,2024-11-18,Premium,1379.38
7869,Dennis Moore,rodriguezroberto@example.com,JM,2024-09-08,Premium,3606.29
4177,Mrs. Regina Nelson,wesley23@example.net,AL,2023-03-08,Premium,4177.92
4162,Lisa Owens,williamschad@example.net,SV,2022-04-25,Basic,3159.36
8771,Gina Snyder,markbrown@example.com,CG,2024-03-05,Standard,2389.83
8920,James Lee,zhill@example.org,DO,2021-05-22,Premium,1870.48
3885,Kyle Clark,thomasgarcia@example.com,IR,2025-05-30,Standard,4729.31
1591,Joseph Adams,turnerlisa@example.com,HN,2023-01-22,Standard,487.21
618,Ms. Gloria Benson,elainemiller@example.net,TO,2022-08-02,Premium,745.84
1563,Chelsea Norris,forbesbradley@example.net,NZ,2024-01-10,Basic,512.82
